event_id,time,magnitude,depth,latitude,longitude,tsunami
usp0009kkb,2000-01-01 05:58:19.780000+00:00,6.0,10.0,-60.722,153.67,0
usp0009ks4,2000-01-05 07:40:40.730000+00:00,6.1,33.0,-11.371,165.378,0
usp0009ktq,2000-01-06 10:42:25+00:00,6.1,1.0,58.04,-136.87,0
usp0009kub,2000-01-06 21:31:06.220000+00:00,6.2,33.0,16.095,119.484,0
usp0009kvr,2000-01-08 01:19:46.660000+00:00,6.4,33.0,-9.805,159.811,0
usp0009kwj,2000-01-08 11:59:21.840000+00:00,6.4,36.0,-23.169,-70.122,0
usp0009kx3,2000-01-08 16:47:20.580000+00:00,7.2,183.4,-16.925,-174.248,0
usp0009kz2,2000-01-09 21:54:40.490000+00:00,6.5,33.0,-18.823,174.37,0
usp0009m3d,2000-01-13 20:07:14.440000+00:00,6.2,535.0,-17.61,-178.742,0
usp0009m5w,2000-01-15 12:49:45.070000+00:00,6.0,632.8,-21.216,-179.255,0
usp0009mbv,2000-01-19 07:09:33.580000+00:00,6.0,206.9,36.372,70.379,0
usp0009mdh,2000-01-20 09:41:47.340000+00:00,6.1,10.0,43.649,-127.257,0
usp0009mps,2000-01-26 13:26:50+00:00,6.3,33.0,-17.272,-174.002,0
usp0009msf,2000-01-28 14:21:07.340000+00:00,6.8,61.1,43.046,146.837,0
usp0009msm,2000-01-28 16:39:24.280000+00:00,6.0,193.9,26.076,124.496,0
usp0009n4c,2000-02-06 11:33:52.280000+00:00,6.6,33.0,-5.844,150.876,0
usp0009nd9,2000-02-13 02:57:08.720000+00:00,6.0,513.6,42.853,131.572,0
usp0009nxg,2000-02-25 01:43:58.640000+00:00,7.1,33.0,-19.528,173.818,0
usp0009nzp,2000-02-26 08:11:48.440000+00:00,6.2,132.2,13.795,144.782,0
usp0009p0a,2000-02-26 18:24:39.220000+00:00,6.1,65.0,9.406,-78.532,0
usp0009p2v,2000-02-28 22:15:20.120000+00:00,6.0,538.0,-17.588,-178.984,0
usp0009p3a,2000-02-29 04:35:04.200000+00:00,6.0,10.0,-50.066,-114.201,0
usp0009p4d,2000-02-29 22:44:58.030000+00:00,6.0,33.0,-18.158,169.014,0
usp0009p7z,2000-03-03 22:09:13.790000+00:00,6.4,141.9,-7.321,128.491,0
usp0009p81,2000-03-03 22:22:40.740000+00:00,6.6,10.0,-6.817,143.807,0
usp0009p87,2000-03-04 02:24:22.430000+00:00,6.4,10.0,-60.167,149.868,0
usp0009pb6,2000-03-05 23:57:03.170000+00:00,6.1,10.0,-62.902,145.637,0
usp0009pmv,2000-03-12 22:21:30.470000+00:00,6.3,62.0,14.975,-92.444,0
usp0009qb4,2000-03-28 11:00:22.510000+00:00,7.6,126.5,22.338,143.73,0
usp0009qs2,2000-04-03 15:20:01.980000+00:00,6.2,150.0,4.082,125.61,0
usp0009qyy,2000-04-07 19:08:27.830000+00:00,6.3,10.0,-18.045,65.517,0
usp0009rgg,2000-04-18 17:28:12.390000+00:00,6.0,220.7,-20.664,-176.469,0
usp0009rmu,2000-04-21 04:35:17.690000+00:00,6.0,33.0,51.422,-178.137,0
usp0009rrc,2000-04-23 09:27:23.320000+00:00,7.0,608.5,-28.307,-62.99,0
usp0009rrz,2000-04-23 17:01:17.470000+00:00,6.1,609.8,-28.384,-62.943,0
usp0009s7z,2000-05-02 15:03:36.800000+00:00,6.0,55.0,17.439,147.516,0
usp0009sbh,2000-05-04 04:21:16.210000+00:00,7.6,26.0,-1.105,123.573,1
usp0009sd5,2000-05-04 20:36:32.480000+00:00,6.5,515.8,-17.914,-178.522,0
usp0009sg6,2000-05-06 13:44:13.880000+00:00,6.3,12.0,-11.295,165.432,0
usp0009smd,2000-05-08 10:28:25.220000+00:00,6.1,502.0,-4.457,150.004,0
usp0009suu,2000-05-12 18:43:18.120000+00:00,7.2,225.0,-23.548,-66.452,0
usp0009sv4,2000-05-12 23:10:29.980000+00:00,6.3,107.7,35.975,70.657,0
usp0009syq,2000-05-14 20:08:34.350000+00:00,6.3,33.0,-4.296,123.164,0
usp0009t9n,2000-05-21 19:58:47.410000+00:00,6.0,10.0,71.19,-8.263,0
usp0009tg0,2000-05-26 00:30:04.870000+00:00,6.0,33.0,11.359,139.245,0
usp0009ttw,2000-06-02 11:13:49.380000+00:00,6.2,10.0,44.513,-130.081,0
usp0009tvj,2000-06-03 08:54:49.200000+00:00,6.2,62.3,35.552,140.464,0
usp0009txv,2000-06-04 16:28:26.170000+00:00,7.9,33.0,-4.721,102.087,0
usp0009txx,2000-06-04 16:39:45.600000+00:00,6.7,33.0,-4.646,102.102,0
usp0009ty9,2000-06-04 17:52:15.990000+00:00,6.0,33.0,28.723,65.383,0
usp0009u3d,2000-06-06 02:41:49.800000+00:00,6.0,10.0,40.693,32.992,0
usp0009u42,2000-06-06 09:58:06.770000+00:00,6.2,33.0,-5.093,102.699,0
usp0009u4g,2000-06-06 14:57:02.220000+00:00,6.4,33.0,29.424,131.421,0
usp0009u6j,2000-06-07 21:46:55.900000+00:00,6.3,33.0,26.856,97.238,0
usp0009u6r,2000-06-07 23:45:26.680000+00:00,6.7,33.0,-4.612,101.905,0
usp0009u98,2000-06-09 01:27:15.160000+00:00,6.3,33.0,-5.071,152.495,0
usp0009ua2,2000-06-09 08:00:24.150000+00:00,6.0,33.0,-5.549,102.679,0
usp0009ua5,2000-06-09 08:41:59.740000+00:00,6.1,33.0,-11.301,162.062,0
usp0009ub9,2000-06-09 23:31:45.290000+00:00,6.3,485.3,30.491,137.73,0
usp0009ucq,2000-06-10 18:23:29.320000+00:00,6.4,33.0,23.843,121.225,0
usp0009ue0,2000-06-11 11:55:12.340000+00:00,6.6,10.0,-50.579,139.55,0
usp0009uhx,2000-06-14 02:15:25.840000+00:00,6.4,604.6,-25.516,178.046,0
usp0009uju,2000-06-14 17:00:48.400000+00:00,6.3,89.5,4.542,127.722,0
usp0009ukt,2000-06-14 23:01:14.550000+00:00,6.0,33.0,-17.902,176.212,0
usp0009un5,2000-06-15 11:10:46.210000+00:00,6.1,10.0,29.368,132.082,0
usp0009upm,2000-06-16 07:55:35.390000+00:00,6.4,120.2,-33.877,-70.088,0
usp0009urh,2000-06-17 15:40:41.730000+00:00,6.5,10.0,63.966,-20.487,0
usp0009ut0,2000-06-18 14:44:13.310000+00:00,7.9,10.0,-13.802,97.453,1
usp0009ux8,2000-06-21 00:51:46.880000+00:00,6.5,10.0,63.98,-20.758,0
usp0009v37,2000-06-25 06:34:42.880000+00:00,6.0,10.0,31.183,131.206,0
usp0009vhb,2000-07-01 07:01:55.580000+00:00,6.1,10.0,34.221,139.131,1
ak0008v7ic1n,2000-07-11 01:32:28.758000+00:00,6.5,42.9,57.3546,-154.198,0
usp0009whz,2000-07-15 01:30:30.500000+00:00,6.1,10.0,34.319,139.26,1
usp0009wkm,2000-07-16 03:21:45.530000+00:00,6.4,33.0,20.253,122.043,0
usp0009wkp,2000-07-16 03:57:45.560000+00:00,6.6,10.0,-7.747,150.917,0
usp0009wmd,2000-07-16 17:25:23.070000+00:00,6.1,33.0,-12.404,166.509,0
usp0009wpm,2000-07-17 22:53:47.300000+00:00,6.3,141.4,36.283,70.924,0
usp0009wvy,2000-07-20 18:39:18.820000+00:00,6.0,47.1,36.51,140.983,0
usp0009wwb,2000-07-21 01:53:35.810000+00:00,6.4,33.0,9.416,-85.329,0
usp0009xf4,2000-07-30 12:25:45.570000+00:00,6.5,10.0,33.901,139.376,1
usp0009xhy,2000-07-31 22:44:30.420000+00:00,6.2,10.0,-16.697,174.542,0
usp0009xj0,2000-07-31 23:01:49.320000+00:00,6.2,10.0,-29.279,-176.35,0
usp0009xp4,2000-08-03 01:09:38.980000+00:00,6.6,33.0,-12.037,166.448,0
usp0009xws,2000-08-04 21:13:02.710000+00:00,6.8,10.0,48.786,142.246,0
usp0009xzy,2000-08-06 07:27:12.900000+00:00,7.4,394.8,28.856,139.556,0
usp0009y2g,2000-08-07 14:33:55.910000+00:00,6.5,648.5,-7.018,123.357,0
usp0009y52,2000-08-09 00:08:41.810000+00:00,6.3,33.0,-15.693,167.986,0
usp0009y65,2000-08-09 11:41:47.900000+00:00,6.5,45.8,18.198,-102.48,0
usp0009y76,2000-08-09 22:55:59.480000+00:00,6.4,33.0,-16.797,174.332,0
usp0009yar,2000-08-12 10:26:15.860000+00:00,6.0,33.0,-3.072,136.112,0
usp0009yf6,2000-08-14 22:11:16.110000+00:00,6.0,10.0,-9.377,153.854,0
usp0009yfk,2000-08-15 04:30:08.800000+00:00,6.6,357.7,-31.511,179.725,0
usp0009yvj,2000-08-21 09:16:25.450000+00:00,6.1,10.0,-53.02,-45.966,0
usp0009z9y,2000-08-28 15:05:47.910000+00:00,6.8,16.0,-4.11,127.394,0
usp0009za0,2000-08-28 15:38:06.390000+00:00,6.1,10.0,-3.986,127.325,0
usp0009zag,2000-08-28 19:29:24.570000+00:00,6.0,33.0,-4.163,127.311,0
usp0009zah,2000-08-28 19:29:32.330000+00:00,6.3,33.0,-4.124,127.027,0
usp0009zh2,2000-09-01 11:56:51.830000+00:00,6.0,33.0,1.438,96.591,0
usp0009zka,2000-09-02 17:02:19.550000+00:00,6.0,687.6,-20.073,-179.135,0
usp000a010,2000-09-10 19:06:15.630000+00:00,6.1,33.0,-1.112,129.332,0
usp000a039,2000-09-11 17:17:53.400000+00:00,6.3,115.4,-15.877,-173.691,0
usp000a03h,2000-09-12 00:27:58.620000+00:00,6.1,10.0,35.389,99.343,0
usp000a054,2000-09-12 16:27:24.580000+00:00,6.0,33.0,-5.435,101.823,0
usp000a08h,2000-09-14 14:59:57.670000+00:00,6.2,33.0,-15.742,179.801,0
usp000a0p3,2000-09-22 18:22:03.150000+00:00,6.2,33.0,-4.964,102.104,0
usp000a0ty,2000-09-26 06:17:52.410000+00:00,6.4,56.0,-17.178,-173.927,0
usp000a0z2,2000-09-28 23:23:43.350000+00:00,6.4,22.9,-0.215,-80.582,0
usp000a14k,2000-10-02 02:25:31.310000+00:00,6.5,34.0,-7.977,30.709,0
usp000a166,2000-10-03 04:13:30.490000+00:00,6.3,33.0,40.282,143.124,0
usp000a18p,2000-10-04 14:37:44.150000+00:00,6.2,110.3,11.124,-62.559,0
usp000a18v,2000-10-04 16:58:44.310000+00:00,7.0,23.0,-15.421,166.91,0
usp000a1a8,2000-10-05 13:39:11.670000+00:00,6.1,10.0,31.732,-40.958,0
usp000a1ag,2000-10-05 20:06:14.020000+00:00,6.1,87.3,6.853,126.822,0
usp000a1b0,2000-10-06 04:30:19.150000+00:00,6.7,10.0,35.456,133.134,0
usp000a25g,2000-10-21 05:25:14.860000+00:00,6.3,291.8,-17.286,-175.176,0
usp000a25w,2000-10-21 11:35:59.130000+00:00,6.0,10.0,-47.347,-12.403,0
usp000a2cb,2000-10-25 05:26:38.890000+00:00,6.0,10.0,-34.605,-109.648,0
usp000a2ck,2000-10-25 09:32:23.970000+00:00,6.8,38.0,-6.549,105.63,0
usp000a2df,2000-10-25 19:00:17.490000+00:00,6.1,10.0,-34.678,-109.458,0
usp000a2g0,2000-10-27 04:21:51.600000+00:00,6.1,388.0,26.266,140.46,0
usp000a2mw,2000-10-29 08:37:08.770000+00:00,7.0,50.0,-4.766,153.945,0
usp000a2qh,2000-10-30 12:01:30.760000+00:00,6.0,33.0,-9.708,119.075,0
usp000a2ss,2000-10-31 18:43:20.920000+00:00,6.2,33.0,-17.867,-175.312,0
usp000a2tr,2000-11-01 10:35:55.030000+00:00,6.1,24.5,-45.07,167.009,0
usp000a345,2000-11-07 00:18:04.910000+00:00,6.8,10.0,-55.627,-29.876,0
usp000a34b,2000-11-07 01:01:49.260000+00:00,6.0,33.0,-5.538,151.592,0
usp000a34m,2000-11-07 07:50:09.670000+00:00,6.2,90.5,-5.432,154.016,0
usp000a373,2000-11-08 06:59:58.860000+00:00,6.5,17.0,7.042,-77.829,0
usp000a3j6,2000-11-13 15:57:21.610000+00:00,6.0,33.0,42.489,144.765,0
usp000a3qq,2000-11-16 04:54:56.740000+00:00,8.0,33.0,-3.98,152.169,1
usp000a3qx,2000-11-16 05:21:22.410000+00:00,6.0,33.0,-5.069,153.238,0
usp000a3sp,2000-11-16 07:42:16.930000+00:00,7.8,30.0,-5.233,153.102,0
usp000a3sq,2000-11-16 07:45:32.940000+00:00,6.5,33.0,-4.827,153.226,0
usp000a3ux,2000-11-16 11:05:41.640000+00:00,6.2,33.0,-5.29,152.968,0
usp000a45f,2000-11-17 21:01:56.490000+00:00,7.8,33.0,-5.496,151.781,0
usp000a470,2000-11-18 02:05:48.810000+00:00,6.6,33.0,-5.097,153.181,0
usp000a48b,2000-11-18 06:54:58.350000+00:00,6.8,33.0,-5.228,151.771,0
usp000a4b1,2000-11-18 23:05:39.780000+00:00,6.1,33.0,-5.384,153.452,0
usp000a4bn,2000-11-19 02:45:27.570000+00:00,6.0,57.8,-5.133,151.655,0
usp000a4c1,2000-11-19 05:35:19.300000+00:00,6.1,33.0,-5.588,151.867,0
usp000a4km,2000-11-21 17:33:34.450000+00:00,6.2,33.0,-5.486,152.153,0
usp000a4m8,2000-11-21 21:21:05.260000+00:00,6.1,33.0,-5.43,152.688,0
usp000a4s2,2000-11-23 18:43:15.660000+00:00,6.3,33.0,-4.585,153.058,0
usp000a4xu,2000-11-25 18:09:11.420000+00:00,6.8,50.4,40.245,49.946,0
usp000a4xv,2000-11-25 18:10:47.390000+00:00,6.5,33.0,40.167,49.954,0
usp000a563,2000-11-29 10:25:13.260000+00:00,6.3,58.2,-24.869,-70.886,0
usp000a5fv,2000-12-04 04:43:09.590000+00:00,6.1,33.0,14.876,-93.944,0
usp000a5m7,2000-12-06 17:11:06.400000+00:00,7.0,30.0,39.566,54.799,0
usp000a5mp,2000-12-06 22:57:40.040000+00:00,6.5,31.0,-4.218,152.725,0
usp000a5y0,2000-12-12 05:26:45.940000+00:00,6.1,10.0,6.015,-82.679,0
usp000a64f,2000-12-15 16:44:47.660000+00:00,6.0,10.0,38.457,31.351,0
usp000a68h,2000-12-18 01:19:21.650000+00:00,6.6,628.2,-21.178,-179.124,0
usp000a6bm,2000-12-19 13:11:47.370000+00:00,6.2,33.0,11.765,144.76,0
usp000a6e0,2000-12-20 11:23:54.100000+00:00,6.5,11.0,-39.008,-74.662,0
usp000a6ep,2000-12-20 16:49:43.300000+00:00,6.6,33.0,-9.231,154.353,0
usp000a6fj,2000-12-21 01:01:27.770000+00:00,6.4,33.0,-5.706,151.122,0
usp000a6fp,2000-12-21 02:41:23.130000+00:00,6.0,386.7,-5.354,154.133,0
usp000a6j0,2000-12-22 10:13:01.110000+00:00,6.2,140.4,44.79,147.196,0
usp000a6kn,2000-12-23 07:13:24.300000+00:00,6.0,61.7,-7.873,135.816,0
usp000a6ty,2000-12-28 04:34:28.450000+00:00,6.2,33.0,-4.05,152.307,0
usp000a70h,2001-01-01 06:57:04.170000+00:00,7.5,33.0,6.898,126.579,0
usp000a70q,2001-01-01 08:54:31.580000+00:00,6.8,33.0,6.631,126.899,0
usp000a729,2001-01-02 07:30:03.780000+00:00,6.4,33.0,6.749,126.809,0
usp000a72z,2001-01-02 23:17:41.970000+00:00,6.0,33.0,-11.16,162.44,0
usp000a7cv,2001-01-09 16:49:28+00:00,7.1,103.0,-14.928,167.17,0
ak001gswxc7,2001-01-10 16:02:42.638000+00:00,6.9,36.4,56.7744,-153.281,0
usp000a7fx,2001-01-11 00:04:03+00:00,6.0,10.0,48.89,-129.31,0
usp000a7m5,2001-01-13 17:33:32.380000+00:00,7.7,60.0,13.049,-88.66,0
usp000a7qf,2001-01-15 05:52:16.250000+00:00,6.4,10.0,-40.344,78.362,0
usp000a7sz,2001-01-16 13:25:01.080000+00:00,6.0,33.0,-3.957,101.746,0
usp000a7t0,2001-01-16 13:25:09.830000+00:00,6.9,28.0,-4.022,101.776,0
usp000a7z5,2001-01-19 01:12:52.080000+00:00,6.0,93.2,15.402,-92.718,0
usp000a7zn,2001-01-19 08:10:14.750000+00:00,6.3,50.0,-11.662,166.38,0
usp000a7zr,2001-01-19 09:04:34.560000+00:00,6.0,33.0,-58.161,-9.472,0
usp000a8ds,2001-01-26 03:16:40.500000+00:00,7.7,16.0,23.419,70.232,0
usp000a8nt,2001-01-29 23:21:25.940000+00:00,6.2,33.0,-0.677,133.334,0
usp000a8v1,2001-02-01 18:19:30.390000+00:00,6.0,33.0,51.437,-177.797,0
usp000a9jv,2001-02-13 14:22:05.820000+00:00,6.6,10.0,13.671,-88.938,0
usp000a9kc,2001-02-13 19:28:30.260000+00:00,7.4,36.0,-4.68,102.562,0
usp000a9mu,2001-02-14 14:04:25.610000+00:00,6.1,10.0,-19.494,177.33,0
usp000a9mw,2001-02-14 14:16:59.180000+00:00,6.2,10.0,-19.691,177.39,0
usp000a9qk,2001-02-16 05:59:09.480000+00:00,6.1,521.0,-7.161,117.488,0
usp000a9ts,2001-02-17 20:11:30+00:00,6.2,20.0,53.92,-133.61,0
usp000a9vw,2001-02-18 13:04:53.420000+00:00,6.0,10.0,-47.456,32.386,0
usp000aa8b,2001-02-24 07:23:48.730000+00:00,7.1,35.0,1.271,126.249,0
usp000aa95,2001-02-24 16:33:44.680000+00:00,6.2,33.0,1.555,126.431,0
usp000aaae,2001-02-25 02:21:59.590000+00:00,6.2,202.5,36.424,70.881,0
usp000aadp,2001-02-26 05:58:22.430000+00:00,6.1,392.0,46.815,144.525,0
usp000aake,2001-02-28 12:30:14.050000+00:00,6.7,10.0,-21.986,170.207,0
usp000aakj,2001-02-28 13:05:31.640000+00:00,6.3,10.0,-22.002,170.108,0
usp000aam7,2001-02-28 18:50:13.020000+00:00,6.1,65.3,13.283,-88.827,0
uw10530748,2001-02-28 18:54:32.830000+00:00,6.8,51.798,47.149,-122.7266667,0
usp000ab03,2001-03-06 09:17:36.080000+00:00,6.4,10.0,-54.588,157.271,0
usp000ab2q,2001-03-07 18:10:58.650000+00:00,6.0,10.0,-6.81,-12.911,0
usp000abdc,2001-03-14 18:56:18.880000+00:00,6.0,109.4,0.451,121.892,0
usp000abdy,2001-03-15 01:22:43.370000+00:00,6.0,33.0,8.656,94.013,0
usp000abf1,2001-03-15 13:02:42.110000+00:00,6.0,37.0,-32.321,-71.492,0
usp000abqh,2001-03-19 05:52:15.890000+00:00,6.5,33.0,-4.029,128.02,0
usp000abx1,2001-03-23 11:30:10.520000+00:00,6.0,33.0,44.071,148.054,0
usp000abyg,2001-03-24 06:27:53.580000+00:00,6.8,50.0,34.083,132.526,0
usp000acjh,2001-04-04 07:44:11.200000+00:00,6.4,33.0,-5.176,132.369,0
usp000acrz,2001-04-07 23:17:37.920000+00:00,6.2,33.0,-27.554,-176.336,0
usp000acv4,2001-04-09 09:00:57.170000+00:00,6.7,11.0,-32.668,-73.109,0
usp000ad5v,2001-04-13 15:33:53.550000+00:00,6.2,26.0,-59.723,-25.586,0
usp000ad8z,2001-04-14 23:27:26.660000+00:00,6.0,10.0,30.092,141.768,0
usp000adht,2001-04-19 03:13:25.580000+00:00,6.0,12.0,-7.455,155.893,0
usp000adkf,2001-04-19 20:58:26.140000+00:00,6.2,20.0,-7.306,155.965,0
usp000adkn,2001-04-19 21:43:42.280000+00:00,6.7,17.0,-7.41,155.865,0
usp000adzy,2001-04-26 17:48:57.470000+00:00,6.0,86.0,43.097,145.923,0
usp000ae2r,2001-04-28 04:49:53.430000+00:00,6.9,351.8,-18.064,-176.937,0
usp000ae6h,2001-04-29 21:26:54.540000+00:00,6.2,10.0,18.736,-104.545,0
usp000aehw,2001-05-07 00:33:23.800000+00:00,6.2,10.0,-56.186,-144.471,0
usp000aepq,2001-05-09 17:38:26.120000+00:00,6.3,67.9,-10.318,161.232,0
usp000af6x,2001-05-19 17:36:25.590000+00:00,6.0,368.7,-19.903,-177.515,0
usp000af7k,2001-05-20 04:21:43.820000+00:00,6.3,33.0,18.816,-104.446,0
usp000afg1,2001-05-25 00:40:50.600000+00:00,6.7,33.0,44.268,148.393,0
usp000afgk,2001-05-25 05:06:10.680000+00:00,6.3,143.1,-7.869,110.179,0
usp000afk5,2001-05-26 10:57:26.150000+00:00,6.4,406.5,-20.292,-177.842,0
usp000afp5,2001-05-28 08:37:05.110000+00:00,6.0,33.0,-6.609,132.346,0
usp000afry,2001-05-29 23:37:19.490000+00:00,6.4,14.0,-7.022,155.037,0
usp000afyg,2001-06-03 02:41:57.160000+00:00,7.2,178.1,-29.666,-178.633,0
usp000ag32,2001-06-05 09:00:05.380000+00:00,6.4,10.0,-6.884,146.388,0
usp000ag3y,2001-06-05 15:13:58.150000+00:00,6.0,10.0,-6.815,146.41,0
usp000agn9,2001-06-14 19:48:47.850000+00:00,6.5,18.0,51.16,-179.828,0
usp000agpj,2001-06-15 06:17:45.330000+00:00,6.0,33.0,18.833,146.983,0
usp000agrb,2001-06-15 16:19:07.610000+00:00,6.0,10.0,13.903,51.679,0
usp000agrt,2001-06-16 02:13:38.180000+00:00,6.0,10.0,-14.889,-173.339,0
usp000agxc,2001-06-19 09:32:24.710000+00:00,6.0,146.6,-22.739,-67.877,0
official20010623203314130_33,2001-06-23 20:33:14.130000+00:00,8.4,33.0,-16.265,-73.641,1
usp000ah57,2001-06-23 21:27:35.710000+00:00,6.1,33.0,-17.181,-72.641,0
usp000aham,2001-06-24 13:18:51.710000+00:00,6.0,33.0,44.189,148.51,0
usp000ahfr,2001-06-26 04:18:31.380000+00:00,6.7,24.0,-17.745,-71.649,0
usp000ahgp,2001-06-26 12:33:52.030000+00:00,6.1,10.0,-4.07,-104.469,0
usp000ahpv,2001-06-29 18:35:51.980000+00:00,6.1,273.9,-19.522,-66.254,0
usp000ahse,2001-07-01 01:46:06.130000+00:00,6.1,28.0,-4.312,152.956,0
usp000ahx8,2001-07-03 13:10:42.600000+00:00,6.5,290.0,21.641,142.984,0
usp000ahyn,2001-07-04 07:06:31.600000+00:00,6.5,184.6,-21.725,-176.705,0
usp000ahzc,2001-07-04 12:09:03.840000+00:00,6.2,33.0,-17.003,-65.711,0
usp000aj1a,2001-07-05 13:53:48.360000+00:00,6.6,62.0,-16.086,-73.987,0
usp000aj40,2001-07-07 09:38:43.520000+00:00,7.6,33.0,-17.543,-72.077,0
usp000aj7x,2001-07-08 17:54:18.760000+00:00,6.2,10.0,-6.663,152.108,0
usp000ajzz,2001-07-22 18:15:09.010000+00:00,6.0,33.0,-5.147,132.338,0
usp000ak2a,2001-07-24 05:00:09.090000+00:00,6.4,33.0,-19.448,-69.255,0
usp000ak5s,2001-07-26 00:21:36.920000+00:00,6.5,10.0,39.059,24.244,0
ak0019lroivn,2001-07-28 07:32:45.633000+00:00,6.6,131.8,58.775,-154.7006,0
usp000akru,2001-08-02 23:41:06.170000+00:00,6.3,14.0,56.26,163.79,0
usp000akwv,2001-08-06 03:52:59.510000+00:00,6.7,10.0,-55.537,-123.422,0
usp000amdw,2001-08-13 20:11:23.400000+00:00,6.4,38.0,41.046,142.308,0
usp000amsn,2001-08-21 06:52:06.250000+00:00,7.1,33.0,-36.813,-179.575,0
usp000amxu,2001-08-23 21:45:03.160000+00:00,6.2,10.0,-3.373,146.311,0
usp000an03,2001-08-25 02:02:02.500000+00:00,6.1,24.5,7.633,-82.766,0
usp000an43,2001-08-27 01:16:47.450000+00:00,6.1,33.0,1.091,126.36,0
usp000anf6,2001-09-02 02:25:54.090000+00:00,6.1,10.0,0.889,82.501,0
usp000anfz,2001-09-02 10:06:51.500000+00:00,6.3,10.0,-54.356,-137.016,0
usp000ap03,2001-09-11 14:56:50.920000+00:00,6.5,33.0,-0.578,133.13,0
usp000ap1d,2001-09-12 08:48:37.270000+00:00,6.5,608.1,-20.993,-179.109,0
usp000ap50,2001-09-14 04:45:08+00:00,6.0,10.0,48.69,-128.71,0
usp000ap7w,2001-09-15 15:04:34.080000+00:00,6.0,10.0,-22.393,-175.01,0
usp000apcx,2001-09-18 02:19:30.790000+00:00,6.0,131.8,-7.506,127.739,0
usp000apyt,2001-09-29 02:40:07.380000+00:00,6.4,33.0,-18.503,168.159,0
usp000aq1x,2001-09-30 19:01:18.710000+00:00,6.2,33.0,-18.419,168.121,0
usp000aq3n,2001-10-02 00:48:18.790000+00:00,6.2,106.9,-16.183,-173.82,0
usp000aqbn,2001-10-07 02:21:09.810000+00:00,6.2,10.0,-3.296,142.934,0
usp000aqg8,2001-10-08 18:14:26.440000+00:00,6.5,48.5,52.591,160.324,0
usp000aqg9,2001-10-08 18:20:38.250000+00:00,6.4,33.0,52.631,160.214,0
usp000aqrg,2001-10-12 05:02:34+00:00,6.1,20.0,52.63,-132.2,1
usp000aqsu,2001-10-12 15:02:16.840000+00:00,7.0,37.0,12.686,144.98,0
usp000aqv2,2001-10-13 16:27:00.070000+00:00,6.0,33.0,0.839,125.98,0
usp000ar3u,2001-10-17 11:29:09.920000+00:00,6.0,33.0,19.354,-64.932,0
usp000ar78,2001-10-19 03:28:44.460000+00:00,7.5,33.0,-4.102,123.907,0
usp000araj,2001-10-21 00:29:21.490000+00:00,6.7,18.0,-37.137,178.982,0
usp000arq0,2001-10-26 23:05:50.950000+00:00,6.1,33.0,-18.494,168.108,0
usp000arz5,2001-10-31 09:10:20+00:00,7.0,33.0,-5.912,150.196,0
usp000asac,2001-11-05 23:07:11.720000+00:00,6.3,564.1,-17.289,-179.251,0
usp000asgv,2001-11-09 00:47:55.020000+00:00,6.1,10.0,9.643,-82.3,0
usp000astb,2001-11-13 09:47:36.540000+00:00,6.1,33.0,22.371,-106.973,0
usp000astg,2001-11-13 10:43:23.080000+00:00,6.0,33.0,53.627,170.551,0
usp000asvm,2001-11-14 09:26:10.010000+00:00,7.8,10.0,35.946,90.541,0
usp000asx5,2001-11-15 01:03:06.060000+00:00,6.3,10.0,-1.587,-15.578,0
usp000at7h,2001-11-20 21:08:18.430000+00:00,6.2,33.0,-6.88,128.921,0
usp000atay,2001-11-22 23:22:20.440000+00:00,6.3,10.0,-16.255,178.019,0
usp000ataz,2001-11-22 23:24:47.740000+00:00,6.2,10.0,-16.242,178.054,0
usp000atcf,2001-11-23 20:43:03.550000+00:00,6.1,106.5,36.392,71.506,0
usp000atj6,2001-11-27 00:53:46.190000+00:00,6.0,10.0,-33.228,-178.573,0
usp000atn5,2001-11-28 14:32:32.720000+00:00,6.4,84.9,15.571,-93.106,0
usp000atv8,2001-12-02 02:47:56.260000+00:00,6.0,100.5,-12.738,166.664,0
usp000atvy,2001-12-02 13:01:53.670000+00:00,6.5,123.8,39.402,141.089,0
usp000atxk,2001-12-03 11:32:29.800000+00:00,6.4,10.0,-16.496,-177.54,0
usp000au97,2001-12-08 20:29:34.230000+00:00,6.2,33.0,28.251,129.574,0
usp000aubg,2001-12-09 18:15:02.600000+00:00,6.1,156.3,-0.002,122.87,0
usp000aufv,2001-12-12 12:53:18.410000+00:00,6.1,33.0,-17.189,167.721,0
usp000aufx,2001-12-12 14:02:35.040000+00:00,7.1,10.0,-42.813,124.688,0
usp000ausw,2001-12-18 04:02:58.280000+00:00,6.8,14.0,23.954,122.734,1
usp000av1j,2001-12-22 00:40:04.330000+00:00,6.0,74.2,-10.91,165.863,0
usp000av52,2001-12-23 22:52:54.330000+00:00,6.8,16.0,-9.613,159.53,0
usp000avby,2001-12-27 10:54:51.790000+00:00,6.2,153.2,-14.647,167.262,0
usp000avf7,2001-12-28 22:09:28.010000+00:00,6.0,160.6,-8.357,-74.22,0
usp000avmx,2002-01-01 10:39:06.820000+00:00,6.0,10.0,-55.214,-129.0,0
usp000avmy,2002-01-01 11:29:22.730000+00:00,6.3,138.1,6.303,125.65,0
usp000avpp,2002-01-02 14:50:33.490000+00:00,6.2,665.8,-17.983,178.744,0
usp000avpw,2002-01-02 17:22:48.760000+00:00,7.2,21.0,-17.6,167.856,1
usp000avr3,2002-01-03 07:05:27.670000+00:00,6.2,129.3,36.088,70.687,0
usp000avrk,2002-01-03 10:17:36.300000+00:00,6.6,10.0,-17.664,168.004,0
usp000aw5z,2002-01-10 11:14:56.930000+00:00,6.7,11.0,-3.212,142.427,0
usp000awd5,2002-01-13 14:10:56.520000+00:00,6.4,43.6,-5.651,151.074,0
usp000awgh,2002-01-15 04:47:59.850000+00:00,6.0,10.0,-17.334,167.722,0
usp000awh1,2002-01-15 07:12:58.030000+00:00,6.1,10.0,-6.314,105.205,0
usp000awhd,2002-01-15 09:01:15.950000+00:00,6.2,41.1,-5.527,151.097,0
usp000awm9,2002-01-16 23:09:52.080000+00:00,6.4,80.2,15.502,-93.133,0
usp000awya,2002-01-22 04:53:52.650000+00:00,6.2,88.0,35.79,26.617,0
usp000axbd,2002-01-28 13:50:28.720000+00:00,6.1,33.0,49.381,155.594,0
usp000axbf,2002-01-28 15:09:55.890000+00:00,6.2,33.0,-15.304,-173.225,0
usp000axf1,2002-01-30 12:58:19.220000+00:00,6.0,33.0,-6.252,150.887,0
usp000axp7,2002-02-03 07:11:28.410000+00:00,6.5,5.0,38.573,31.271,0
usp000axpg,2002-02-03 09:26:43.350000+00:00,6.0,10.0,38.632,30.902,0
usp000axuy,2002-02-05 13:27:24.670000+00:00,6.6,39.0,-5.345,151.248,0
usp000aygn,2002-02-15 01:46:37.850000+00:00,6.0,10.0,-36.231,-100.301,0
usp000ayr5,2002-02-19 00:35:45.700000+00:00,6.1,10.0,-3.731,150.992,0
usp000azb0,2002-02-28 01:50:48.940000+00:00,6.3,40.2,-5.685,151.258,0
usp000azhb,2002-03-03 12:08:07.810000+00:00,6.3,209.0,36.429,70.438,0
usp000azhc,2002-03-03 12:08:19.740000+00:00,7.4,225.6,36.502,70.482,0
usp000azqw,2002-03-05 21:16:09.130000+00:00,7.5,31.0,6.033,124.249,1
usp000azy8,2002-03-08 18:27:53.190000+00:00,6.0,23.3,5.871,124.274,0
usp000azzz,2002-03-09 12:27:11.220000+00:00,6.0,118.4,-56.019,-27.332,0
usp000b0hf,2002-03-17 19:33:33.780000+00:00,6.0,10.0,-45.221,35.105,0
usp000b0ns,2002-03-19 22:14:14.930000+00:00,6.1,148.1,-6.486,129.901,0
usp000b10y,2002-03-25 14:56:33.820000+00:00,6.1,8.0,36.062,69.315,0
usp000b12g,2002-03-26 03:45:48.700000+00:00,6.4,33.0,23.346,124.09,0
usp000b17z,2002-03-28 04:56:22.400000+00:00,6.5,125.1,-21.663,-68.329,0
usp000b1e2,2002-03-31 06:52:50.490000+00:00,7.1,32.8,24.279,122.179,1
usp000b1hz,2002-04-01 19:59:32.480000+00:00,6.4,71.0,-29.67,-71.384,0
usp000b1wh,2002-04-07 01:41:26.150000+00:00,6.2,10.0,-60.94,154.25,0
usp000b1z0,2002-04-08 03:48:55.240000+00:00,6.2,10.0,-51.068,139.269,0
usp000b27n,2002-04-11 21:56:56.390000+00:00,6.2,10.0,-14.392,167.687,0
usp000b2mv,2002-04-18 05:02:46.190000+00:00,6.8,24.9,16.985,-100.865,1
usp000b2p9,2002-04-18 16:08:36.780000+00:00,6.7,62.0,-27.535,-70.586,0
usp000b2uq,2002-04-20 15:59:57.860000+00:00,6.0,33.0,-16.382,173.259,0
usp000b326,2002-04-24 11:00:00.860000+00:00,6.2,10.0,-56.135,-122.312,0
usp000b37m,2002-04-26 16:06:07+00:00,7.1,85.7,13.088,144.619,0
usp000b3y1,2002-05-08 05:26:00.360000+00:00,6.2,130.8,-17.948,-174.573,0
usp000b4aq,2002-05-14 16:56:10.420000+00:00,6.2,10.0,-36.518,78.932,0
usp000b4bg,2002-05-15 03:46:05.760000+00:00,6.2,10.0,24.636,121.922,0
usp000b4us,2002-05-23 15:52:15.280000+00:00,6.0,52.1,-30.749,-71.197,0
usp000b4xj,2002-05-25 05:36:31.970000+00:00,6.4,33.0,53.815,-161.116,0
usp000b53c,2002-05-28 04:04:22.530000+00:00,6.0,22.2,-28.937,-66.797,0
usp000b54k,2002-05-28 16:45:17.100000+00:00,6.1,33.0,24.069,122.264,0
usp000b5nz,2002-06-06 23:53:48.470000+00:00,6.3,10.0,-0.879,148.33,0
usp000b5xk,2002-06-10 22:48:36.210000+00:00,6.1,33.0,10.985,140.69,0
usp000b628,2002-06-13 01:27:19.470000+00:00,6.6,10.0,-47.801,99.751,0
usp000b68d,2002-06-16 02:46:14.030000+00:00,6.4,35.0,8.784,-83.992,0
usp000b6bh,2002-06-17 13:25:56.380000+00:00,6.0,10.0,-4.651,-105.379,0
usp000b6cd,2002-06-17 21:26:22.920000+00:00,6.7,33.0,-12.592,166.383,0
usp000b6du,2002-06-18 13:56:22.830000+00:00,6.6,54.0,-30.805,-71.124,0
usp000b6ky,2002-06-21 00:05:44.850000+00:00,6.0,33.0,-4.495,146.768,0
usp000b6pk,2002-06-22 02:58:21.300000+00:00,6.5,10.0,35.626,49.047,0
usp000b70m,2002-06-27 05:50:35.110000+00:00,6.5,11.0,-6.963,104.181,0
usp000b70y,2002-06-27 07:16:10.370000+00:00,6.0,186.7,-13.275,167.051,0
usp000b73z,2002-06-28 17:19:30.270000+00:00,7.3,566.0,43.752,130.666,0
usp000b74v,2002-06-29 02:39:00.720000+00:00,6.2,33.0,-12.4,166.524,0
usp000b790,2002-06-30 21:29:36.300000+00:00,6.5,620.4,-22.201,179.25,0
usp000b7eg,2002-07-03 23:00:18.470000+00:00,6.2,31.2,-5.032,147.336,0
usp000b8ck,2002-07-19 06:43:55.100000+00:00,6.1,10.0,-56.623,-140.69,0
usp000b90t,2002-07-30 06:55:07.780000+00:00,6.2,33.0,-57.889,-23.242,0
usp000b923,2002-07-31 00:16:44.610000+00:00,6.5,10.0,7.929,-82.793,0
usp000b96v,2002-08-02 23:11:39.130000+00:00,6.3,426.1,29.28,138.97,0
usp000b9ag,2002-08-04 15:16:26.990000+00:00,6.0,10.0,-35.457,-16.238,0
usp000b9gc,2002-08-07 23:59:14.540000+00:00,6.0,10.0,7.851,-82.895,0
usp000b9k6,2002-08-09 13:31:05.290000+00:00,6.1,364.1,-16.309,-176.172,0
usp000b9r2,2002-08-12 02:59:24.020000+00:00,6.0,112.2,-19.506,169.036,0
usp000b9w4,2002-08-14 13:12:39.880000+00:00,6.3,10.0,7.831,136.88,0
usp000b9w7,2002-08-14 13:57:52.110000+00:00,6.5,30.0,14.101,146.199,0
usp000b9xr,2002-08-15 05:30:26.230000+00:00,6.2,10.0,-1.196,121.333,0
usp000ba6g,2002-08-19 11:01:01.190000+00:00,7.7,580.0,-21.696,-179.513,0
usp000ba6m,2002-08-19 11:08:24.310000+00:00,7.7,675.4,-23.884,178.495,0
usp000ba6n,2002-08-19 11:23:06.200000+00:00,6.1,677.4,-23.899,178.375,0
usp000ba91,2002-08-20 10:59:32.020000+00:00,6.3,9.0,30.986,141.966,0
usp000baj8,2002-08-24 18:40:53.440000+00:00,6.1,42.6,43.11,146.118,0
usp000bb2f,2002-09-01 17:14:59.890000+00:00,6.0,10.0,14.284,51.945,0
usp000bbb2,2002-09-06 01:21:28.600000+00:00,6.0,5.0,38.381,13.701,0
usp000bbhk,2002-09-07 08:14:19.650000+00:00,6.0,209.9,-20.275,-176.036,0
usp000bbnn,2002-09-08 13:15:55.720000+00:00,6.0,618.8,-22.836,178.933,0
usp000bbpf,2002-09-08 18:44:23.710000+00:00,7.6,13.0,-3.302,142.945,1
usp000bc65,2002-09-13 22:28:29.460000+00:00,6.5,21.0,13.036,93.068,1
usp000bc9t,2002-09-15 08:39:32.700000+00:00,6.4,586.3,44.833,129.923,0
usp000bcdg,2002-09-16 13:23:00.990000+00:00,6.3,10.0,-3.313,142.679,0
usp000bcg1,2002-09-17 11:20:23.390000+00:00,6.0,10.0,-3.284,142.769,0
usp000bcqe,2002-09-20 13:33:41.620000+00:00,6.0,10.0,-1.743,134.013,0
usp000bcqu,2002-09-20 15:43:35.460000+00:00,6.4,10.0,-1.68,134.234,0
usp000bczr,2002-09-24 03:57:22.280000+00:00,6.3,119.6,-31.519,-69.2,0
usp000bczs,2002-09-24 04:13:11.630000+00:00,6.1,10.0,-10.535,161.2,0
usp000bd1x,2002-09-24 22:54:21.480000+00:00,6.3,10.0,-10.565,161.11,0
usp000bd1z,2002-09-24 23:01:28.670000+00:00,6.3,19.0,-10.65,161.21,0
usp000bdqx,2002-10-03 16:08:29.620000+00:00,6.5,10.0,23.324,-108.53,0
usp000bdr7,2002-10-03 19:05:10.670000+00:00,6.0,315.8,-7.526,115.663,0
usp000bdtd,2002-10-04 19:05:48.770000+00:00,6.3,621.1,-20.991,-179.016,0
usp000bdy2,2002-10-06 15:46:33.010000+00:00,6.3,10.0,-8.197,118.341,0
usp000be0v,2002-10-08 01:23:58.800000+00:00,6.0,10.0,-42.039,88.379,0
usp000be54,2002-10-10 10:50:20.570000+00:00,7.6,10.0,-1.757,134.297,0
usp000be5x,2002-10-10 12:28:25.800000+00:00,6.7,10.0,-1.511,133.973,0
usp000be5y,2002-10-10 12:29:35.180000+00:00,6.0,10.0,-1.401,133.934,0
usp000be7f,2002-10-10 21:19:58.510000+00:00,6.0,10.0,-1.478,134.111,0
usp000bed7,2002-10-12 20:09:11.460000+00:00,6.9,534.3,-8.295,-71.738,0
usp000bedp,2002-10-12 23:43:12.850000+00:00,6.1,33.0,15.096,118.504,0
usp000beg3,2002-10-13 20:55:07.460000+00:00,6.1,10.0,-14.596,-175.416,0
usp000behq,2002-10-14 14:12:43.750000+00:00,6.1,61.4,41.174,142.249,0
usp000bep1,2002-10-16 10:12:21.430000+00:00,6.2,102.4,51.952,157.323,0
usp000bep9,2002-10-16 14:13:12.740000+00:00,6.0,33.0,-15.676,-173.048,0
usp000beqt,2002-10-17 04:23:55.940000+00:00,6.2,627.6,-19.842,-178.401,0
usp000bere,2002-10-17 17:52:44.190000+00:00,6.3,33.0,-3.597,140.226,0
usp000besw,2002-10-18 11:16:48.310000+00:00,6.1,10.0,-57.185,-142.751,0
usp000beu6,2002-10-19 00:43:56.430000+00:00,6.0,33.0,-3.667,140.312,0
usp000bev1,2002-10-19 12:09:05.380000+00:00,6.3,33.0,44.297,149.96,0
usp000bf0r,2002-10-22 11:39:04.210000+00:00,6.2,549.0,-20.633,-178.391,0
ak002dlpsbnr,2002-10-23 11:27:19.433000+00:00,6.6,4.2,63.5144,-147.9116,0
usp000bf6u,2002-10-24 06:08:37.980000+00:00,6.2,11.0,-1.884,29.004,0
usp000bfpq,2002-10-31 01:35:16.670000+00:00,6.1,10.0,-3.441,148.638,0
usp000bfuz,2002-11-02 01:26:10.700000+00:00,7.4,30.0,2.824,96.085,0
usp000bfwd,2002-11-02 09:46:46.700000+00:00,6.3,27.0,2.954,96.394,0
usp000bfyf,2002-11-03 03:37:42.070000+00:00,6.4,39.0,38.886,141.977,0
ak002e435qpj,2002-11-03 22:12:41.518000+00:00,7.9,4.2,63.5141,-147.4529,0
usp000bgz7,2002-11-07 15:14:06.760000+00:00,6.6,33.0,51.197,179.334,0
usp000bh49,2002-11-09 00:14:18.080000+00:00,6.0,33.0,13.743,-91.187,0
usp000bhg4,2002-11-12 01:46:48.940000+00:00,6.2,120.0,-56.55,-27.536,0
usp000bhrf,2002-11-15 19:58:31.780000+00:00,6.6,10.0,-56.051,-36.404,0
usp000bhv1,2002-11-17 04:53:53.540000+00:00,7.3,459.1,47.824,146.209,0
usp000bj2e,2002-11-20 21:32:30.810000+00:00,6.3,33.0,35.414,74.515,0
usp000bjd0,2002-11-26 00:48:15.040000+00:00,6.1,20.6,51.465,-173.537,0
usp000bke2,2002-12-10 01:28:33.670000+00:00,6.0,10.0,-50.028,-114.121,0
usp000bke7,2002-12-10 04:27:54.600000+00:00,6.1,530.6,-24.139,179.24,0
usp000bkg3,2002-12-11 03:49:40.190000+00:00,6.3,10.0,-3.81,135.123,0
usp000bkjf,2002-12-12 08:30:42.770000+00:00,6.7,34.0,-4.786,153.275,0
usp000bkuv,2002-12-17 04:32:53.070000+00:00,6.2,10.0,-56.952,-24.825,0
usp000bkxp,2002-12-18 14:12:21.750000+00:00,6.1,10.0,-57.092,-24.981,0
usp000bm1t,2002-12-20 14:14:42.050000+00:00,6.3,33.0,-3.076,147.943,0
usp000bm8t,2002-12-23 13:46:11.360000+00:00,6.0,33.0,16.957,-85.578,0
usp000bmq9,2002-12-30 04:49:08.690000+00:00,6.3,10.0,7.471,123.407,0
usp000bn1f,2003-01-04 05:15:03.840000+00:00,6.5,378.0,-20.57,-177.661,0
usp000bn63,2003-01-06 23:43:50.840000+00:00,6.0,10.0,15.651,119.658,0
usp000bn9m,2003-01-09 02:50:45.790000+00:00,6.0,10.0,-19.664,-176.295,0
usp000bnbn,2003-01-10 13:11:56.910000+00:00,6.7,71.9,-5.311,153.701,0
usp000bnkx,2003-01-16 00:53:15.720000+00:00,6.3,10.0,44.284,-129.024,0
usp000bnvq,2003-01-20 08:43:06.070000+00:00,7.3,33.0,-10.491,160.77,1
usp000bnx3,2003-01-21 02:46:47.740000+00:00,6.5,24.0,13.626,-90.774,0
usp000bnyr,2003-01-22 02:06:34.610000+00:00,7.6,24.0,18.77,-104.104,1
usp000bpa1,2003-01-27 05:26:23.040000+00:00,6.1,10.0,39.5,39.878,0
usp000bpc5,2003-01-27 17:56:25.830000+00:00,6.4,10.0,-46.048,35.057,0
usp000bqc9,2003-02-10 04:49:31.120000+00:00,6.3,33.0,-6.011,149.792,0
usp000bqj9,2003-02-12 22:33:30.830000+00:00,6.2,10.0,-3.652,144.242,0
usp000bqr6,2003-02-15 11:01:59.860000+00:00,6.3,10.0,12.168,124.079,0
usp000br01,2003-02-19 03:32:36.360000+00:00,6.6,19.0,53.645,-164.643,0
usp000brbp,2003-02-24 02:03:41.450000+00:00,6.3,11.0,39.61,77.23,0
usp000brqa,2003-03-01 06:12:47.400000+00:00,6.0,28.1,-1.699,134.313,0
usp000brtm,2003-03-02 16:42:56.330000+00:00,6.2,10.0,-36.958,-20.879,0
usp000bs9a,2003-03-09 10:36:23.030000+00:00,6.0,45.9,-6.82,130.985,0
usp000bsas,2003-03-10 02:09:37.080000+00:00,6.4,93.8,1.692,127.296,0
usp000bsdd,2003-03-11 07:27:32.650000+00:00,6.8,40.2,-4.694,153.238,0
usp000bshh,2003-03-12 23:41:32.920000+00:00,6.4,10.0,26.556,-110.587,0
usp000bsm6,2003-03-14 07:06:13.310000+00:00,6.3,33.0,-0.406,132.951,0
usp000bsmq,2003-03-14 12:54:12.120000+00:00,6.4,274.9,-17.416,-175.183,0
usp000bsqr,2003-03-15 19:41:28.700000+00:00,6.1,30.2,52.249,160.387,0
usp000bsvs,2003-03-17 16:36:17.310000+00:00,7.1,33.0,51.272,177.978,0
usp000bswf,2003-03-17 18:55:47.880000+00:00,6.2,33.0,51.295,177.971,0
usp000bszp,2003-03-19 00:03:42.920000+00:00,6.2,33.5,-9.388,156.587,0
usp000btf5,2003-03-25 02:53:25.030000+00:00,6.5,33.0,-8.294,120.743,0
usp000btq6,2003-03-28 17:31:47.770000+00:00,6.2,41.2,-15.324,-173.508,0
usp000btyb,2003-03-30 18:13:34.090000+00:00,6.2,33.0,-3.169,127.542,0
usp000btzf,2003-03-31 01:06:53.050000+00:00,6.2,46.8,-6.183,151.429,0
usp000bu56,2003-04-02 03:43:11.580000+00:00,6.3,10.0,35.28,-35.729,0
usp000buxb,2003-04-11 06:12:54.580000+00:00,6.2,10.0,7.033,-82.353,0
usp000bvbg,2003-04-17 00:48:38.580000+00:00,6.4,14.0,37.529,96.476,0
usp000bvcx,2003-04-17 14:50:48.580000+00:00,6.5,10.0,-54.624,1.432,0
usp000bvvm,2003-04-24 10:56:21.980000+00:00,6.1,43.8,48.764,154.991,0
usp000bw32,2003-04-27 16:03:40.420000+00:00,6.3,77.4,-20.944,169.773,0
usp000bw3r,2003-04-27 22:57:44.840000+00:00,6.0,559.9,-8.195,-71.592,0
usp000bw7f,2003-04-29 13:53:17.300000+00:00,6.0,62.5,43.706,147.805,0
usp000bwbc,2003-05-01 00:27:04.700000+00:00,6.4,10.0,39.007,40.464,0
usp000bwgd,2003-05-03 05:03:03.340000+00:00,6.2,33.0,-15.143,-173.747,0
usp000bwkr,2003-05-04 13:15:18.660000+00:00,6.7,62.4,-30.531,-178.232,0
usp000bwm0,2003-05-04 14:54:00.320000+00:00,6.0,33.0,-11.287,166.314,0
usp000bwmb,2003-05-04 20:08:46.480000+00:00,6.4,45.6,-30.587,-178.29,0
usp000bwnz,2003-05-05 15:50:08.470000+00:00,6.4,123.6,0.215,127.354,0
usp000bwpr,2003-05-05 23:04:45.670000+00:00,6.2,56.0,3.715,127.954,0
usp000bwxd,2003-05-09 20:26:15.980000+00:00,6.3,10.0,-48.209,32.272,0
usp000bx1v,2003-05-11 17:51:35.140000+00:00,6.1,30.2,-0.988,126.938,0
usp000bx6s,2003-05-13 21:21:14.050000+00:00,6.3,33.0,-17.287,167.744,0
usp000bx7j,2003-05-14 06:03:35.860000+00:00,6.7,41.5,18.266,-58.633,0
usp000bx7m,2003-05-14 07:40:36.100000+00:00,6.0,79.1,-8.06,107.315,0
usp000bxh2,2003-05-19 10:43:22.680000+00:00,6.0,563.8,-18.044,-178.67,0
usp000bxhk,2003-05-19 16:27:10.200000+00:00,6.1,10.0,17.546,-105.473,0
usp000bxpg,2003-05-21 18:44:20.100000+00:00,6.8,12.0,36.964,3.634,1
usp000by66,2003-05-26 09:24:33.400000+00:00,7.0,68.0,38.849,141.568,0
usp000by7n,2003-05-26 19:23:27.940000+00:00,7.0,31.0,2.354,128.855,0
usp000by7z,2003-05-26 23:13:29.720000+00:00,6.9,565.8,6.761,123.707,0
usp000bydf,2003-05-28 16:15:18.940000+00:00,6.2,10.0,-17.646,66.116,0
usp000bz00,2003-06-03 23:58:02.740000+00:00,6.0,33.0,-17.36,-72.807,0
usp000bz8p,2003-06-07 00:32:45.570000+00:00,6.6,33.0,-5.095,152.502,0
usp000bzhv,2003-06-10 08:40:30.830000+00:00,6.0,44.5,23.52,121.628,0
usp000bzpx,2003-06-12 08:59:20.240000+00:00,6.3,186.3,-5.985,154.758,0
usp000bzyd,2003-06-15 19:24:33.150000+00:00,6.5,20.0,51.552,176.923,0
usp000c01m,2003-06-16 22:08:02.140000+00:00,6.9,174.8,55.492,159.999,0
usp000c0ag,2003-06-20 06:19:38.910000+00:00,7.1,558.1,-7.606,-71.722,0
usp000c0bb,2003-06-20 13:30:41.640000+00:00,6.8,33.0,-30.608,-71.637,0
usp000c0rc,2003-06-23 12:12:34.470000+00:00,6.9,20.0,51.439,176.783,0
usp000c10k,2003-06-26 14:11:44.590000+00:00,6.0,10.0,12.253,123.85,0
usp000c15v,2003-06-28 15:29:42.260000+00:00,6.3,10.0,-3.325,146.148,0
usp000c1d9,2003-07-01 05:52:25.920000+00:00,6.0,635.4,4.529,122.511,0
usp000c1ej,2003-07-01 17:00:22.820000+00:00,6.0,33.0,12.803,124.898,0
usp000c1hr,2003-07-03 06:21:50.370000+00:00,6.0,10.0,-21.278,-174.522,0
usp000c1kd,2003-07-04 00:33:50.040000+00:00,6.1,10.0,-5.473,151.691,0
usp000c2k4,2003-07-15 18:46:38.120000+00:00,6.5,33.0,-3.828,152.174,0
usp000c2ka,2003-07-15 20:27:50.530000+00:00,7.6,10.0,-2.598,68.382,0
usp000c2rt,2003-07-17 19:57:13.770000+00:00,6.0,10.0,18.507,-107.129,0
usp000c30q,2003-07-21 13:53:58.490000+00:00,6.4,189.6,-5.481,148.853,0
usp000c30u,2003-07-21 15:16:31.930000+00:00,6.0,10.0,25.975,101.29,0
usp000c322,2003-07-22 04:21:40.770000+00:00,6.0,33.0,-15.416,166.142,0
usp000c3a7,2003-07-25 09:37:45.840000+00:00,6.4,24.0,-1.528,149.694,0
usp000c3bu,2003-07-25 22:13:29.970000+00:00,6.1,6.0,38.415,140.996,0
usp000c3f7,2003-07-27 02:04:11.530000+00:00,6.6,212.9,-21.08,-176.585,0
usp000c3fr,2003-07-27 06:25:31.950000+00:00,6.8,470.3,47.151,139.248,0
usp000c3gh,2003-07-27 11:41:27.050000+00:00,6.0,345.3,-20.134,-65.185,0
usp000c41f,2003-08-04 04:37:20.130000+00:00,7.6,10.0,-60.532,-43.411,1
usp000c4kv,2003-08-11 00:19:09.280000+00:00,6.0,10.0,1.142,128.152,0
usp000c4mz,2003-08-11 13:40:19.850000+00:00,6.0,10.0,-56.906,147.611,0
usp000c4nb,2003-08-11 21:22:30.420000+00:00,6.0,100.2,12.124,93.53,0
usp000c4tt,2003-08-14 05:14:54.760000+00:00,6.3,10.0,39.16,20.605,0
usp000c5h6,2003-08-21 12:12:49.790000+00:00,7.2,28.0,-45.104,167.144,0
usp000c5vz,2003-08-25 06:28:35.180000+00:00,6.0,100.0,14.034,-91.069,0
usp000c63p,2003-08-28 04:48:19.880000+00:00,6.2,10.0,-49.816,-114.811,0
usp000c63v,2003-08-28 06:38:11.630000+00:00,6.0,409.2,-7.324,126.051,0
usp000c683,2003-08-30 00:05:39.220000+00:00,6.0,137.0,-14.796,167.238,0
usp000c6dn,2003-08-31 23:08:00.260000+00:00,6.2,481.1,43.393,132.267,0
usp000c6ju,2003-09-02 18:28:00.330000+00:00,6.4,10.0,-15.229,-173.223,0
usp000c6vt,2003-09-06 02:08:13.810000+00:00,6.1,10.0,-4.623,-106.045,0
usp000c6zs,2003-09-07 13:19:20.450000+00:00,6.4,33.0,-22.472,172.123,0
usp000c79y,2003-09-11 21:58:25.550000+00:00,6.0,10.0,-8.205,156.159,0
usp000c7at,2003-09-12 06:55:55.800000+00:00,6.0,50.4,-5.273,151.502,0
usp000c87f,2003-09-21 18:16:13.410000+00:00,6.6,10.0,19.917,95.672,0
usp000c88v,2003-09-21 23:15:12.110000+00:00,6.0,10.0,-1.007,-14.059,0
usp000c89d,2003-09-22 04:45:36.240000+00:00,6.4,10.0,19.777,-70.673,0
official20030925195006360_27,2003-09-25 19:50:06.360000+00:00,8.16,27.0,41.815,143.91,1
usp000c8mb,2003-09-25 21:08:00.030000+00:00,7.4,33.0,41.774,143.593,0
usp000c8qw,2003-09-26 20:38:22.100000+00:00,6.0,33.0,41.988,144.576,0
usp000c8sz,2003-09-27 11:33:25.080000+00:00,7.3,16.0,50.038,87.813,0
usp000c8uv,2003-09-27 18:52:46.980000+00:00,6.4,10.0,50.091,87.765,0
usp000c90r,2003-09-29 02:36:53.140000+00:00,6.5,25.0,42.45,144.38,0
usp000c94m,2003-09-30 08:01:33.110000+00:00,6.0,10.0,-60.318,-33.401,0
usp000c95e,2003-09-30 14:08:37.740000+00:00,6.4,10.0,-30.437,-177.398,0
usp000c95m,2003-09-30 15:22:31.700000+00:00,6.0,33.0,-30.494,-177.18,0
usp000c96t,2003-10-01 01:03:25.240000+00:00,6.7,10.0,50.211,87.721,0
usp000c9tt,2003-10-07 04:55:28.810000+00:00,6.2,10.0,-16.526,-170.192,0
usp000c9x7,2003-10-08 09:06:55.340000+00:00,6.7,32.0,42.648,144.57,0
usp000ca12,2003-10-09 22:19:13.850000+00:00,6.2,33.0,13.755,119.939,0
usp000caa0,2003-10-13 09:52:26.160000+00:00,6.0,10.0,-15.937,-178.426,0
usp000cadd,2003-10-15 02:19:43.900000+00:00,6.0,582.6,-17.822,-178.704,0
usp000caku,2003-10-17 10:19:06.820000+00:00,6.4,133.0,-5.471,154.155,0
usp000caqx,2003-10-18 22:27:13.250000+00:00,6.4,33.0,0.444,126.103,0
usp000cb09,2003-10-22 11:45:30.840000+00:00,6.3,53.5,-6.058,147.727,0
usp000cbej,2003-10-28 02:33:51.520000+00:00,6.0,65.0,-5.376,151.509,0
usp000cbpa,2003-10-31 01:06:28.280000+00:00,7.0,10.0,37.812,142.619,1
usp000cbvu,2003-11-02 05:32:15.720000+00:00,6.4,10.0,-45.19,166.535,0
usp000cc36,2003-11-05 00:58:51.110000+00:00,6.0,33.0,4.973,-77.77,0
usp000cc6u,2003-11-06 10:38:04.290000+00:00,6.6,113.7,-19.262,168.892,0
usp000ccg3,2003-11-09 19:52:36.820000+00:00,6.6,10.0,-0.674,-19.689,0
usp000ccm6,2003-11-11 13:44:53.280000+00:00,6.1,33.0,-30.616,-179.01,0
usp000ccmj,2003-11-11 15:39:33.590000+00:00,6.1,33.0,-30.659,-179.376,0
usp000ccmw,2003-11-11 18:48:23.760000+00:00,6.0,101.0,22.321,143.246,0
usp000ccng,2003-11-12 00:29:45.350000+00:00,6.2,33.0,1.593,126.48,0
usp000ccpg,2003-11-12 08:26:43.740000+00:00,6.4,384.9,33.171,137.072,0
usp000ccrk,2003-11-13 02:49:02.210000+00:00,6.0,10.0,-54.213,143.824,0
usp000ccua,2003-11-14 04:28:33.300000+00:00,6.1,10.0,-16.737,172.331,0
usp000cd1n,2003-11-17 06:43:06.800000+00:00,7.8,33.0,51.146,178.65,1
usp000cdb4,2003-11-18 17:14:22.620000+00:00,6.5,35.0,12.025,125.416,0
usp000cdw2,2003-11-25 20:19:46.290000+00:00,6.6,35.0,-5.581,150.88,0
usp000ce8k,2003-12-01 01:38:31.960000+00:00,6.0,10.0,42.905,80.515,0
usp000ceks,2003-12-05 21:26:09.480000+00:00,6.7,10.0,55.538,165.78,0
usp000cevy,2003-12-09 12:44:01.680000+00:00,6.2,33.0,51.334,-179.272,0
usp000cexg,2003-12-10 04:38:11.590000+00:00,6.8,10.0,23.039,121.362,0
usp000cfqj,2003-12-21 07:40:45.830000+00:00,6.6,10.0,-0.769,-20.601,0
nc21323712,2003-12-22 19:15:56.240000+00:00,6.5,8.382,35.7005,-121.1005,0
usp000cfzw,2003-12-25 07:11:11.590000+00:00,6.5,33.0,8.416,-82.824,0
usp000cg0q,2003-12-25 14:21:14.940000+00:00,6.0,34.6,-34.954,-178.249,0
usp000cg1p,2003-12-25 20:42:33.720000+00:00,6.5,10.0,-22.252,169.488,0
usp000cg1w,2003-12-25 23:09:43.420000+00:00,6.0,10.0,-22.305,169.531,0
usp000cg2d,2003-12-26 01:56:52.440000+00:00,6.6,10.0,28.995,58.311,0
usp000cg55,2003-12-26 21:26:04.100000+00:00,6.8,10.0,-22.273,169.314,0
usp000cg6m,2003-12-27 04:55:25.460000+00:00,6.1,10.0,-22.107,169.35,0
usp000cg90,2003-12-27 16:00:59.450000+00:00,7.3,10.0,-22.015,169.766,1
usp000cgae,2003-12-27 22:38:01.880000+00:00,6.7,10.0,-21.672,169.835,0
usp000cgag,2003-12-27 22:55:01.280000+00:00,6.3,10.0,-21.648,169.766,0
usp000cgeb,2003-12-29 01:30:54.700000+00:00,6.1,33.0,42.423,144.613,0
usp000cgt8,2004-01-01 23:31:50.050000+00:00,6.1,29.4,17.488,-101.303,0
usp000cgxu,2004-01-03 08:07:34.220000+00:00,6.0,10.0,-22.376,169.728,0
usp000cgxv,2004-01-03 08:09:03.810000+00:00,6.1,10.0,-22.163,169.55,0
usp000cgxx,2004-01-03 08:21:48.400000+00:00,6.4,10.0,-22.324,169.616,0
usp000cgz9,2004-01-03 16:23:21.020000+00:00,7.1,22.0,-22.253,169.683,0
usp000cgzc,2004-01-03 16:34:28.050000+00:00,6.1,10.0,-22.438,169.919,0
usp000chhr,2004-01-09 22:35:31.190000+00:00,6.3,57.7,-6.072,149.401,0
usp000chmx,2004-01-11 04:32:47.790000+00:00,6.2,5.3,-36.696,53.352,0
usp000chnf,2004-01-11 09:29:10.280000+00:00,6.0,673.1,-20.14,-179.154,0
usp000chxj,2004-01-15 07:26:53.010000+00:00,6.2,10.0,-3.528,151.064,0
usp000cj1g,2004-01-16 18:07:55.660000+00:00,6.2,10.0,7.641,-37.704,0
usp000cjn2,2004-01-25 11:43:11.870000+00:00,6.7,129.8,-16.83,-174.196,0
usp000cjwh,2004-01-28 22:15:30.700000+00:00,6.7,17.4,-3.12,127.4,1
usp000cjx7,2004-01-29 03:52:52.300000+00:00,6.1,10.0,-50.206,-114.78,0
usp000ckd6,2004-02-04 11:59:47.690000+00:00,6.1,29.2,8.358,-82.877,0
usp000ckg7,2004-02-05 21:05:02.840000+00:00,7.0,16.6,-3.615,135.538,0
usp000ckks,2004-02-07 02:42:35.210000+00:00,7.3,10.0,-4.003,135.023,0
usp000ckq7,2004-02-08 08:58:51.800000+00:00,6.7,25.7,-3.665,135.339,0
usp000cmn7,2004-02-20 05:58:45.190000+00:00,6.0,84.0,-11.608,166.45,0
usp000cmqq,2004-02-21 02:34:42.700000+00:00,6.6,10.0,-58.425,-14.963,0
usp000cmt2,2004-02-22 06:46:27.040000+00:00,6.0,42.0,-1.559,100.488,0
usp000cmw1,2004-02-23 16:04:49.440000+00:00,6.3,31.0,-14.74,-175.63,0
usp000cmxe,2004-02-24 02:27:46.230000+00:00,6.4,0.0,35.142,-3.997,0
usp000cndk,2004-02-26 20:32:21.850000+00:00,6.3,10.0,-18.171,66.419,0
usp000cne1,2004-02-26 22:58:41.380000+00:00,6.0,10.0,-53.159,159.651,0
usp000cnw5,2004-03-02 03:47:22.400000+00:00,6.2,28.0,11.61,-86.767,0
usp000cpb1,2004-03-07 11:08:01.340000+00:00,6.0,7.0,-32.381,-178.191,0
usp000cpf2,2004-03-08 23:39:11.340000+00:00,6.0,10.0,10.48,-43.919,0
usp000cphf,2004-03-09 22:56:42.510000+00:00,6.2,18.4,-32.265,-178.358,0
usp000cpsp,2004-03-12 22:13:13.860000+00:00,6.0,271.5,-15.579,-175.096,0
usp000cpy4,2004-03-14 16:30:42.320000+00:00,6.1,12.0,-17.267,-172.316,0
usp000cq4u,2004-03-17 03:21:07.910000+00:00,6.1,289.8,-21.118,-65.586,0
usp000cq54,2004-03-17 05:21:00.800000+00:00,6.1,24.5,34.589,23.326,0
usp000cq9m,2004-03-18 20:04:24.830000+00:00,6.2,10.0,-23.759,-176.002,0
usp000cr1m,2004-03-27 18:47:29.200000+00:00,6.0,8.0,33.954,89.179,0
usp000crmc,2004-04-03 23:02:00.870000+00:00,6.0,31.0,36.428,141.008,0
usp000crt0,2004-04-05 20:34:21.930000+00:00,6.2,8.0,-20.436,-173.936,0
usp000crt6,2004-04-05 21:24:04+00:00,6.6,187.1,36.512,71.029,0
usp000crz0,2004-04-08 04:57:50.480000+00:00,6.4,10.0,-36.256,-97.827,0
usp000cs2y,2004-04-09 15:23:35.050000+00:00,6.5,228.4,-13.174,167.198,0
usp000cs7z,2004-04-11 07:37:29.850000+00:00,6.2,20.0,-3.729,140.081,0
usp000cs8z,2004-04-11 18:06:12.480000+00:00,6.1,41.8,42.918,144.836,0
usp000csed,2004-04-14 01:33:05.300000+00:00,6.0,143.5,-17.848,-174.559,0
usp000cseh,2004-04-14 01:54:09.220000+00:00,6.2,51.3,55.226,162.659,0
usp000csgu,2004-04-14 23:07:39.940000+00:00,6.0,12.2,71.067,-7.747,0
usp000csk2,2004-04-15 20:06:55.300000+00:00,6.3,10.0,-19.374,169.631,0
usp000csp0,2004-04-16 16:58:36.940000+00:00,6.0,10.0,-24.522,-175.879,0
usp000csps,2004-04-16 21:57:05.410000+00:00,6.0,44.5,-5.214,102.718,0
usp000ct3w,2004-04-22 10:11:12.660000+00:00,6.0,10.0,-17.587,167.888,0
usp000ct4r,2004-04-22 14:16:07+00:00,6.0,35.0,-3.355,146.853,0
usp000ct64,2004-04-23 01:50:30.220000+00:00,6.7,65.8,-9.362,122.839,0
usp000ct95,2004-04-24 07:44:11.300000+00:00,6.1,8.0,-21.899,-174.822,0
usp000ctkv,2004-04-27 23:28:18.880000+00:00,6.0,10.0,-17.757,167.756,0
usp000ctpz,2004-04-29 00:57:21.080000+00:00,6.2,10.0,10.805,-85.995,0
usp000cu1z,2004-05-03 04:36:50.040000+00:00,6.6,21.0,-37.695,-73.406,0
usp000cub5,2004-05-07 01:26:42.200000+00:00,6.3,14.0,-21.988,170.276,0
usp000cur8,2004-05-11 08:28:48.280000+00:00,6.1,21.0,0.415,97.825,0
usp000cuxg,2004-05-13 09:58:43.450000+00:00,6.4,10.0,-3.584,150.73,0
usp000cvj3,2004-05-19 07:04:11.710000+00:00,6.2,20.0,22.662,121.505,0
usp000cwf9,2004-05-28 12:38:44.470000+00:00,6.3,17.0,36.29,51.61,0
usp000cwj8,2004-05-29 20:56:09.600000+00:00,6.5,16.0,34.251,141.406,0
usp000cwwx,2004-06-02 08:50:37.130000+00:00,6.2,43.1,-32.875,-179.447,0
usp000cxhv,2004-06-09 22:52:08.800000+00:00,6.4,10.0,-51.603,139.615,0
usp000cxkw,2004-06-10 15:19:57.750000+00:00,6.9,188.6,55.682,160.003,0
usp000cxyk,2004-06-15 11:16:31.500000+00:00,6.1,37.8,-38.854,-73.155,0
usp000cyqg,2004-06-25 02:35:07.790000+00:00,6.1,70.5,-6.711,130.375,0
ak00489udzds,2004-06-28 09:49:51.366000+00:00,6.8,19.9,55.0721,-134.5324,0
usp000cz4q,2004-06-29 07:01:30.900000+00:00,6.3,9.0,10.738,-87.043,0
usp000cza8,2004-06-30 23:37:25.450000+00:00,6.3,90.8,0.797,124.726,0
usp000czam,2004-07-01 04:39:37.510000+00:00,6.2,10.0,-49.581,163.669,0
usp000czs4,2004-07-08 10:30:49.160000+00:00,6.4,128.5,47.198,151.303,0
usp000czsw,2004-07-08 19:54:33.840000+00:00,6.0,10.0,-25.055,-115.964,0
usp000czza,2004-07-11 23:08:44.180000+00:00,6.2,13.0,30.694,83.672,0
usp000czzd,2004-07-11 23:46:12.560000+00:00,6.1,12.0,-20.252,-126.928,0
usp000d06s,2004-07-15 04:27:14.730000+00:00,7.1,565.5,-17.656,-178.76,0
usp000d0a7,2004-07-16 23:58:19.040000+00:00,6.2,10.0,-65.651,-179.574,0
usp000d0fx,2004-07-19 08:01:49.460000+00:00,6.4,23.7,49.623,-126.967,0
usp000d0pa,2004-07-22 09:45:14.900000+00:00,6.1,20.9,26.489,128.894,0
usp000d0v4,2004-07-25 14:35:19.060000+00:00,7.3,582.1,-2.427,103.981,0
usp000d0zn,2004-07-28 03:56:28.600000+00:00,6.5,13.4,-0.443,133.091,0
usp000d199,2004-08-01 19:03:10.290000+00:00,6.0,10.0,-63.563,-166.666,0
usp000d1p9,2004-08-07 09:30:16.940000+00:00,6.0,8.0,51.753,-166.313,0
usp000d1v6,2004-08-10 01:47:32.810000+00:00,6.0,207.0,36.444,70.796,0
usp000d30e,2004-08-28 13:41:25.600000+00:00,6.5,5.0,-35.173,-70.525,0
usp000d3fm,2004-09-03 19:04:47.980000+00:00,6.2,10.0,-15.254,-173.34,0
usp000d3ka,2004-09-05 10:07:07.820000+00:00,7.2,14.0,33.07,136.618,1
usp000d3mb,2004-09-05 14:57:18.610000+00:00,7.4,10.0,33.184,137.071,1
iscgem7398408,2004-09-05 14:57:32.270000+00:00,6.51,15.0,33.202,137.101,0
usp000d3qv,2004-09-06 12:42:59.390000+00:00,6.9,10.0,-55.372,-28.976,0
usp000d3sx,2004-09-06 23:29:35.090000+00:00,6.6,10.0,33.205,137.227,0
usp000d3up,2004-09-07 11:53:06.110000+00:00,6.4,22.3,-28.573,-65.84,0
usp000d3x4,2004-09-08 14:58:25.830000+00:00,6.1,21.2,33.14,137.2,0
usp000d3zr,2004-09-09 16:33:21.740000+00:00,6.0,25.2,17.759,-81.55,0
usp000d43u,2004-09-11 21:52:38.300000+00:00,6.1,63.9,-57.976,-25.342,0
usp000d467,2004-09-13 03:00:12.850000+00:00,6.1,8.0,43.998,151.408,0
usp000d4bh,2004-09-15 19:10:50.600000+00:00,6.0,115.4,14.22,120.411,0
usp000d4p2,2004-09-19 20:26:04.100000+00:00,6.2,25.0,52.205,174.027,0
usp000d580,2004-09-28 15:29:53.820000+00:00,6.4,10.0,-52.515,28.016,0
usp000d5s5,2004-10-04 19:20:34.980000+00:00,6.0,7.2,14.546,146.993,0
usp000d5x0,2004-10-06 22:30:56.950000+00:00,6.2,10.0,-0.67,134.426,0
usp000d600,2004-10-08 08:27:53.540000+00:00,6.8,36.0,-10.951,162.161,0
usp000d60h,2004-10-08 14:36:06.110000+00:00,6.5,105.0,13.925,120.534,0
usp000d63h,2004-10-09 21:26:53.690000+00:00,7.0,35.0,11.422,-86.665,0
usp000d6dm,2004-10-15 04:08:50.240000+00:00,6.7,94.0,24.53,122.694,0
usp000d6rb,2004-10-20 18:32:24.570000+00:00,6.1,59.8,-14.027,166.612,0
usp000d6vk,2004-10-23 08:56:00.860000+00:00,6.6,16.0,37.226,138.779,0
usp000d6vn,2004-10-23 09:03:12.530000+00:00,6.1,10.5,37.318,138.816,0
usp000d6vu,2004-10-23 09:34:04.990000+00:00,6.3,10.0,37.318,138.808,0
usp000d750,2004-10-26 20:48:10.580000+00:00,6.0,10.0,-57.067,-24.829,0
usp000d754,2004-10-26 22:53:07.860000+00:00,6.4,10.0,-57.071,-24.679,0
usp000d75k,2004-10-27 01:40:50.260000+00:00,6.0,14.1,37.284,138.885,0
usp000d7h4,2004-11-02 10:02:12.820000+00:00,6.7,10.0,49.277,-128.772,1
usp000d7kq,2004-11-03 08:31:43.730000+00:00,6.0,10.0,14.474,146.842,0
usp000d7qk,2004-11-05 05:18:35.050000+00:00,6.0,125.7,-4.361,143.925,0
usp000d7ut,2004-11-07 02:02:26.170000+00:00,6.2,474.0,47.948,144.477,0
usp000d7yk,2004-11-08 15:55:01.150000+00:00,6.3,29.0,24.104,122.542,0
usp000d81v,2004-11-09 23:58:23.650000+00:00,6.9,13.0,-11.15,163.706,0
usp000d84n,2004-11-11 10:02:47.330000+00:00,6.1,32.8,42.139,144.344,0
usp000d855,2004-11-11 17:34:52.050000+00:00,6.7,10.0,-11.128,162.208,0
usp000d85g,2004-11-11 21:26:41.150000+00:00,7.5,10.0,-8.152,124.868,1
usp000d860,2004-11-11 22:49:48.140000+00:00,6.4,10.0,-8.255,124.93,0
usp000d88b,2004-11-12 06:36:16.760000+00:00,6.1,568.7,-26.705,-63.319,0
usp000d8gx,2004-11-15 09:06:56.560000+00:00,7.2,15.0,4.695,-77.508,0
usp000d8k4,2004-11-16 10:06:54.500000+00:00,6.1,55.7,-5.627,151.452,0
usp000d8nz,2004-11-17 21:09:13.130000+00:00,6.6,622.6,-20.068,-178.71,0
usp000d8tf,2004-11-20 08:07:22.080000+00:00,6.4,16.0,9.602,-84.172,0
usp000d8uu,2004-11-20 22:01:45.660000+00:00,6.3,40.6,13.376,-90.056,0
usp000d8w1,2004-11-21 11:07:13.650000+00:00,6.0,256.1,-15.403,-174.908,0
usp000d8w3,2004-11-21 11:41:07.760000+00:00,6.3,14.0,15.679,-61.706,1
usp000d8ze,2004-11-22 20:26:23.900000+00:00,7.1,10.0,-46.676,164.721,1
usp000d975,2004-11-26 02:25:03.310000+00:00,7.1,10.0,-3.609,135.404,0
usp000d9f2,2004-11-28 02:35:13.410000+00:00,6.6,10.0,-26.525,-113.834,0
usp000d9fy,2004-11-28 07:36:45.400000+00:00,6.2,23.1,-3.638,135.445,0
usp000d9h1,2004-11-28 18:32:14.130000+00:00,7.0,39.0,43.006,145.119,1
usp000da6m,2004-12-06 14:15:11.890000+00:00,6.8,35.0,42.9,145.228,0
usp000da6v,2004-12-06 16:26:28.960000+00:00,6.1,439.2,-18.481,-178.076,0
usp000damd,2004-12-13 15:23:41.010000+00:00,6.0,62.3,13.385,-89.37,0
usp000daqt,2004-12-14 23:20:13.360000+00:00,6.8,10.0,18.958,-81.409,0
usp000day2,2004-12-18 06:46:19.870000+00:00,6.2,11.0,48.837,156.309,0
usp000db7t,2004-12-22 21:03:39.390000+00:00,6.1,10.0,-55.942,-124.997,0
usp000db93,2004-12-23 14:59:04.410000+00:00,8.1,10.0,-49.312,161.345,1
official20041226005853450_30,2004-12-26 00:58:53.450000+00:00,9.1,30.0,3.295,95.982,1
usp000dbeg,2004-12-26 01:21:20.660000+00:00,6.1,30.0,6.34,93.361,0
usp000dbeh,2004-12-26 01:22:25.590000+00:00,6.0,30.0,7.421,93.985,0
usp000dbej,2004-12-26 01:25:48.760000+00:00,6.1,30.0,5.499,94.213,0
usp000dbet,2004-12-26 02:00:40.030000+00:00,6.0,30.0,6.848,94.667,0
usp000dbg6,2004-12-26 04:21:29.810000+00:00,7.2,39.2,6.91,92.958,0
usp000dbj1,2004-12-26 09:20:01.610000+00:00,6.6,16.1,8.879,92.375,0
usp000dbjg,2004-12-26 10:19:31.730000+00:00,6.3,26.4,13.462,92.738,0
usp000dbjw,2004-12-26 11:05:00.720000+00:00,6.2,13.3,13.533,92.84,0
usp000dbku,2004-12-26 15:06:33.240000+00:00,6.0,17.8,3.651,94.086,0
usp000dbnq,2004-12-26 19:19:55.570000+00:00,6.1,30.0,2.794,94.162,0
usp000dbuz,2004-12-27 09:39:06.800000+00:00,6.1,35.0,5.348,94.65,0
usp000dc3b,2004-12-29 01:50:52.570000+00:00,6.1,8.0,9.109,93.756,0
usp000dc3q,2004-12-29 05:56:47.540000+00:00,6.2,12.0,8.791,93.198,0
usp000dc8j,2004-12-31 02:24:00.520000+00:00,6.1,14.0,7.12,92.533,0
usp000dc9q,2004-12-31 12:04:57.520000+00:00,6.0,11.0,6.204,92.913,0
usp000dcbh,2005-01-01 06:25:44.820000+00:00,6.7,11.7,5.099,92.304,0
usp000dccn,2005-01-01 19:08:07.800000+00:00,6.1,55.4,7.336,94.455,0
usp000dceg,2005-01-02 15:35:56.720000+00:00,6.4,30.0,6.36,92.787,0
usp000dcg9,2005-01-03 17:59:28.890000+00:00,6.1,10.0,-50.659,161.866,0
usp000dchh,2005-01-04 09:13:12.250000+00:00,6.1,23.2,10.672,92.362,0
usp000dcty,2005-01-08 18:45:03.820000+00:00,6.0,10.0,-55.299,-27.956,0
usp000dcxu,2005-01-09 22:12:56.510000+00:00,6.1,40.0,4.926,95.108,0
usp000dd5a,2005-01-12 08:40:03.650000+00:00,6.8,10.0,-0.878,-21.194,0
usp000ddaa,2005-01-14 08:33:14.460000+00:00,6.1,10.0,-4.238,152.717,0
usp000ddcz,2005-01-15 13:47:05.130000+00:00,6.0,58.7,-6.462,105.236,0
usp000ddf0,2005-01-16 08:25:04.470000+00:00,6.2,16.0,-25.528,-176.299,0
usp000ddgf,2005-01-16 20:17:52.760000+00:00,6.6,24.9,10.934,140.842,0
usp000ddk6,2005-01-17 10:50:32.560000+00:00,6.1,12.0,10.986,140.682,0
usp000ddpx,2005-01-18 14:09:06.220000+00:00,6.3,42.0,42.946,144.866,0
usp000ddrk,2005-01-19 06:11:36.400000+00:00,6.6,27.8,34.064,141.491,1
usp000ddxx,2005-01-21 13:45:14.060000+00:00,6.0,10.0,-1.134,-80.829,0
usp000de1d,2005-01-22 20:30:17.350000+00:00,6.4,29.0,-7.727,159.475,0
usp000de4m,2005-01-23 20:10:12.150000+00:00,6.3,11.0,-1.198,119.933,0
usp000de5v,2005-01-24 04:16:47.440000+00:00,6.3,30.0,7.33,92.482,0
usp000de8s,2005-01-24 23:23:26.120000+00:00,6.1,16.9,-1.364,-80.785,0
usp000defg,2005-01-26 22:00:42.570000+00:00,6.2,22.2,2.699,94.602,0
usp000dewk,2005-01-28 09:26:18.830000+00:00,6.1,10.0,-1.183,-81.499,0
usp000deyj,2005-01-28 15:46:45.270000+00:00,6.2,10.0,-1.089,-81.157,0
usp000dfcx,2005-02-02 02:30:25.940000+00:00,6.3,158.7,14.08,144.715,0
usp000dfhb,2005-02-05 03:34:25.730000+00:00,6.6,142.7,16.011,145.867,0
usp000dfhe,2005-02-05 04:03:13.840000+00:00,6.0,30.0,2.255,94.992,0
usp000dfj2,2005-02-05 12:23:18.940000+00:00,7.1,525.0,5.293,123.337,0
usp000dfp5,2005-02-07 20:02:17.690000+00:00,6.1,36.5,-4.525,153.187,0
usp000dfqj,2005-02-08 14:48:21.970000+00:00,6.7,206.3,-14.252,167.259,0
usp000dfsp,2005-02-09 13:27:25.340000+00:00,6.0,44.5,4.797,95.117,0
usp000dft4,2005-02-09 18:46:09.970000+00:00,6.3,24.0,26.088,143.997,0
usp000dfvh,2005-02-10 16:53:19.990000+00:00,6.3,9.0,-23.097,169.219,0
usp000dg5h,2005-02-14 23:38:08.660000+00:00,6.1,22.0,41.728,79.44,0
usp000dg73,2005-02-15 14:42:25.850000+00:00,6.5,39.7,4.756,126.421,0
usp000dgad,2005-02-16 20:27:52.490000+00:00,6.6,10.0,-36.32,-16.558,0
usp000dgfv,2005-02-19 00:04:43.590000+00:00,6.5,10.0,-5.562,122.129,0
usp000dgpx,2005-02-22 02:25:22.920000+00:00,6.4,14.0,30.754,56.816,0
usp000dgt7,2005-02-23 11:33:52.900000+00:00,6.0,10.0,-6.245,150.66,0
usp000dh0k,2005-02-26 12:56:52.620000+00:00,6.8,36.0,2.908,95.592,0
usp000dhc1,2005-03-02 10:42:12.230000+00:00,7.1,201.7,-6.527,129.933,0
usp000dhmv,2005-03-06 04:39:59.430000+00:00,6.1,10.0,-11.045,163.045,0
usp000dhn1,2005-03-06 05:21:43.430000+00:00,6.3,10.0,84.948,99.391,0
usp000dj38,2005-03-13 03:31:23.080000+00:00,6.0,54.0,27.095,61.887,0
usp000djd5,2005-03-17 13:37:37.110000+00:00,6.1,197.4,15.144,-91.381,0
usp000djjp,2005-03-19 15:02:42.670000+00:00,6.1,18.0,-20.407,-174.337,0
usp000djjx,2005-03-19 17:34:46.180000+00:00,6.3,598.7,-21.893,-179.547,0
usp000djku,2005-03-20 01:53:41.830000+00:00,6.6,10.0,33.807,130.131,0
usp000djqf,2005-03-21 12:23:54.090000+00:00,6.9,579.1,-24.983,-63.47,0
usp000djqg,2005-03-21 12:43:12.360000+00:00,6.4,570.1,-24.725,-63.507,0
usp000dk3v,2005-03-26 15:40:34.530000+00:00,6.1,10.0,-4.894,129.938,0
official20050328160936530_30,2005-03-28 16:09:36.530000+00:00,8.6,30.0,2.085,97.108,1
usp000dk9n,2005-03-28 18:30:44.560000+00:00,6.1,36.1,0.923,97.867,0
usp000dkp7,2005-03-30 16:19:41.100000+00:00,6.3,22.0,2.993,95.414,0
usp000dkpk,2005-03-30 17:41:57.160000+00:00,6.1,588.7,-22.459,-179.754,0
usp000dkr3,2005-03-31 01:46:17.760000+00:00,6.0,10.0,-18.448,175.99,0
usp000dm0e,2005-04-02 12:52:36.590000+00:00,6.1,10.0,78.607,6.098,0
usp000dm21,2005-04-03 00:59:21.420000+00:00,6.0,30.0,0.368,98.319,0
usp000dm28,2005-04-03 03:10:56.470000+00:00,6.3,36.0,2.022,97.942,0
usp000dmht,2005-04-07 20:04:41.060000+00:00,6.3,11.0,30.491,83.662,0
usp000dmka,2005-04-08 05:48:37.880000+00:00,6.1,20.9,-0.215,97.731,0
usp000dmmg,2005-04-08 11:38:17.470000+00:00,6.1,10.0,-23.144,169.265,0
usp000dmtx,2005-04-10 10:29:11.280000+00:00,6.7,19.0,-1.644,99.607,1
usp000dmu9,2005-04-10 11:14:19.620000+00:00,6.5,30.0,-1.714,99.779,0
usp000dmxm,2005-04-10 17:24:39.400000+00:00,6.4,30.0,-1.591,99.717,0
usp000dn0t,2005-04-11 06:11:11.820000+00:00,6.1,24.0,2.169,96.759,0
usp000dn1w,2005-04-11 12:20:05.960000+00:00,6.6,11.4,-3.484,145.909,0
usp000dn2a,2005-04-11 14:54:07.030000+00:00,6.0,129.9,-7.293,-77.886,0
usp000dn2k,2005-04-11 17:08:53.940000+00:00,6.7,68.0,-21.975,170.612,0
usp000dnh8,2005-04-16 16:38:03.900000+00:00,6.4,31.0,1.812,97.662,0
usp000dpeg,2005-04-28 14:07:33.700000+00:00,6.2,22.0,2.132,96.799,0
usp000dpzp,2005-05-05 19:12:21.410000+00:00,6.5,18.0,5.71,-82.845,0
usp000dqbc,2005-05-10 01:09:05.100000+00:00,6.3,17.0,-6.226,103.139,0
usp000dqkx,2005-05-12 11:15:35.340000+00:00,6.5,10.0,-57.382,-139.231,0
usp000dqs0,2005-05-14 05:05:18.480000+00:00,6.7,34.0,0.587,98.459,0
usp000dqxx,2005-05-16 03:54:14.620000+00:00,6.6,34.0,-32.589,-179.353,0
usp000dr3b,2005-05-18 09:10:53.650000+00:00,6.0,102.2,-56.413,-26.863,0
usp000dr3h,2005-05-18 10:27:06.410000+00:00,6.2,10.0,-15.318,-173.24,0
usp000dr3m,2005-05-18 11:37:41.740000+00:00,6.1,2.5,5.439,93.357,0
usp000dr4t,2005-05-19 01:54:52.850000+00:00,6.9,30.0,1.989,97.041,0
usp000dr7g,2005-05-20 12:40:42.410000+00:00,6.0,565.3,-24.529,178.84,0
usp000dr94,2005-05-21 05:11:35.390000+00:00,6.3,39.5,-3.286,-80.987,0
usp000ds2d,2005-06-02 10:56:01.650000+00:00,6.1,196.2,-24.221,-67.003,0
usp000ds6y,2005-06-04 14:50:46.650000+00:00,6.1,26.0,-6.319,146.846,0
usp000dsgp,2005-06-08 06:28:10.920000+00:00,6.1,23.5,2.17,96.724,0
usp000dstt,2005-06-12 19:26:24.800000+00:00,6.0,94.1,-56.293,-27.075,0
usp000dsw1,2005-06-13 22:44:33.900000+00:00,7.8,115.6,-19.987,-69.197,0
usp000dszm,2005-06-14 17:10:12.280000+00:00,6.8,17.0,51.239,179.314,0
usp000dt25,2005-06-15 02:50:54.190000+00:00,7.2,16.0,41.292,-125.953,1
usp000dt3u,2005-06-15 10:13:59.390000+00:00,6.2,74.6,-4.595,153.191,0
usp000dt52,2005-06-15 19:52:24.820000+00:00,6.4,10.0,-44.865,-80.562,0
usp000dt8h,2005-06-17 06:21:42.590000+00:00,6.6,12.0,40.773,-126.574,0
usp000du0j,2005-06-27 11:35:45.600000+00:00,6.2,20.0,18.781,-107.298,0
usp000dubj,2005-07-02 02:16:43.700000+00:00,6.6,27.0,11.245,-86.172,0
usp000duh0,2005-07-04 11:36:05.650000+00:00,6.3,10.0,-42.283,42.37,0
usp000dujc,2005-07-05 01:52:02.950000+00:00,6.7,21.0,1.819,97.082,0
usp000duw6,2005-07-10 04:46:31.240000+00:00,6.1,10.0,-36.31,-97.264,0
usp000dv11,2005-07-11 23:06:01.740000+00:00,6.0,10.0,-27.001,-176.322,0
usp000dvr2,2005-07-23 08:51:43.570000+00:00,6.0,10.0,-30.254,-178.068,0
usp000dvtc,2005-07-24 15:42:06.210000+00:00,7.2,16.0,7.92,92.19,0
usp000dw9z,2005-07-30 11:03:49.120000+00:00,6.0,10.0,-61.474,154.249,0
usp000dwju,2005-08-03 11:03:15.130000+00:00,6.3,14.0,11.247,-85.541,0
usp000dwtg,2005-08-06 09:56:13.540000+00:00,6.0,205.4,-19.614,-175.85,0
usp000dwv4,2005-08-07 02:17:46.040000+00:00,6.2,10.0,-47.09,33.62,0
usp000dww3,2005-08-07 11:35:26.140000+00:00,6.0,10.0,-14.449,-177.293,0
usp000dwzx,2005-08-09 05:26:17.530000+00:00,6.1,23.6,-20.942,173.825,0
usp000dx0h,2005-08-09 14:12:21.170000+00:00,6.1,35.0,-21.097,173.874,0
usp000dx4p,2005-08-11 09:08:46.810000+00:00,6.2,10.0,-22.677,169.509,0
usp000dx89,2005-08-13 07:36:52.770000+00:00,6.0,48.6,20.134,145.801,0
usp000dxe2,2005-08-16 02:46:28.400000+00:00,7.2,36.0,38.276,142.039,1
usp000dxye,2005-08-24 10:15:28.190000+00:00,6.1,10.0,38.564,142.987,0
usp000dy3w,2005-08-26 18:16:33.620000+00:00,6.2,10.0,14.417,52.365,0
usp000dy5q,2005-08-27 18:38:20.940000+00:00,6.1,10.0,6.817,-82.432,0
usp000dyc1,2005-08-30 18:10:45.460000+00:00,6.1,21.1,38.481,143.175,0
usp000dysk,2005-09-04 23:58:34.890000+00:00,6.0,443.9,3.004,123.073,0
usp000dyt8,2005-09-05 07:37:31.310000+00:00,6.2,10.0,-56.41,-142.392,0
usp000dz2j,2005-09-09 07:26:43.730000+00:00,7.6,90.0,-4.539,153.474,0
usp000dzum,2005-09-21 02:25:08.110000+00:00,6.1,103.0,43.892,146.145,0
usp000e07f,2005-09-25 12:55:46.600000+00:00,6.1,30.0,-17.515,167.801,0
usp000e09h,2005-09-26 01:55:37.670000+00:00,7.5,115.0,-5.678,-76.398,0
usp000e0h0,2005-09-29 15:50:24.030000+00:00,6.6,25.0,-5.437,151.84,0
usp000e0hb,2005-09-29 18:23:25.980000+00:00,6.2,28.0,-5.563,151.865,0
usp000e12e,2005-10-08 03:50:40.800000+00:00,7.6,26.0,34.539,73.588,0
usp000e166,2005-10-08 10:46:28.790000+00:00,6.4,8.0,34.733,73.1,0
usp000e1we,2005-10-15 10:06:17.010000+00:00,6.1,42.8,46.816,154.113,0
usp000e1wr,2005-10-15 15:51:08.130000+00:00,6.4,192.0,25.309,123.351,0
usp000e287,2005-10-19 11:44:42.790000+00:00,6.3,32.0,36.405,140.839,0
usp000e329,2005-10-29 04:05:56.040000+00:00,6.5,8.0,-45.214,96.898,0
usp000e3j8,2005-11-05 10:48:21.220000+00:00,6.4,25.0,-3.149,148.143,0
usp000e462,2005-11-14 21:38:51.420000+00:00,7.0,11.0,38.107,144.896,1
usp000e4cy,2005-11-17 19:26:54.490000+00:00,6.8,147.0,-22.361,-67.895,0
usp000e4gh,2005-11-19 14:10:13.030000+00:00,6.5,21.0,2.164,96.786,0
usp000e4j8,2005-11-20 12:53:02.950000+00:00,6.2,30.0,53.843,-164.093,0
usp000e4nm,2005-11-21 15:36:30.980000+00:00,6.1,145.0,31.019,129.997,0
usp000e4qd,2005-11-22 15:11:31.580000+00:00,6.2,68.0,-5.154,145.284,0
usp000e53h,2005-11-28 16:41:28.140000+00:00,6.0,11.0,20.29,146.055,0
usp000e583,2005-11-30 16:53:42.470000+00:00,6.4,13.0,6.27,124.029,0
usp000e5c8,2005-12-02 13:13:09.520000+00:00,6.5,29.0,38.089,142.122,0
usp000e5jx,2005-12-05 12:19:56.620000+00:00,6.8,22.0,-6.224,29.83,0
usp000e5rc,2005-12-07 23:32:51.550000+00:00,6.4,21.0,-30.012,-177.637,0
usp000e5sc,2005-12-08 09:01:27.110000+00:00,6.1,216.8,-5.408,146.953,0
usp000e5zd,2005-12-11 14:20:45+00:00,6.6,17.0,-6.584,152.223,0
usp000e61s,2005-12-12 21:47:46.070000+00:00,6.5,224.6,36.357,71.093,0
usp000e62c,2005-12-13 03:16:06.380000+00:00,6.7,10.0,-15.265,-178.571,0
usp000e69b,2005-12-16 18:32:16.420000+00:00,6.0,42.9,38.506,141.9,0
usp000e6fw,2005-12-20 05:51:12.560000+00:00,6.1,22.8,12.232,140.995,0
usp000e6ht,2005-12-21 07:09:05.170000+00:00,6.3,25.0,-0.066,124.672,0
usp000e6jd,2005-12-21 14:32:38.910000+00:00,6.0,7.0,6.643,-82.755,0
usp000e6m9,2005-12-22 12:20:02.940000+00:00,6.3,10.0,-54.719,-135.868,0
usp000e6qp,2005-12-23 21:47:28+00:00,6.1,192.9,-1.386,-77.517,0
usp000e786,2005-12-30 18:26:43.900000+00:00,6.1,10.0,7.529,-82.266,0
usp000e7dd,2006-01-02 06:10:49.760000+00:00,7.4,13.0,-60.957,-21.606,0
usp000e7f0,2006-01-02 22:13:40.490000+00:00,7.2,582.9,-19.926,-178.178,0
usp000e7jp,2006-01-04 08:32:32.400000+00:00,6.6,14.0,28.164,-112.117,0
usp000e7ph,2006-01-06 03:39:58.550000+00:00,6.1,7.4,6.635,-82.337,0
usp000e7u3,2006-01-08 11:34:55.640000+00:00,6.7,66.0,36.311,23.212,0
usp000e896,2006-01-15 11:58:29.120000+00:00,6.1,264.8,-7.826,122.597,0
usp000e8qf,2006-01-23 06:02:58.140000+00:00,6.4,23.0,-17.391,167.715,0
usp000e8rg,2006-01-23 20:50:44.980000+00:00,6.2,14.0,6.864,-77.793,0
usp000e8ys,2006-01-27 16:58:53.670000+00:00,7.6,397.0,-5.473,128.131,0
usp000e9aq,2006-02-02 12:48:43.440000+00:00,6.7,597.5,-17.747,-178.39,0
usp000e9dn,2006-02-03 20:34:10.980000+00:00,6.1,19.0,11.86,92.372,0
usp000ea2a,2006-02-14 15:27:23.340000+00:00,6.3,40.0,20.821,146.18,0
usp000eaa9,2006-02-18 15:59:22.090000+00:00,6.2,44.2,-5.193,152.053,0
usp000eamh,2006-02-22 22:19:07.800000+00:00,7.0,11.0,-21.324,33.583,0
usp000eang,2006-02-23 04:04:05.020000+00:00,6.2,10.0,-54.669,1.765,0
usp000eart,2006-02-24 14:15:45.210000+00:00,6.1,622.4,-17.995,-179.59,0
usp000eavw,2006-02-26 03:08:27.810000+00:00,6.4,535.2,-23.607,-179.989,0
usp000eaw0,2006-02-26 04:18:42.110000+00:00,6.0,32.5,-15.283,-176.239,0
usp000eb19,2006-02-28 07:31:02.650000+00:00,6.0,18.0,28.12,56.865,0
usp000ebaz,2006-03-03 23:36:27.980000+00:00,6.0,10.0,-55.695,-4.232,0
usp000ebf3,2006-03-05 08:07:56.570000+00:00,6.1,205.8,-20.118,-175.661,0
usp000ebjk,2006-03-06 18:13:08.430000+00:00,6.2,10.0,-40.103,78.486,0
usp000ebkq,2006-03-07 06:28:55.050000+00:00,6.2,136.2,-14.805,167.368,0
usp000ebsr,2006-03-09 17:55:55.350000+00:00,6.0,10.0,0.791,-26.125,0
usp000ebvn,2006-03-10 10:12:18.630000+00:00,6.1,10.0,-60.419,-46.505,0
usp000ec4d,2006-03-14 06:57:33.860000+00:00,6.7,30.1,-3.595,127.214,1
usp000ecub,2006-03-24 12:27:05.380000+00:00,6.1,12.0,-3.245,143.144,0
usp000ecum,2006-03-24 17:46:49.780000+00:00,6.0,10.0,-16.885,174.504,0
usp000edad,2006-03-31 01:17:00.960000+00:00,6.1,7.0,33.5,48.78,0
usp000edbg,2006-03-31 13:21:00.250000+00:00,6.5,13.0,-29.435,-176.768,0
usp000edc9,2006-03-31 21:14:45.200000+00:00,6.2,37.0,3.798,126.344,0
usp000ede6,2006-04-01 10:02:19.570000+00:00,6.1,9.0,22.868,121.278,0
usp000edn5,2006-04-04 02:30:28.390000+00:00,6.0,33.5,18.716,-106.992,0
usp000edw9,2006-04-07 08:30:44.630000+00:00,6.5,14.0,-16.527,176.989,0
usp000ee8f,2006-04-12 01:06:58.690000+00:00,6.0,28.8,56.397,163.99,0
usp000eemq,2006-04-15 23:50:14.720000+00:00,6.0,19.8,-29.772,-72.003,0
usp000eetg,2006-04-17 23:49:56.870000+00:00,6.1,16.0,-12.475,166.508,0
usp000eeyc,2006-04-19 20:36:46.400000+00:00,6.2,17.0,2.643,93.226,0
usp000ef1h,2006-04-20 23:25:02.150000+00:00,7.6,22.0,60.949,167.089,0
usp000ef1j,2006-04-20 23:28:03.900000+00:00,6.1,10.0,60.874,167.007,0
usp000ef4h,2006-04-21 04:32:43.820000+00:00,6.1,9.0,60.527,165.816,0
usp000ef5r,2006-04-21 11:14:15.330000+00:00,6.1,12.0,61.354,167.525,0
usp000efgw,2006-04-25 18:26:17.150000+00:00,6.3,21.0,1.994,96.995,0
usp000efhd,2006-04-26 01:46:03.860000+00:00,6.1,10.0,-57.482,147.568,0
usp000efs5,2006-04-29 16:58:06.320000+00:00,6.6,11.0,60.491,167.516,0
usp000efts,2006-04-30 08:17:34.860000+00:00,6.1,127.7,-15.103,167.441,0
usp000efv7,2006-04-30 19:17:14.980000+00:00,6.7,12.0,-27.017,-71.022,0
usp000efvc,2006-04-30 19:33:18.940000+00:00,6.0,10.0,-15.523,-173.101,0
usp000efw2,2006-04-30 21:40:58.440000+00:00,6.5,12.0,-27.211,-71.056,0
usp000eg5g,2006-05-03 15:26:40.290000+00:00,8.0,55.0,-20.187,-174.123,1
usp000eg8u,2006-05-04 11:25:26.050000+00:00,6.0,11.0,-20.579,-174.036,0
usp000egeb,2006-05-06 18:26:50.540000+00:00,6.0,10.0,-38.62,78.57,0
usp000eggk,2006-05-07 14:17:35.170000+00:00,6.1,10.0,-36.805,78.545,0
usp000egqf,2006-05-10 02:42:51.030000+00:00,6.4,18.0,52.515,-169.256,0
usp000eh87,2006-05-16 10:39:23.340000+00:00,7.4,152.0,-31.81,-179.307,0
usp000eh8s,2006-05-16 15:28:25.920000+00:00,6.8,12.0,0.093,97.05,0
usp000ehae,2006-05-17 03:06:16.360000+00:00,6.0,11.0,-20.634,-173.952,0
usp000ehgc,2006-05-19 14:44:24.900000+00:00,6.3,35.0,-0.143,124.713,0
usp000ehkr,2006-05-21 02:07:36.430000+00:00,6.0,10.0,1.55,-85.311,0
usp000ehph,2006-05-22 11:12:00.800000+00:00,6.6,19.0,60.772,165.743,0
usp000ehpz,2006-05-22 13:08:02.950000+00:00,6.2,197.0,54.271,158.447,0
usp000ehr1,2006-05-22 20:53:57.410000+00:00,6.1,2.8,-4.715,126.811,0
usp000ej1c,2006-05-26 22:53:58.920000+00:00,6.3,12.5,-7.961,110.446,0
usp000ej4t,2006-05-28 03:12:08.760000+00:00,6.5,34.0,-5.724,151.133,0
usp000ejh4,2006-06-02 07:31:36.460000+00:00,6.0,591.6,-20.837,-178.701,0
usp000ejr6,2006-06-05 06:27:07.960000+00:00,6.0,10.0,1.175,-28.065,0
usp000ek01,2006-06-09 05:58:27.770000+00:00,6.1,564.4,-17.531,-178.747,0
usp000ek60,2006-06-11 20:01:26.350000+00:00,6.3,140.0,33.134,131.145,0
usp000ekaq,2006-06-14 04:18:42.510000+00:00,6.5,14.0,51.752,177.082,0
usp000ekax,2006-06-14 04:46:42.420000+00:00,6.0,29.1,51.948,177.128,0
usp000ekrd,2006-06-18 18:28:02.100000+00:00,6.0,9.0,33.028,-39.702,0
usp000ekxx,2006-06-21 12:34:52.680000+00:00,6.0,16.0,6.938,92.454,0
usp000em03,2006-06-22 10:53:11.570000+00:00,6.0,95.0,45.417,149.343,0
usp000em69,2006-06-24 21:15:00.920000+00:00,6.3,26.0,-0.39,123.195,0
usp000emca,2006-06-27 02:39:32.900000+00:00,6.2,17.0,52.23,176.158,0
usp000emcc,2006-06-27 02:59:15.310000+00:00,6.3,569.9,-19.865,-178.287,0
usp000eme6,2006-06-27 18:07:22.740000+00:00,6.3,28.8,6.501,92.793,0
usp000en2g,2006-07-07 07:26:12.530000+00:00,6.0,35.0,-15.244,-173.61,0
usp000en5e,2006-07-08 20:40:00.980000+00:00,6.6,22.0,51.214,-179.312,0
usp000enqg,2006-07-16 11:42:41.410000+00:00,6.2,10.0,-28.715,-72.543,0
usp000ensm,2006-07-17 08:19:26.680000+00:00,7.7,20.0,-9.284,107.419,1
usp000ensv,2006-07-17 09:13:04.960000+00:00,6.0,10.0,-9.087,107.76,0
usp000enuy,2006-07-17 15:45:59.820000+00:00,6.1,21.0,-9.42,108.319,0
usp000ep36,2006-07-19 10:57:36.880000+00:00,6.1,45.0,-6.535,105.389,0
usp000ep3b,2006-07-19 11:48:58.290000+00:00,6.4,28.2,-5.474,150.684,0
usp000epcn,2006-07-23 08:22:04.160000+00:00,6.0,28.0,-0.336,123.286,0
usp000eppm,2006-07-27 11:16:40.370000+00:00,6.3,20.0,1.707,97.146,0
usp000eqf9,2006-08-07 22:18:55.090000+00:00,6.8,150.0,-15.798,167.789,0
usp000eqqe,2006-08-11 14:30:40.150000+00:00,6.1,56.0,18.541,-101.048,0
usp000eqr2,2006-08-11 20:54:14.370000+00:00,6.2,22.0,2.403,96.348,0
usp000er0y,2006-08-15 23:53:46.770000+00:00,6.1,154.0,-21.189,-176.25,0
usp000erbz,2006-08-20 03:01:02.410000+00:00,6.0,26.0,49.823,156.415,0
usp000erc2,2006-08-20 03:41:48.040000+00:00,7.0,13.0,-61.029,-34.371,0
usp000erp5,2006-08-24 21:50:36.650000+00:00,6.5,43.0,51.148,157.522,0
usp000erpk,2006-08-25 00:44:46.160000+00:00,6.6,184.0,-24.403,-67.028,0
usp000es7n,2006-09-01 10:18:51.600000+00:00,6.8,38.0,-6.759,155.512,0
usp000esrb,2006-09-09 04:13:12.060000+00:00,6.3,572.0,-7.219,120.106,0
usp000esyx,2006-09-12 13:30:55.660000+00:00,6.0,114.0,-28.944,-68.898,0
usp000et62,2006-09-16 09:45:23.910000+00:00,6.3,17.0,-3.08,129.441,0
usp000et8q,2006-09-17 09:34:13.580000+00:00,6.2,137.0,-31.733,-67.145,0
usp000ethq,2006-09-21 18:54:50.050000+00:00,6.0,25.0,-9.05,110.365,0
usp000etj9,2006-09-22 02:32:25.640000+00:00,6.0,598.3,-26.868,-63.149,0
usp000etzf,2006-09-28 06:22:09.730000+00:00,6.9,28.0,-16.592,-172.033,1
usp000eu2n,2006-09-29 13:08:26.160000+00:00,6.1,53.0,10.876,-61.756,0
usp000eu5d,2006-09-30 16:26:56.120000+00:00,6.0,107.0,-15.588,-73.16,0
usp000eu5f,2006-09-30 17:50:23.050000+00:00,6.6,11.0,46.351,153.166,0
usp000eu5g,2006-09-30 17:56:16.100000+00:00,6.0,10.0,46.185,153.169,0
usp000eu7k,2006-10-01 09:06:02.320000+00:00,6.5,19.0,46.47,153.24,0
usp000euee,2006-10-03 18:03:13.430000+00:00,6.3,161.0,-18.84,169.001,0
usp000eus2,2006-10-09 10:01:47.400000+00:00,6.3,14.0,20.654,120.023,0
usp000euve,2006-10-10 08:02:51.950000+00:00,6.0,10.0,-56.101,-122.373,0
usp000euww,2006-10-10 23:58:04+00:00,6.0,9.0,37.197,142.664,0
usp000ev15,2006-10-12 18:05:56.570000+00:00,6.4,31.0,-31.256,-71.368,0
hv5532127,2006-10-15 17:07:49.200000+00:00,6.7,38.182,19.877,-155.9346667,1
hv6000471,2006-10-15 17:14:12.050000+00:00,6.0,16.235,20.1281667,-155.9835,0
usp000evbu,2006-10-17 01:25:12.230000+00:00,6.7,32.0,-5.881,150.982,0
usp000evf2,2006-10-18 10:45:32.930000+00:00,6.4,115.0,-15.053,167.266,0
usp000evkn,2006-10-20 10:48:56.010000+00:00,6.7,23.0,-13.457,-76.677,0
usp000evsd,2006-10-22 08:55:16.760000+00:00,6.1,10.0,-45.727,95.987,0
usp000evvx,2006-10-23 21:17:19.980000+00:00,6.4,11.0,29.351,140.27,1
usp000evwc,2006-10-24 03:03:45.280000+00:00,6.1,10.0,4.898,125.295,0
usp000ew3h,2006-10-26 22:54:32.320000+00:00,6.0,28.1,-13.371,-76.618,0
usp000ews4,2006-11-06 20:56:51.110000+00:00,6.0,133.2,-5.45,146.637,0
usp000ewu6,2006-11-07 17:38:33.800000+00:00,6.6,11.0,-6.482,151.195,0
usp000ex81,2006-11-12 18:21:26.140000+00:00,6.2,12.0,-6.225,151.05,0
usp000ex8r,2006-11-13 01:26:35.870000+00:00,6.8,572.0,-26.052,-63.283,0
usp000exac,2006-11-13 16:12:28.980000+00:00,6.2,11.0,-6.38,151.23,0
usp000exd5,2006-11-14 14:21:01.320000+00:00,6.1,345.0,-6.39,127.998,0
usp000exfn,2006-11-15 11:14:13.570000+00:00,8.3,10.0,46.592,153.266,1
usp000exfs,2006-11-15 11:25:09+00:00,6.0,10.0,47.518,152.647,0
usp000exfu,2006-11-15 11:28:38.460000+00:00,6.0,10.0,46.086,154.1,0
usp000exfv,2006-11-15 11:29:22.790000+00:00,6.2,10.0,46.371,154.475,0
usp000exfy,2006-11-15 11:34:58.130000+00:00,6.4,10.0,46.652,155.305,0
usp000exg0,2006-11-15 11:40:55.050000+00:00,6.7,10.0,46.483,154.726,0
usp000exmb,2006-11-15 19:25:25.990000+00:00,6.0,10.0,47.006,154.979,0
usp000exsc,2006-11-16 06:20:20.770000+00:00,6.0,9.0,46.358,154.468,0
usp000exwe,2006-11-16 20:29:54.970000+00:00,6.1,10.0,-51.996,139.473,0
usp000ey17,2006-11-17 18:03:12.260000+00:00,6.2,22.0,28.591,129.895,0
usp000ey9k,2006-11-19 18:57:33.590000+00:00,6.1,10.0,-4.521,-104.832,0
usp000ez3h,2006-11-29 01:32:17.920000+00:00,6.2,39.0,2.52,128.283,0
usp000ez7y,2006-11-30 11:33:17.020000+00:00,6.0,13.5,-21.297,-174.677,0
usp000ez8j,2006-11-30 21:20:11.590000+00:00,6.2,10.0,-53.844,-134.359,0
usp000ez92,2006-12-01 03:58:21.650000+00:00,6.3,204.0,3.39,99.079,0
usp000ez9y,2006-12-01 14:01:44.260000+00:00,6.3,19.0,-8.261,118.753,0
usp000ezf4,2006-12-03 20:52:15.910000+00:00,6.0,61.2,13.994,-91.207,0
usp000ezr9,2006-12-07 19:10:21.850000+00:00,6.4,16.0,46.153,154.386,0
usp000f030,2006-12-12 15:48:03.270000+00:00,6.3,213.5,3.733,124.684,0
usp000f0t4,2006-12-22 19:50:44.630000+00:00,6.2,24.0,10.653,92.361,0
usp000f114,2006-12-26 12:26:21.140000+00:00,7.1,10.0,21.799,120.547,1
usp000f115,2006-12-26 12:34:13.800000+00:00,6.9,10.0,21.974,120.493,0
usp000f11t,2006-12-26 15:19:45.210000+00:00,6.0,10.0,48.321,154.837,0
usp000f14z,2006-12-27 20:15:38.640000+00:00,6.0,355.0,-5.724,154.424,0
usp000f1ab,2006-12-30 08:30:49.790000+00:00,6.6,15.0,13.313,51.365,0
usp000f1z8,2007-01-08 12:48:40.510000+00:00,6.1,11.0,8.077,92.437,0
usp000f1zv,2007-01-08 17:21:49.910000+00:00,6.0,16.0,39.803,70.312,0
usp000f202,2007-01-08 20:52:20.640000+00:00,6.3,406.8,-18.58,-177.847,0
usp000f26m,2007-01-11 14:31:20.740000+00:00,6.0,13.0,-3.655,127.283,0
usp000f2ab,2007-01-13 04:23:21.160000+00:00,8.1,10.0,46.243,154.524,1
usp000f2et,2007-01-13 17:37:06.310000+00:00,6.0,10.0,46.913,156.276,0
usp000f2uh,2007-01-17 04:28:26.660000+00:00,6.0,100.8,-3.322,139.834,0
usp000f2wk,2007-01-17 23:18:49.800000+00:00,6.2,8.0,10.125,58.708,0
usp000f31t,2007-01-20 06:21:04.560000+00:00,6.2,10.0,-55.419,-29.533,0
usp000f34b,2007-01-21 11:27:45.060000+00:00,7.5,22.0,1.065,126.282,0
usp000f368,2007-01-21 17:32:55.520000+00:00,6.2,23.0,1.06,126.345,0
usp000f3jg,2007-01-25 10:59:17.650000+00:00,6.0,36.2,22.564,121.926,0
usp000f3xh,2007-01-30 04:54:50.570000+00:00,6.9,11.0,-54.74,146.298,0
usp000f3za,2007-01-30 21:37:44.370000+00:00,6.6,20.0,20.98,144.705,0
usp000f3zy,2007-01-31 03:15:52.290000+00:00,6.5,34.0,-29.776,-178.002,0
usp000f49p,2007-02-04 20:56:59.130000+00:00,6.2,10.0,19.372,-78.518,0
usp000f49q,2007-02-04 21:17:46.790000+00:00,6.2,10.0,-55.883,-122.721,0
usp000f4qu,2007-02-12 10:35:22.750000+00:00,6.0,20.0,35.804,-10.312,0
usp000f4qy,2007-02-12 12:45:31.700000+00:00,6.1,24.0,5.561,126.073,0
usp000f500,2007-02-17 00:02:56.760000+00:00,6.0,31.0,41.794,143.553,0
usp000f57a,2007-02-20 08:04:25.280000+00:00,6.7,12.0,-1.034,126.976,0
usp000f582,2007-02-20 14:25:26.340000+00:00,6.0,11.0,-1.032,126.975,0
usp000f5gh,2007-02-24 02:36:23.650000+00:00,6.3,23.0,-7.006,-80.485,0
usp000f5va,2007-02-28 23:13:15.610000+00:00,6.2,10.0,-55.245,-29.142,0
usp000f5x2,2007-03-01 23:11:52.070000+00:00,6.0,10.0,26.581,-44.594,0
usp000f65w,2007-03-06 03:49:38.900000+00:00,6.4,19.0,-0.493,100.498,0
usp000f660,2007-03-06 05:49:25.430000+00:00,6.3,11.0,-0.488,100.53,0
usp000f6aj,2007-03-08 05:03:32.260000+00:00,6.1,139.6,29.908,140.204,0
usp000f6az,2007-03-08 11:14:31.510000+00:00,6.2,10.0,-58.217,-7.615,0
usp000f6bx,2007-03-09 03:22:42.760000+00:00,6.0,441.2,43.224,133.526,0
usp000f6m4,2007-03-13 02:59:04.400000+00:00,6.0,26.1,26.261,-110.537,0
usp000f6w4,2007-03-17 17:42:26.290000+00:00,6.2,35.0,1.132,126.216,0
usp000f6wd,2007-03-17 22:43:09.620000+00:00,6.0,10.0,4.551,-78.536,0
usp000f6wx,2007-03-18 02:11:05.300000+00:00,6.2,7.0,4.585,-78.494,0
usp000f7b4,2007-03-25 00:40:01.610000+00:00,7.1,34.0,-20.617,169.357,1
usp000f7b5,2007-03-25 00:41:57.820000+00:00,6.7,8.0,37.336,136.588,1
usp000f7b9,2007-03-25 01:08:19.050000+00:00,6.9,35.0,-20.754,169.354,0
usp000f7zp,2007-03-31 12:49:03.710000+00:00,6.2,10.0,-56.083,-123.27,0
usp000f83m,2007-04-01 20:39:58.710000+00:00,8.1,24.0,-8.466,157.043,1
usp000f83n,2007-04-01 20:46:19.350000+00:00,6.1,24.3,-9.505,156.934,0
usp000f83p,2007-04-01 20:47:31.310000+00:00,6.6,10.0,-7.169,155.777,0
usp000f83w,2007-04-01 21:11:33.150000+00:00,6.9,10.0,-7.306,155.741,0
usp000f83x,2007-04-01 21:15:22.700000+00:00,6.0,10.0,-7.303,155.682,0
usp000f86j,2007-04-02 02:49:35.900000+00:00,6.1,4.9,-45.382,-73.058,0
usp000f88t,2007-04-02 10:49:17.720000+00:00,6.1,34.0,-7.225,156.243,0
usp000f890,2007-04-02 12:02:23.340000+00:00,6.2,14.0,-8.706,157.62,0
usp000f8cb,2007-04-02 23:20:23.270000+00:00,6.2,18.0,-8.617,157.386,0
usp000f8dk,2007-04-03 03:35:07.280000+00:00,6.2,222.1,36.451,70.688,0
usp000f8fc,2007-04-03 12:04:27.370000+00:00,6.1,8.0,-7.857,155.801,0
usp000f8hs,2007-04-03 20:26:09.590000+00:00,6.2,12.0,-20.633,168.994,0
usp000f8jn,2007-04-04 00:39:43.950000+00:00,6.0,10.0,-7.141,156.047,0
usp000f8m0,2007-04-04 06:34:35.960000+00:00,6.4,17.0,-7.76,156.49,0
usp000f8mt,2007-04-04 11:00:27.940000+00:00,6.2,13.0,-20.715,168.828,0
usp000f8mu,2007-04-04 11:02:29.620000+00:00,6.5,10.0,-20.688,169.056,0
usp000f8r5,2007-04-05 03:56:50.480000+00:00,6.3,14.0,37.306,-24.621,0
usp000f8yj,2007-04-07 07:09:25.370000+00:00,6.1,8.0,37.306,-24.494,0
usp000f8z7,2007-04-07 09:51:51.620000+00:00,6.1,30.0,2.916,95.7,0
usp000f9hz,2007-04-12 18:24:49.030000+00:00,6.0,10.0,-61.828,160.96,0
usp000f9kc,2007-04-13 05:42:23.030000+00:00,6.0,34.0,17.302,-100.198,0
usp000f9mq,2007-04-13 18:24:19.160000+00:00,6.1,10.0,-35.051,-108.836,0
usp000f9va,2007-04-16 13:20:38.230000+00:00,6.4,10.0,-58.015,147.964,0
usp000fa3r,2007-04-20 00:26:40.600000+00:00,6.1,10.0,25.722,125.093,0
usp000fa44,2007-04-20 01:45:56.110000+00:00,6.3,9.0,25.71,125.108,0
usp000fa4b,2007-04-20 02:23:34.040000+00:00,6.0,11.1,25.623,125.043,0
usp000fa89,2007-04-21 07:12:48.060000+00:00,6.1,407.4,-3.548,151.266,0
usp000fa95,2007-04-21 17:20:31.930000+00:00,6.1,40.7,-13.838,166.843,0
usp000fa97,2007-04-21 17:53:46.310000+00:00,6.2,36.7,-45.243,-72.648,0
usp000fak4,2007-04-25 13:34:14.230000+00:00,6.4,55.0,-14.285,166.863,0
usp000fat8,2007-04-28 14:02:37.910000+00:00,6.1,10.0,-60.789,-20.208,0
usp000favm,2007-04-29 12:41:57.390000+00:00,6.2,117.0,52.007,-179.972,0
usp000fb7d,2007-05-04 12:06:51.750000+00:00,6.2,7.0,-1.41,-14.921,0
usp000fb9k,2007-05-05 08:51:39.090000+00:00,6.1,9.0,34.248,81.967,0
usp000fbdn,2007-05-06 21:11:52.500000+00:00,6.5,676.4,-19.401,-179.354,0
usp000fbdr,2007-05-06 22:01:08.920000+00:00,6.1,688.0,-19.406,-179.315,0
usp000fbf8,2007-05-07 11:15:16.230000+00:00,6.1,10.0,-44.85,-80.453,0
usp000fc2v,2007-05-16 08:56:14.120000+00:00,6.3,9.0,20.503,100.732,0
usp000fc64,2007-05-17 19:29:10.250000+00:00,6.0,40.7,-30.658,-178.202,0
usp000fcyh,2007-05-29 01:03:27.920000+00:00,6.1,132.5,-4.587,151.841,0
usp000fcze,2007-05-29 09:36:05.600000+00:00,6.1,24.0,-1.065,127.343,0
usp000fd27,2007-05-30 20:22:12.660000+00:00,6.4,116.0,52.137,157.293,0
usp000fd8a,2007-06-02 21:34:57.780000+00:00,6.1,5.0,23.028,101.052,0
usp000fdh6,2007-06-07 00:40:38.130000+00:00,6.2,4.7,-3.316,146.761,0
usp000fdyv,2007-06-13 19:29:40.180000+00:00,6.7,23.0,13.554,-90.618,0
usp000fe95,2007-06-18 06:18:45.680000+00:00,6.3,9.0,-3.55,150.962,0
usp000fepk,2007-06-24 00:25:18.400000+00:00,6.5,10.0,-55.645,-2.626,0
usp000fexm,2007-06-26 22:23:03.040000+00:00,6.0,10.0,-10.492,108.149,0
usp000ff08,2007-06-28 02:52:10.990000+00:00,6.7,18.0,-7.979,154.635,0
usp000ffbw,2007-07-03 08:26:00.810000+00:00,6.3,10.0,0.715,-30.272,0
usp000ffjx,2007-07-06 01:09:19+00:00,6.1,113.0,16.35,-93.99,0
usp000fg0p,2007-07-12 05:23:49.340000+00:00,6.1,152.1,-7.933,-74.379,0
usp000fg44,2007-07-13 21:54:43.110000+00:00,6.0,35.0,51.838,-176.28,0
usp000fg76,2007-07-15 09:27:34.480000+00:00,6.1,8.0,-15.383,168.597,0
usp000fg7x,2007-07-15 13:08:01.680000+00:00,6.1,15.0,52.491,-168.035,0
usp000fg9t,2007-07-16 01:13:22.370000+00:00,6.6,12.0,37.535,138.446,1
usp000fgc3,2007-07-16 14:17:37.340000+00:00,6.8,350.4,36.808,134.85,0
usp000fgeg,2007-07-17 09:39:27.810000+00:00,6.1,10.0,-26.206,-177.744,0
usp000fggm,2007-07-18 00:07:35.460000+00:00,6.1,10.0,-26.295,-177.738,0
usp000fgsv,2007-07-21 13:27:04.410000+00:00,6.1,644.9,-8.133,-71.272,0
usp000fgt2,2007-07-21 15:34:52.600000+00:00,6.4,289.5,-22.151,-65.777,0
usp000fh38,2007-07-25 23:37:31.520000+00:00,6.1,15.0,7.157,92.518,0
usp000fh3s,2007-07-26 05:40:16.100000+00:00,6.9,25.0,2.872,127.464,0
usp000fh76,2007-07-27 14:46:26.880000+00:00,6.1,10.0,-21.459,170.939,0
usp000fhjf,2007-07-31 22:55:31.120000+00:00,6.2,11.0,-0.162,-17.795,0
usp000fhm9,2007-08-01 17:08:51.400000+00:00,7.2,120.0,-15.595,167.68,0
usp000fhn0,2007-08-02 02:37:42.380000+00:00,6.2,5.0,47.116,141.798,1
usp000fhn5,2007-08-02 03:21:42.820000+00:00,6.7,21.0,51.307,-179.971,1
usp000fhvp,2007-08-04 14:24:51.680000+00:00,6.1,10.0,-4.797,-105.406,0
usp000fhxg,2007-08-05 09:28:39.830000+00:00,6.0,40.0,-19.148,168.718,0
usp000fj2d,2007-08-07 00:02:24.200000+00:00,6.0,18.1,27.292,126.836,0
usp000fj6j,2007-08-08 17:04:57.840000+00:00,6.1,291.2,-5.926,107.681,0
usp000fj6k,2007-08-08 17:05:04.920000+00:00,7.5,280.0,-5.859,107.419,0
usp000fjg8,2007-08-12 12:05:19.850000+00:00,6.0,42.0,-11.378,166.273,0
usp000fjk2,2007-08-13 10:27:23.070000+00:00,6.1,10.0,-60.549,153.785,0
usp000fjsq,2007-08-15 20:22:11.120000+00:00,6.5,9.0,50.322,-177.548,0
usp000fjta,2007-08-15 23:40:57.890000+00:00,8.0,39.0,-13.386,-76.603,1
usp000fjva,2007-08-16 05:16:56.150000+00:00,6.4,23.4,-14.282,-76.127,0
usp000fjw7,2007-08-16 08:39:28.440000+00:00,6.5,15.0,-9.834,159.465,0
usp000fjx3,2007-08-16 11:35:41.790000+00:00,6.0,35.0,-14.286,-76.214,0
usp000fjzv,2007-08-17 03:04:03.090000+00:00,6.4,10.0,-5.261,129.432,0
usp000fk32,2007-08-18 02:52:35.400000+00:00,6.0,30.0,-13.805,-76.291,0
usp000fk9n,2007-08-20 13:46:17.410000+00:00,6.4,8.0,6.134,127.381,0
usp000fkb6,2007-08-20 22:42:28.530000+00:00,6.5,6.0,8.037,-39.251,0
usp000fkqx,2007-08-26 12:37:31.190000+00:00,6.1,127.4,-17.457,-174.335,0
usp000fm5s,2007-09-01 19:14:22.640000+00:00,6.1,9.0,24.902,-109.689,0
usp000fm6b,2007-09-02 01:05:18.150000+00:00,7.2,35.0,-11.61,165.762,1
usp000fm6x,2007-09-02 02:35:23.650000+00:00,6.3,36.7,-11.766,165.699,0
usp000fmc6,2007-09-03 16:14:53.570000+00:00,6.2,94.0,45.836,150.06,0
usp000fmjx,2007-09-06 17:51:26.190000+00:00,6.2,53.0,24.34,122.219,0
usp000fmtk,2007-09-10 01:49:11.780000+00:00,6.8,15.0,2.966,-77.963,0
official20070912111026830_34,2007-09-12 11:10:26.830000+00:00,8.4,34.0,-4.438,101.367,1
usp000fn2b,2007-09-12 23:49:03.720000+00:00,7.9,35.0,-2.625,100.841,0
usp000fn34,2007-09-13 02:30:03.300000+00:00,6.5,28.9,-1.689,99.668,0
usp000fn3d,2007-09-13 03:35:28.720000+00:00,7.0,22.0,-2.13,99.627,0
usp000fn4c,2007-09-13 09:48:45.130000+00:00,6.3,26.0,3.801,126.342,0
usp000fn5c,2007-09-13 16:09:16.870000+00:00,6.0,53.0,-3.172,101.524,0
usp000fn65,2007-09-13 20:06:38.920000+00:00,6.0,10.0,-57.625,-147.303,0
usp000fn7p,2007-09-14 06:01:32.270000+00:00,6.4,23.0,-4.075,101.169,0
usp000fnns,2007-09-19 07:27:50.700000+00:00,6.0,35.0,-2.746,100.892,0
usp000fnrx,2007-09-20 08:31:14.490000+00:00,6.7,30.0,-1.999,100.141,0
usp000fp2e,2007-09-25 05:16:01.120000+00:00,6.2,416.7,-30.965,179.998,0
usp000fp59,2007-09-26 12:36:26.890000+00:00,6.8,40.0,-4.99,153.5,0
usp000fp5m,2007-09-26 15:43:01.440000+00:00,6.1,26.0,-1.787,99.488,0
usp000fp85,2007-09-27 19:57:44+00:00,6.1,9.0,-21.103,169.283,0
usp000fp9d,2007-09-28 01:01:49.180000+00:00,6.3,12.0,-21.207,169.362,0
usp000fp9t,2007-09-28 01:35:51.970000+00:00,6.5,10.0,-21.133,169.373,0
usp000fpca,2007-09-28 13:38:57.880000+00:00,7.5,260.0,22.013,142.668,0
usp000fpdq,2007-09-29 05:37:07.260000+00:00,6.0,35.0,2.9,95.523,0
usp000fpg6,2007-09-30 02:08:30.170000+00:00,6.9,14.0,10.454,145.718,0
usp000fpgq,2007-09-30 05:23:34.070000+00:00,7.4,10.0,-49.271,164.115,1
usp000fphp,2007-09-30 09:47:51.970000+00:00,6.6,18.0,-49.138,164.11,0
usp000fpqs,2007-10-02 18:00:06.870000+00:00,6.3,32.0,54.511,-161.708,0
usp000fpv9,2007-10-04 12:40:31.130000+00:00,6.2,35.0,2.543,92.903,0
usp000fpxf,2007-10-05 07:17:52.810000+00:00,6.5,509.4,-25.189,179.459,0
usp000fq0b,2007-10-06 12:38:49.170000+00:00,6.1,20.0,18.73,147.148,0
usp000fq6r,2007-10-09 15:03:41.210000+00:00,6.0,39.0,-4.808,152.892,0
usp000fqfm,2007-10-13 17:45:53.180000+00:00,6.1,37.0,-21.23,169.195,0
usp000fqks,2007-10-15 12:29:34.860000+00:00,6.8,18.0,-44.796,167.553,0
usp000fqmj,2007-10-15 21:28:23.680000+00:00,6.1,19.0,-44.793,167.458,0
usp000fqqn,2007-10-16 21:05:43.270000+00:00,6.6,509.3,-25.775,179.53,0
usp000fr01,2007-10-21 10:24:52.060000+00:00,6.0,46.3,-6.31,154.77,0
usp000fr6r,2007-10-24 21:02:50.610000+00:00,6.8,21.0,-3.899,101.02,0
usp000fr8c,2007-10-25 13:50:04.260000+00:00,6.1,20.0,46.011,154.231,0
usp000frnh,2007-10-31 03:30:15.960000+00:00,7.2,207.0,18.9,145.388,0
usp000frpp,2007-10-31 13:44:19.760000+00:00,6.0,28.0,51.418,-178.38,0
usp000frv7,2007-11-02 22:31:43.880000+00:00,6.1,10.0,-55.466,-128.966,0
usp000fs9s,2007-11-10 01:13:29.350000+00:00,6.6,10.0,-51.777,161.318,0
usp000fshy,2007-11-14 15:40:50.530000+00:00,7.7,40.0,-22.247,-69.89,1
usp000fsme,2007-11-15 15:03:08.750000+00:00,6.3,27.0,-22.867,-70.407,0
usp000fsmf,2007-11-15 15:05:58.350000+00:00,6.8,26.0,-22.925,-70.237,0
usp000fsnz,2007-11-16 03:13:00.120000+00:00,6.8,122.9,-2.312,-77.838,0
usp000fsu0,2007-11-18 05:40:12.040000+00:00,6.0,246.4,-22.643,-66.323,0
usp000fsvq,2007-11-19 00:52:12.510000+00:00,6.3,558.3,-21.185,-178.752,0
usp000fswp,2007-11-19 15:20:03.700000+00:00,6.0,10.0,-21.968,173.486,0
usp000fsyv,2007-11-20 12:52:59.030000+00:00,6.0,52.6,-6.907,155.672,0
usp000fszg,2007-11-20 17:55:51.530000+00:00,6.1,15.0,-22.917,-70.483,0
usp000ft2k,2007-11-22 08:48:27.530000+00:00,6.8,53.0,-5.757,147.098,0
usp000ft98,2007-11-25 16:02:15.750000+00:00,6.5,20.0,-8.292,118.37,0
usp000ft9g,2007-11-25 17:41:38.040000+00:00,6.0,35.0,-2.238,100.413,0
usp000ft9p,2007-11-25 19:53:05.470000+00:00,6.5,18.0,-8.224,118.467,0
usp000ftdp,2007-11-27 11:49:58.010000+00:00,6.6,16.0,-10.95,162.149,0
usp000ftgv,2007-11-29 03:26:22.690000+00:00,6.3,10.0,-36.756,-97.404,0
usp000ftj1,2007-11-29 19:00:20.420000+00:00,7.4,156.0,14.944,-61.274,0
usp000fu3q,2007-12-09 07:28:20.820000+00:00,7.8,152.5,-25.996,-177.514,1
usp000fuc0,2007-12-13 05:20:21.850000+00:00,6.0,15.0,-23.157,-70.479,0
usp000fuce,2007-12-13 07:23:39.890000+00:00,6.2,16.0,-23.202,-70.549,0
usp000fud1,2007-12-13 15:51:27.210000+00:00,6.2,17.0,-15.213,-172.367,0
usp000fugb,2007-12-15 08:03:15.790000+00:00,6.0,175.9,-7.526,127.474,0
usp000fugf,2007-12-15 09:39:53.620000+00:00,6.4,57.0,-6.622,131.09,0
usp000fujd,2007-12-16 08:09:17.930000+00:00,6.7,45.0,-22.954,-70.182,0
usp000fuse,2007-12-19 09:30:27.930000+00:00,7.2,34.0,51.36,-179.509,0
usp000fuvt,2007-12-20 07:55:15.840000+00:00,6.6,20.0,-39.011,178.291,0
usp000fuxv,2007-12-21 07:24:34.030000+00:00,6.3,25.0,51.366,-178.979,0
usp000fv00,2007-12-22 07:11:08.100000+00:00,6.2,20.0,-2.407,139.067,0
usp000fv0p,2007-12-22 12:26:17.470000+00:00,6.1,23.0,2.087,96.806,0
usp000fv78,2007-12-25 14:04:34.730000+00:00,6.1,48.4,38.503,142.026,0
usp000fvad,2007-12-26 22:04:54.670000+00:00,6.4,25.0,52.558,-168.221,0
usp000fvt8,2008-01-01 18:54:59.010000+00:00,6.3,34.0,-5.878,146.884,0
usp000fvy8,2008-01-04 07:29:18.300000+00:00,6.0,35.0,-2.782,101.032,0
usp000fw0w,2008-01-05 11:01:06.110000+00:00,6.6,15.0,51.254,-130.746,0
usp000fw12,2008-01-05 11:44:48.170000+00:00,6.4,10.0,51.163,-130.542,0
usp000fw2w,2008-01-06 05:14:20.180000+00:00,6.2,75.0,37.216,22.693,0
usp000fwaj,2008-01-09 08:26:45.490000+00:00,6.4,10.0,32.288,85.166,0
usp000fwb9,2008-01-09 14:40:00.960000+00:00,6.1,10.0,51.649,-131.183,0
usp000fwcm,2008-01-10 01:37:19+00:00,6.3,13.0,43.785,-127.264,0
usp000fwsh,2008-01-15 17:52:15.690000+00:00,6.5,597.6,-21.984,-179.535,0
usp000fx3z,2008-01-20 20:26:04.880000+00:00,6.1,35.0,2.346,126.816,0
usp000fx72,2008-01-22 07:55:48.880000+00:00,6.0,6.0,-15.277,-175.348,0
usp000fx79,2008-01-22 10:49:21.800000+00:00,6.1,10.0,-15.419,-175.589,0
usp000fx81,2008-01-22 17:14:57.950000+00:00,6.2,20.0,1.011,97.442,0
usp000fxrt,2008-01-30 07:32:42.800000+00:00,6.2,8.0,-7.302,127.688,0
usp000fxxh,2008-02-01 12:10:06.400000+00:00,6.0,604.2,-21.495,-179.352,0
usp000fy5k,2008-02-04 17:01:29.980000+00:00,6.3,35.0,-20.166,-70.037,0
usp000fyep,2008-02-08 09:38:14.100000+00:00,6.9,9.0,10.671,-41.899,0
usp000fyhw,2008-02-09 18:34:01.600000+00:00,6.0,38.0,-0.236,125.084,0
usp000fykt,2008-02-10 12:22:02.650000+00:00,6.6,8.0,-60.797,-25.586,0
usp000fyrt,2008-02-12 12:50:18.490000+00:00,6.5,83.0,16.357,-94.304,0
usp000fyuj,2008-02-13 19:58:46.130000+00:00,6.2,19.0,-8.158,128.644,0
usp000fyw4,2008-02-14 10:09:22.720000+00:00,6.9,29.0,36.501,21.67,0
usp000fywh,2008-02-14 12:08:55.790000+00:00,6.5,28.0,36.345,21.863,0
usp000fz1p,2008-02-16 14:45:11.690000+00:00,6.1,130.1,-21.346,-68.385,0
usp000fzau,2008-02-20 08:08:30.520000+00:00,7.4,26.0,2.768,95.964,0
usp000fzcj,2008-02-20 18:27:06+00:00,6.2,9.9,36.288,21.775,0
usp000fzeu,2008-02-21 02:46:18.190000+00:00,6.1,12.0,77.079,18.571,0
usp000fzsd,2008-02-23 15:57:20.490000+00:00,6.8,14.0,-57.335,-23.433,0
usp000fzv0,2008-02-24 14:46:21.470000+00:00,6.5,22.0,-2.405,99.931,0
usp000fzx4,2008-02-25 08:36:33.030000+00:00,7.2,25.0,-2.486,99.972,0
usp000fzy8,2008-02-25 18:06:03.900000+00:00,6.6,25.0,-2.332,99.891,0
usp000fzyk,2008-02-25 21:02:18.420000+00:00,6.7,25.0,-2.245,99.808,0
usp000g03x,2008-02-27 06:54:20.610000+00:00,6.2,15.0,26.816,142.438,0
usp000g0hs,2008-03-03 02:37:27.120000+00:00,6.2,25.0,-2.18,99.823,0
usp000g0jk,2008-03-03 09:31:02.500000+00:00,6.5,10.0,46.406,153.175,0
usp000g0k8,2008-03-03 13:49:40.420000+00:00,6.0,10.0,19.913,121.334,0
usp000g0k9,2008-03-03 14:11:14.620000+00:00,6.9,24.0,13.351,125.63,0
usp000g1ad,2008-03-12 11:23:34.060000+00:00,6.4,13.0,-16.567,167.335,0
usp000g1af,2008-03-12 11:36:55.280000+00:00,6.3,10.0,-16.489,167.183,0
usp000g1dj,2008-03-13 13:28:44.850000+00:00,6.0,10.0,-45.492,35.008,0
usp000g1gj,2008-03-14 22:32:09.380000+00:00,6.0,10.0,26.988,142.599,0
usp000g1j1,2008-03-15 14:43:26.500000+00:00,6.0,25.0,2.708,94.596,0
usp000g1qt,2008-03-18 08:22:47.070000+00:00,6.2,25.0,-29.252,-177.44,0
usp000g1v5,2008-03-20 14:10:40.400000+00:00,6.1,45.0,6.192,126.934,0
usp000g1w2,2008-03-20 22:32:57.930000+00:00,7.2,10.0,35.49,81.467,0
usp000g22p,2008-03-22 21:24:11.270000+00:00,6.2,132.0,52.176,-178.716,0
usp000g296,2008-03-24 20:39:07.630000+00:00,6.2,120.0,-20.043,-68.963,0
usp000g2n7,2008-03-29 17:30:50.150000+00:00,6.3,20.0,2.855,95.296,0
usp000g3ec,2008-04-09 11:13:17.690000+00:00,6.4,16.0,-20.175,168.861,0
usp000g3ee,2008-04-09 11:23:40.350000+00:00,6.3,35.0,-20.185,168.905,0
usp000g3eq,2008-04-09 12:46:12.720000+00:00,7.3,33.0,-20.071,168.892,1
usp000g3f7,2008-04-09 14:47:50.510000+00:00,6.3,35.0,-19.997,168.874,0
usp000g3pq,2008-04-11 17:45:01.940000+00:00,6.1,11.0,-20.392,168.839,0
usp000g3q9,2008-04-12 00:30:12.600000+00:00,7.1,16.0,-55.664,158.453,0
usp000g3wg,2008-04-14 09:45:19.700000+00:00,6.0,140.2,-56.022,-28.035,0
usp000g3y3,2008-04-15 03:03:04.660000+00:00,6.1,33.0,13.564,-90.599,0
usp000g412,2008-04-15 22:59:51.500000+00:00,6.4,11.0,51.856,-179.361,0
usp000g418,2008-04-16 00:35:48.870000+00:00,6.3,10.0,-18.609,-175.699,0
usp000g41s,2008-04-16 05:54:19.690000+00:00,6.6,13.0,51.878,-179.165,0
usp000g48y,2008-04-18 20:39:07.140000+00:00,6.3,553.8,-17.342,-179.022,0
usp000g49j,2008-04-19 03:12:25.180000+00:00,6.1,13.0,-7.815,125.694,0
usp000g49s,2008-04-19 05:58:42.250000+00:00,6.3,14.0,-20.273,168.796,0
usp000g4af,2008-04-19 10:21:12.500000+00:00,6.0,10.0,-7.875,125.722,0
usp000g4nm,2008-04-23 18:28:41.880000+00:00,6.0,10.0,22.881,121.619,0
usp000g4r4,2008-04-24 12:14:49.920000+00:00,6.5,10.0,-1.182,-23.471,0
usp000g4y1,2008-04-26 23:34:49.390000+00:00,6.1,10.0,-49.091,164.117,0
usp000g51j,2008-04-28 15:57:55.280000+00:00,6.1,35.0,-58.739,-24.714,0
usp000g51v,2008-04-28 18:33:34.200000+00:00,6.4,32.0,-19.941,168.953,0
usp000g523,2008-04-28 20:26:53.110000+00:00,6.1,35.0,-20.238,168.824,0
usp000g59v,2008-05-02 01:33:37.240000+00:00,6.6,14.0,51.864,-177.528,0
usp000g5rg,2008-05-07 16:02:02.600000+00:00,6.2,19.0,36.178,141.545,0
usp000g5rq,2008-05-07 16:16:36.190000+00:00,6.1,23.3,36.156,141.756,0
usp000g5rx,2008-05-07 16:45:18.700000+00:00,6.9,27.0,36.164,141.526,0
usp000g5yf,2008-05-09 21:51:29.730000+00:00,6.8,76.0,12.516,143.181,0
usp000g650,2008-05-12 06:28:01.570000+00:00,7.9,19.0,31.002,103.322,0
usp000g68b,2008-05-12 11:11:02.480000+00:00,6.1,10.0,31.214,103.618,0
usp000g78b,2008-05-19 14:26:45.020000+00:00,6.0,10.0,1.64,99.147,0
usp000g7ar,2008-05-20 13:53:35.640000+00:00,6.3,27.0,51.162,178.759,0
usp000g7ke,2008-05-23 19:35:34.780000+00:00,6.5,8.0,7.313,-34.897,0
usp000g7r4,2008-05-25 08:21:49.990000+00:00,6.1,18.0,32.56,105.423,0
ak0086prvtd2,2008-05-25 19:18:24.384000+00:00,6.0,20.0,55.9055,-153.5083,0
usp000g826,2008-05-29 15:46:00.320000+00:00,6.3,9.0,64.005,-21.013,0
usp000g867,2008-05-31 04:37:56.010000+00:00,6.4,9.0,-41.198,80.479,0
usp000g88u,2008-06-01 01:57:23.690000+00:00,6.3,31.0,20.124,121.35,0
usp000g8aj,2008-06-01 14:31:03.010000+00:00,6.5,10.0,-59.384,149.66,0
usp000g8g4,2008-06-03 16:20:50.380000+00:00,6.2,84.0,-10.509,161.273,0
usp000g8gp,2008-06-03 22:04:27.870000+00:00,6.0,14.0,-8.1,120.231,0
usp000g8kb,2008-06-05 02:16:46.930000+00:00,6.0,10.0,-38.844,-91.623,0
usp000g8qr,2008-06-06 13:42:48.950000+00:00,6.0,122.0,-7.495,127.885,0
usp000g8vs,2008-06-08 12:25:29.710000+00:00,6.4,16.0,37.963,21.525,0
usp000g9h6,2008-06-13 23:43:45.360000+00:00,6.9,7.8,39.03,140.881,0
usp000g9qe,2008-06-15 08:37:17.200000+00:00,6.0,10.0,-36.623,-107.45,0
usp000gabx,2008-06-22 23:56:30.030000+00:00,6.1,18.0,67.698,141.276,0
usp000gang,2008-06-26 21:19:15.580000+00:00,6.2,38.0,-20.768,-173.342,0
usp000gapt,2008-06-27 11:40:13.990000+00:00,6.6,17.0,11.005,91.824,0
usp000gaua,2008-06-28 12:54:46.360000+00:00,6.1,15.0,10.847,91.712,0
usp000gaz0,2008-06-29 20:53:04.890000+00:00,6.0,326.0,45.156,137.446,0
usp000gazv,2008-06-30 06:17:43.020000+00:00,7.0,8.0,-58.227,-22.099,0
usp000gb6n,2008-07-03 03:02:37.560000+00:00,6.2,581.2,-23.37,-179.778,0
usp000gbc0,2008-07-05 02:12:04.480000+00:00,7.7,632.8,53.882,152.886,0
usp000gbmx,2008-07-08 07:42:10.730000+00:00,6.0,43.0,27.532,128.334,0
usp000gbn0,2008-07-08 09:13:07.460000+00:00,6.2,123.0,-15.986,-71.748,0
usp000gc2b,2008-07-13 14:58:33.010000+00:00,6.2,14.0,21.014,121.149,0
usp000gc72,2008-07-15 03:26:34.700000+00:00,6.4,52.0,35.8,27.86,0
usp000gcjg,2008-07-19 02:39:28.700000+00:00,7.0,22.0,37.552,142.214,1
usp000gckc,2008-07-19 09:27:01.460000+00:00,6.6,11.0,-11.041,164.493,0
usp000gckp,2008-07-19 11:01:17.710000+00:00,6.2,10.0,-11.066,164.616,0
usp000gcnf,2008-07-19 22:39:52.700000+00:00,6.4,391.0,-17.337,-177.312,0
usp000gcsz,2008-07-21 11:30:29.280000+00:00,6.0,22.0,37.186,142.051,0
usp000gczp,2008-07-23 15:26:19.950000+00:00,6.8,108.0,39.802,141.464,0
usp000gd0v,2008-07-24 01:43:16.140000+00:00,6.2,27.0,50.967,157.584,0
usp000gdbu,2008-07-28 21:40:47.360000+00:00,6.0,10.0,-10.578,163.103,0
usp000gdus,2008-08-04 20:45:13.970000+00:00,6.3,173.9,-5.916,130.195,0
usp000gdw4,2008-08-05 09:49:17.260000+00:00,6.0,6.0,32.756,105.494,0
usp000ge8h,2008-08-09 06:01:48.510000+00:00,6.5,10.0,-60.648,153.771,0
usp000ge9g,2008-08-09 16:36:38.170000+00:00,6.3,10.0,-60.693,153.826,0
usp000geas,2008-08-10 08:20:33.420000+00:00,6.2,20.0,11.055,91.814,0
usp000gef7,2008-08-11 23:38:38.310000+00:00,6.0,13.0,-1.02,-21.843,0
usp000geqv,2008-08-15 10:25:16.530000+00:00,6.0,10.0,12.897,124.319,0
usp000gf11,2008-08-19 16:30:13.210000+00:00,6.1,8.0,-15.087,-173.476,0
usp000gf5p,2008-08-21 12:24:30.930000+00:00,6.0,10.0,25.039,97.697,0
usp000gf7u,2008-08-22 07:47:39.580000+00:00,6.0,6.0,-17.769,65.394,0
usp000gfga,2008-08-25 13:21:58.820000+00:00,6.7,12.0,30.901,83.52,0
usp000gfmr,2008-08-26 21:00:36.610000+00:00,6.4,154.0,-7.641,-74.377,0
usp000gfng,2008-08-27 01:35:32.150000+00:00,6.3,16.0,51.607,104.158,0
usp000gfuy,2008-08-28 15:22:23.200000+00:00,6.3,12.0,-0.252,-17.358,0
usp000gfzr,2008-08-30 06:54:07.610000+00:00,6.4,75.0,-6.146,147.258,0
usp000gg00,2008-08-30 08:30:53.010000+00:00,6.0,11.0,26.241,101.889,0
usp000gg4h,2008-09-01 04:00:39.430000+00:00,6.0,171.1,-25.387,-177.636,0
usp000ggap,2008-09-03 11:25:14.450000+00:00,6.3,569.6,-26.736,-63.225,0
usp000ggmp,2008-09-08 03:03:15.930000+00:00,6.2,36.0,-19.964,169.108,0
usp000ggp4,2008-09-08 18:52:06.970000+00:00,6.9,110.0,-13.501,166.967,0
usp000ggsg,2008-09-10 11:00:34.090000+00:00,6.1,12.0,26.743,55.828,0
usp000ggsv,2008-09-10 13:08:14.690000+00:00,6.6,9.0,8.093,-38.705,0
usp000ggu7,2008-09-11 00:00:02.700000+00:00,6.6,96.0,1.885,127.363,0
usp000ggu8,2008-09-11 00:20:50.920000+00:00,6.8,25.0,41.892,143.754,1
usp000gh8u,2008-09-18 01:41:03.010000+00:00,6.0,11.0,-4.554,-105.999,0
usp000ghm1,2008-09-24 02:33:05.560000+00:00,6.4,12.0,17.612,-105.497,0
usp000ghnu,2008-09-25 01:47:11.190000+00:00,6.0,4.0,30.836,83.487,0
usp000ghyg,2008-09-29 15:19:31.590000+00:00,7.0,36.0,-29.756,-177.683,0
usp000gjce,2008-10-05 09:12:36.070000+00:00,6.1,10.0,-30.184,-177.176,0
usp000gjd4,2008-10-05 15:52:49.400000+00:00,6.7,27.4,39.533,73.824,0
usp000gjf6,2008-10-05 22:56:28.930000+00:00,6.0,10.0,33.886,69.47,0
usp000gjgt,2008-10-06 08:30:45.570000+00:00,6.3,12.0,29.807,90.35,0
usp000gjyf,2008-10-11 10:40:14.060000+00:00,6.1,23.0,19.161,-64.833,0
usp000gk3x,2008-10-12 20:55:41.460000+00:00,6.2,352.7,-20.123,-64.971,0
usp000gkde,2008-10-16 19:41:25.720000+00:00,6.7,24.0,14.423,-92.364,0
usp000gkje,2008-10-19 05:10:33.910000+00:00,6.9,29.0,-21.863,-173.819,0
usp000gkta,2008-10-22 12:55:57.390000+00:00,6.4,233.4,-18.414,-175.351,0
usp000gkuz,2008-10-23 10:04:35.040000+00:00,6.3,10.0,-2.635,145.574,0
usp000gm7s,2008-10-28 16:00:03.240000+00:00,6.0,18.3,-3.494,145.867,0
usp000gm8g,2008-10-28 23:09:57.650000+00:00,6.4,15.0,30.639,67.351,0
usp000gma2,2008-10-29 11:32:43.130000+00:00,6.4,14.0,30.598,67.455,0
usp000gmeh,2008-10-30 15:15:41.140000+00:00,6.1,10.0,-9.02,-108.246,0
usp000gmjn,2008-11-01 01:13:09.640000+00:00,6.0,10.0,-3.399,148.712,0
usp000gmps,2008-11-02 13:48:42.820000+00:00,6.1,36.0,51.552,-174.366,0
usp000gmyk,2008-11-04 18:35:45.270000+00:00,6.3,205.7,-17.135,168.458,0
usp000gn4r,2008-11-07 07:19:35.710000+00:00,6.4,13.0,-14.829,168.032,0
usp000gn66,2008-11-07 16:04:23.350000+00:00,6.2,10.0,-6.712,129.074,0
usp000gn7g,2008-11-08 07:49:59+00:00,6.0,121.0,-15.223,-174.232,0
usp000gnbj,2008-11-10 01:22:02.570000+00:00,6.3,19.0,37.565,95.833,0
usp000gnur,2008-11-16 17:02:32.700000+00:00,7.4,30.0,1.271,122.091,1
usp000gp1c,2008-11-19 06:11:20.790000+00:00,6.3,32.0,8.267,-82.967,0
usp000gp54,2008-11-21 07:05:34.940000+00:00,6.1,118.0,-8.947,159.553,0
usp000gp75,2008-11-22 16:01:01.700000+00:00,6.3,24.0,-4.348,101.259,0
usp000gp76,2008-11-22 16:01:39.380000+00:00,6.4,57.3,-22.523,171.199,0
usp000gp7q,2008-11-22 18:49:42.380000+00:00,6.3,10.0,-1.23,-13.933,0
usp000gpbs,2008-11-24 09:02:58.760000+00:00,7.3,492.3,54.203,154.322,0
usp000gpn6,2008-11-29 05:59:16.580000+00:00,6.0,386.0,-18.701,-177.716,0
usp000gq1h,2008-12-06 10:55:26.350000+00:00,6.4,398.0,-7.393,124.745,0
usp000gq70,2008-12-08 18:39:09.480000+00:00,6.3,11.0,-53.005,106.823,0
usp000gq7y,2008-12-09 06:23:59.750000+00:00,6.8,18.0,-31.232,-176.924,0
usp000gq9d,2008-12-09 17:28:58.640000+00:00,6.1,224.1,-15.929,168.173,0
usp000gqbd,2008-12-10 13:15:34.430000+00:00,6.0,51.0,-12.337,166.572,0
usp000gqvv,2008-12-18 21:19:28.380000+00:00,6.2,18.0,-32.458,-71.726,0
usp000gqw3,2008-12-18 21:50:28+00:00,6.0,25.0,-32.473,-72.051,0
usp000gr0a,2008-12-20 10:29:23.100000+00:00,6.3,19.0,36.541,142.425,0
usp000grbu,2008-12-24 09:11:34.290000+00:00,6.0,9.0,-17.29,-171.909,0
usp000grdx,2008-12-25 03:20:29.350000+00:00,6.3,206.0,5.752,125.377,0
usp000gs2d,2009-01-03 19:43:50.650000+00:00,7.7,17.0,-0.414,132.885,1
usp000gs2v,2009-01-03 20:23:20.180000+00:00,6.6,204.8,36.419,70.743,0
usp000gs3t,2009-01-03 22:33:40.290000+00:00,7.4,23.0,-0.691,133.305,0
usp000gs9t,2009-01-06 22:48:27.250000+00:00,6.0,16.0,-0.659,133.434,0
usp000gscg,2009-01-08 19:21:35.610000+00:00,6.1,14.0,10.165,-84.197,0
usp000gshh,2009-01-13 01:04:42.640000+00:00,6.0,10.0,-13.147,66.078,0
usp000gsm5,2009-01-15 07:27:20.290000+00:00,6.7,27.0,-22.352,170.635,0
usp000gsmz,2009-01-15 17:49:39.070000+00:00,7.4,36.0,46.857,155.154,1
usp000gssv,2009-01-18 14:11:48.860000+00:00,6.4,33.0,-30.199,-177.951,0
usp000gstk,2009-01-19 03:35:18.840000+00:00,6.6,12.0,-22.596,170.911,0
usp000gstn,2009-01-19 03:46:37.520000+00:00,6.0,35.0,-22.477,170.806,0
usp000gsy5,2009-01-21 17:08:42.990000+00:00,6.1,24.0,-22.689,171.043,0
usp000gsze,2009-01-22 13:40:25.990000+00:00,6.1,44.0,-5.912,148.511,0
usp000gszq,2009-01-22 20:16:34.580000+00:00,6.1,146.7,-7.307,128.568,0
usp000gtd6,2009-02-02 17:53:21.800000+00:00,6.0,21.0,-13.582,-76.558,0
usp000gtk7,2009-02-09 14:09:02.980000+00:00,6.0,15.0,-6.567,-81.15,0
usp000gtnc,2009-02-11 17:34:50.490000+00:00,7.2,20.0,3.886,126.387,1
usp000gtnw,2009-02-11 18:25:11.240000+00:00,6.0,35.0,4.026,126.783,0
usp000gts3,2009-02-12 03:49:39.660000+00:00,6.0,26.0,3.947,126.411,0
usp000gtsq,2009-02-12 08:30:17.260000+00:00,6.0,35.0,3.972,126.724,0
usp000gttg,2009-02-12 13:15:06.280000+00:00,6.3,27.0,4.036,126.548,0
usp000gu0z,2009-02-15 10:04:49.310000+00:00,6.1,21.0,-5.854,-80.891,0
usp000gu3b,2009-02-17 03:30:53.330000+00:00,6.0,13.0,-30.724,-178.617,0
usp000gu5x,2009-02-18 21:53:45.160000+00:00,7.0,25.0,-27.424,-176.33,0
usp000gu9x,2009-02-22 17:45:22.400000+00:00,6.0,32.0,3.679,126.561,0
usp000gufy,2009-02-28 14:33:06.350000+00:00,6.3,15.0,-60.525,-24.796,0
usp000gupr,2009-03-06 10:50:29.410000+00:00,6.5,9.0,80.324,-1.853,0
usp000guxx,2009-03-12 23:23:34.820000+00:00,6.3,9.0,5.686,-82.767,0
usp000gv1j,2009-03-16 14:15:56.460000+00:00,6.3,35.0,3.807,126.552,0
usp000gv5p,2009-03-19 18:17:40.470000+00:00,7.6,31.0,-23.043,-174.66,1
usp000gvh2,2009-03-28 17:59:31.750000+00:00,6.0,93.0,-2.952,139.543,0
usp000gvmx,2009-04-01 03:54:58.770000+00:00,6.4,10.0,-3.522,144.102,0
usp000gvqy,2009-04-04 05:31:55.480000+00:00,6.3,48.0,5.149,127.201,0
usp000gvtu,2009-04-06 01:32:39+00:00,6.3,8.8,42.334,13.334,0
usp000gvv4,2009-04-07 04:23:33.150000+00:00,6.9,31.0,46.049,151.548,0
usp000gw6c,2009-04-15 20:01:34.680000+00:00,6.3,22.0,-3.115,100.471,0
usp000gw7m,2009-04-16 14:57:06.200000+00:00,6.7,20.0,-60.203,-26.858,0
usp000gw8e,2009-04-17 02:08:08.710000+00:00,6.1,25.0,-19.584,-70.483,0
usp000gwbe,2009-04-18 19:17:58.930000+00:00,6.6,35.0,46.015,151.427,0
usp000gwbr,2009-04-19 05:23:25.880000+00:00,6.1,25.0,4.136,126.678,0
usp000gwef,2009-04-21 05:26:11.520000+00:00,6.2,152.0,50.833,155.009,0
usp000gwka,2009-04-26 00:06:53.150000+00:00,6.1,131.7,-30.3,-178.582,0
usp000gwt5,2009-05-03 16:21:45.270000+00:00,6.3,108.0,14.546,-91.143,0
usp000gwz5,2009-05-10 01:16:06.960000+00:00,6.1,6.0,1.393,-85.169,0
usp000gx1k,2009-05-12 01:26:26.580000+00:00,6.1,89.0,-5.664,149.543,0
usp000gx5u,2009-05-16 00:53:51.250000+00:00,6.5,43.0,-31.553,-178.833,0
usp000gxey,2009-05-24 00:58:02.110000+00:00,6.0,4.0,-31.475,-177.683,0
usp000gxkj,2009-05-28 08:24:46.560000+00:00,7.3,19.0,16.731,-86.217,1
usp000gxsf,2009-06-02 02:17:03.510000+00:00,6.3,15.0,-17.757,167.949,0
usp000gxvc,2009-06-04 17:25:25.500000+00:00,6.0,16.0,-45.833,35.139,0
usp000gxvt,2009-06-05 03:30:33.060000+00:00,6.4,29.0,41.824,143.445,0
usp000gxy3,2009-06-06 20:33:28.830000+00:00,6.0,14.0,23.864,-46.105,0
usp000gy48,2009-06-12 09:44:15.060000+00:00,6.0,15.0,-17.611,167.812,0
usp000gy63,2009-06-14 05:58:43.270000+00:00,6.1,35.0,5.361,126.438,0
usp000gy9c,2009-06-16 20:05:56.990000+00:00,6.1,10.0,-54.366,5.871,0
usp000gyhq,2009-06-23 14:19:22.350000+00:00,6.7,64.0,-5.157,153.782,0
usp000gytt,2009-07-01 09:30:10.410000+00:00,6.4,19.0,34.164,25.471,1
usp000gyws,2009-07-03 11:00:14.630000+00:00,6.0,10.0,25.131,-109.754,0
usp000gyxm,2009-07-04 06:49:35.510000+00:00,6.1,38.0,9.59,-78.966,0
usp000gyzk,2009-07-06 14:53:12.240000+00:00,6.1,22.0,50.435,176.992,0
usp000gz0t,2009-07-07 19:11:46.710000+00:00,6.1,19.0,75.351,-72.453,0
usp000gz1t,2009-07-08 19:23:37.730000+00:00,6.0,12.0,-36.004,-102.686,0
usp000gz5d,2009-07-12 06:12:47.330000+00:00,6.1,198.9,-15.041,-70.445,0
usp000gz7c,2009-07-13 18:05:01.420000+00:00,6.3,17.0,24.056,122.201,0
usp000gz8j,2009-07-15 09:22:29.030000+00:00,7.8,12.0,-45.762,166.562,1
usp000gz9k,2009-07-15 20:10:42.660000+00:00,6.1,13.4,-3.375,150.506,0
usp000gzvz,2009-08-01 13:33:29.950000+00:00,6.1,10.0,-56.234,-124.296,0
usp000gzwu,2009-08-02 08:54:33.360000+00:00,6.1,20.0,-0.447,132.908,0
usp000gzyb,2009-08-03 17:59:56.170000+00:00,6.9,10.0,29.039,-112.903,0
usp000gzyf,2009-08-03 18:40:50.100000+00:00,6.2,10.0,29.31,-113.728,0
usp000gzzq,2009-08-05 00:17:58.820000+00:00,6.1,25.0,24.233,125.095,0
usp000h004,2009-08-05 08:31:40.480000+00:00,6.1,10.0,-45.554,166.356,0
usp000h04j,2009-08-09 10:55:55.110000+00:00,7.1,292.0,33.167,137.944,0
usp000h054,2009-08-10 04:06:31+00:00,6.6,35.0,-11.612,166.09,0
usp000h05x,2009-08-10 19:55:38.730000+00:00,7.5,24.0,14.099,92.902,0
usp000h05y,2009-08-10 20:07:09.110000+00:00,6.2,40.4,34.743,138.264,1
usp000h093,2009-08-12 22:48:51.420000+00:00,6.6,53.0,32.821,140.395,0
usp000h0ew,2009-08-16 07:38:21.700000+00:00,6.7,20.0,-1.479,99.49,1
usp000h0gm,2009-08-17 00:05:49.030000+00:00,6.7,20.0,23.501,123.499,0
usp000h0h9,2009-08-17 10:10:56.500000+00:00,6.1,15.0,23.426,123.516,0
usp000h0m7,2009-08-18 21:20:47.550000+00:00,6.3,269.8,-26.064,-178.391,0
usp000h0nu,2009-08-20 06:35:04.430000+00:00,6.0,6.0,72.2,0.944,0
usp000h0y7,2009-08-28 01:51:20.400000+00:00,6.9,642.4,-7.146,123.427,0
usp000h0y8,2009-08-28 01:52:06.640000+00:00,6.3,13.0,37.696,95.718,0
usp000h121,2009-08-30 14:51:32.890000+00:00,6.6,11.0,-15.223,-172.571,0
usp000h152,2009-09-02 07:55:01.050000+00:00,7.0,46.0,-7.782,107.297,1
usp000h15r,2009-09-02 18:00:09.330000+00:00,6.2,257.0,-29.395,-178.956,0
usp000h16f,2009-09-03 13:26:17.950000+00:00,6.2,163.0,31.14,130.014,0
usp000h1af,2009-09-07 16:12:22.560000+00:00,6.2,23.0,-10.198,110.628,0
usp000h1ar,2009-09-07 22:41:37.360000+00:00,6.0,15.0,42.66,43.443,0
usp000h1cv,2009-09-10 02:46:50.350000+00:00,6.0,36.0,48.317,154.192,0
usp000h1fu,2009-09-12 20:06:25.470000+00:00,6.4,14.0,10.709,-67.927,0
usp000h1m3,2009-09-17 23:21:38.520000+00:00,6.2,10.0,-29.144,-112.267,0
usp000h1r4,2009-09-21 08:53:05.910000+00:00,6.1,14.0,27.332,91.437,0
usp000h1sx,2009-09-23 02:59:30.530000+00:00,6.0,10.0,-52.963,159.911,0
usp000h1tv,2009-09-24 07:16:20.260000+00:00,6.4,13.0,18.829,-107.339,0
usp000h1ys,2009-09-29 17:48:10.990000+00:00,8.1,18.0,-15.489,-172.095,1
usp000h1yt,2009-09-29 17:56:05.790000+00:00,6.0,10.0,-15.355,-173.159,0
usp000h21j,2009-09-29 23:45:03.460000+00:00,6.0,10.0,-15.832,-172.551,0
usp000h237,2009-09-30 10:16:09.250000+00:00,7.6,81.0,-0.72,99.867,1
usp000h24c,2009-10-01 01:52:27.320000+00:00,6.6,9.0,-2.482,101.524,0
usp000h271,2009-10-02 01:07:39.260000+00:00,6.1,8.0,-16.335,-173.471,0
usp000h28m,2009-10-02 15:47:09.350000+00:00,6.0,10.0,-17.017,174.505,0
usp000h2b0,2009-10-03 17:36:06.120000+00:00,6.1,28.0,23.63,121.452,0
usp000h2c1,2009-10-04 10:58:00.170000+00:00,6.6,620.0,6.74,123.378,0
usp000h2g6,2009-10-07 21:41:13.270000+00:00,6.8,574.0,4.079,122.371,0
usp000h2g9,2009-10-07 22:03:14.470000+00:00,7.7,45.0,-13.006,166.51,1
usp000h2gd,2009-10-07 22:18:51.240000+00:00,7.8,35.0,-12.517,166.382,0
usp000h2gj,2009-10-07 22:50:15.780000+00:00,6.8,21.0,-12.39,166.086,0
usp000h2gr,2009-10-07 23:13:48.160000+00:00,7.4,31.1,-13.093,166.497,0
usp000h2js,2009-10-08 08:28:47.970000+00:00,6.8,35.0,-13.298,165.91,0
usp000h2jt,2009-10-08 08:34:36.960000+00:00,6.0,35.0,-12.237,166.489,0
usp000h2jy,2009-10-08 10:11:07.460000+00:00,6.1,44.7,-11.263,165.819,0
usp000h2m8,2009-10-08 21:16:13.850000+00:00,6.0,35.0,-12.912,166.314,0
usp000h2qg,2009-10-10 21:24:38.530000+00:00,6.0,112.0,47.851,152.455,0
usp000h2qx,2009-10-11 03:12:13.470000+00:00,6.0,10.0,-22.0,170.248,0
usp000h2sy,2009-10-12 03:15:47.280000+00:00,6.2,10.0,-17.099,66.688,0
usp000h2t6,2009-10-12 09:37:21.480000+00:00,6.2,42.0,-12.414,166.498,0
usp000h2u7,2009-10-13 05:37:23.690000+00:00,6.5,24.0,52.754,-166.997,0
usp000h2w0,2009-10-13 11:38:05.310000+00:00,6.0,32.0,2.93,128.232,0
usp000h2wq,2009-10-13 20:21:53.200000+00:00,6.4,14.0,52.604,-167.118,0
usp000h2yb,2009-10-14 18:00:21.770000+00:00,6.3,10.0,-14.91,-174.823,0
usp000h30d,2009-10-15 12:11:16.410000+00:00,6.0,105.7,-3.058,139.539,0
usp000h30q,2009-10-15 17:48:21.890000+00:00,6.0,10.0,3.272,-103.823,0
usp000h325,2009-10-16 09:52:50.830000+00:00,6.1,38.0,-6.534,105.223,0
usp000h36d,2009-10-19 22:49:38.410000+00:00,6.0,18.0,-15.36,-172.264,0
usp000h38g,2009-10-22 00:51:39.210000+00:00,6.0,18.0,6.729,-82.579,0
usp000h39a,2009-10-22 19:51:27.520000+00:00,6.2,185.9,36.517,70.95,0
usp000h3at,2009-10-23 15:14:13.060000+00:00,6.0,31.1,-12.196,166.047,0
usp000h3c5,2009-10-24 14:40:43.720000+00:00,6.9,130.0,-6.133,130.385,0
usp000h3cv,2009-10-25 07:53:52.150000+00:00,6.0,417.9,-23.091,-179.205,0
usp000h3er,2009-10-27 00:04:46.230000+00:00,6.0,10.0,-59.955,-65.163,0
usp000h3j7,2009-10-29 17:44:32.060000+00:00,6.2,210.0,36.391,70.722,0
usp000h3jp,2009-10-30 07:03:39.120000+00:00,6.8,34.0,29.218,129.782,0
usp000h3nu,2009-11-02 10:47:13.240000+00:00,6.2,9.0,-24.121,-175.173,0
usp000h3s9,2009-11-05 09:43:20.710000+00:00,6.0,10.0,-52.292,160.703,0
usp000h3vc,2009-11-08 19:41:43.360000+00:00,6.6,18.0,-8.207,118.631,0
usp000h3wn,2009-11-09 10:44:55.110000+00:00,7.3,595.0,-17.239,178.331,0
usp000h3xe,2009-11-10 02:48:46.790000+00:00,6.0,23.0,8.082,91.899,0
usp000h401,2009-11-13 03:05:57.220000+00:00,6.5,27.0,-19.394,-70.321,0
usp000h41w,2009-11-14 19:44:29.930000+00:00,6.2,220.4,-22.965,-66.641,0
usp000h44s,2009-11-17 15:30:47.440000+00:00,6.6,17.0,52.123,-131.395,0
usp000h4ab,2009-11-22 07:48:20.610000+00:00,6.4,522.6,-17.794,-178.425,0
usp000h4b3,2009-11-22 22:47:27.480000+00:00,6.2,435.7,-31.569,179.467,0
usp000h4cs,2009-11-24 12:47:15.660000+00:00,6.8,18.0,-20.708,-174.035,0
usp000h4gy,2009-11-28 06:04:22.200000+00:00,6.0,15.0,-10.403,118.885,0
usp000h4ha,2009-11-28 09:21:17.980000+00:00,6.0,28.0,-29.216,-177.018,0
usp000h4hk,2009-11-28 18:10:20.630000+00:00,6.1,38.8,5.326,126.288,0
usp000h4pt,2009-12-03 06:12:32.490000+00:00,6.0,10.0,-56.476,-122.321,0
usp000h4wh,2009-12-09 09:46:03.300000+00:00,6.4,45.0,-22.15,170.963,0
usp000h4wq,2009-12-09 16:00:43.330000+00:00,6.4,10.0,-0.642,-21.072,0
usp000h4ww,2009-12-09 21:29:02.890000+00:00,6.0,21.0,2.759,95.91,0
usp000h4x2,2009-12-10 02:30:52.690000+00:00,6.3,656.2,53.417,152.756,0
usp000h51c,2009-12-14 08:54:01.820000+00:00,6.0,39.0,-5.958,154.444,0
usp000h56g,2009-12-19 13:02:15.570000+00:00,6.4,43.0,23.796,121.605,0
usp000h56x,2009-12-19 23:19:15.550000+00:00,6.0,6.0,-10.108,33.818,0
usp000h599,2009-12-23 01:11:58.200000+00:00,6.0,19.0,-1.434,99.393,0
usp000h5a9,2009-12-24 00:23:31.700000+00:00,6.3,392.0,42.245,134.719,0
usp000h5cu,2009-12-26 08:57:27.720000+00:00,6.1,85.0,-5.53,131.205,0
usp000h5j2,2009-12-31 09:23:24.010000+00:00,6.0,10.0,-59.401,-150.975,0
usp000h5m6,2010-01-02 08:45:33.020000+00:00,6.1,8.0,12.424,141.949,0
usp000h5nd,2010-01-03 21:48:02.870000+00:00,6.6,10.0,-8.726,157.487,1
usp000h5np,2010-01-03 22:36:25.640000+00:00,7.1,10.0,-8.783,157.354,1
usp000h5ra,2010-01-05 04:55:39.410000+00:00,6.8,13.0,-58.173,-14.695,0
usp000h5rn,2010-01-05 12:15:32.210000+00:00,6.8,15.4,-9.019,157.551,1
usp000h5rx,2010-01-05 13:11:42.820000+00:00,6.0,35.0,-9.05,157.892,0
usp000h5vu,2010-01-09 05:51:30.470000+00:00,6.2,12.0,-9.131,157.626,0
nc71338066,2010-01-10 00:27:39.320000+00:00,6.5,28.737,40.652,-124.6925,0
usp000h60h,2010-01-12 21:53:10.060000+00:00,7.0,13.0,18.443,-72.571,0
usp000h60j,2010-01-12 22:00:41.490000+00:00,6.0,10.0,18.387,-72.784,0
usp000h68a,2010-01-17 12:00:01.080000+00:00,6.3,5.0,-57.664,-65.879,0
usp000h6v7,2010-02-01 22:28:16.920000+00:00,6.2,32.0,-6.112,154.463,0
usp000h6z1,2010-02-05 06:59:05.500000+00:00,6.2,1.0,-47.911,99.593,0
usp000h705,2010-02-06 04:44:58.400000+00:00,6.0,30.0,46.836,152.731,0
usp000h71c,2010-02-07 06:10:00.230000+00:00,6.3,21.0,23.488,123.615,0
usp000h73e,2010-02-09 01:03:44.440000+00:00,6.1,10.0,-15.053,-173.492,0
usp000h785,2010-02-13 02:34:28.860000+00:00,6.1,11.0,-21.902,-174.767,0
usp000h7bg,2010-02-15 21:51:47.790000+00:00,6.2,126.0,-7.217,128.723,0
usp000h7dn,2010-02-18 01:13:19.510000+00:00,6.9,577.7,42.587,130.703,0
usp000h7j9,2010-02-22 07:00:51.320000+00:00,6.0,15.0,-23.626,-176.036,0
usp000h7qu,2010-02-26 20:31:26.970000+00:00,7.0,25.0,25.93,128.425,0
official20100227063411530_30,2010-02-27 06:34:11.530000+00:00,8.8,22.9,-36.122,-72.898,1
usp000h7rj,2010-02-27 06:51:17.650000+00:00,6.0,39.8,-31.663,-69.141,0
usp000h7rk,2010-02-27 06:52:34.020000+00:00,6.2,35.0,-34.867,-72.614,0
usp000h7ru,2010-02-27 07:12:28.450000+00:00,6.0,35.0,-33.878,-71.943,0
usp000h7s9,2010-02-27 07:37:17.960000+00:00,6.0,35.0,-36.869,-72.673,0
usp000h7sq,2010-02-27 08:01:23.010000+00:00,7.4,35.0,-37.773,-75.048,0
usp000h7sx,2010-02-27 08:25:29.620000+00:00,6.1,35.0,-34.749,-72.427,0
usp000h7uf,2010-02-27 10:30:36.400000+00:00,6.0,35.0,-33.281,-71.955,0
usp000h7yb,2010-02-27 15:45:37+00:00,6.3,10.0,-24.872,-65.602,0
usp000h7z8,2010-02-27 17:24:30.590000+00:00,6.1,19.0,-36.354,-73.208,0
usp000h7zx,2010-02-27 19:00:06.860000+00:00,6.2,31.1,-33.422,-71.828,0
usp000h81v,2010-02-27 23:12:34.910000+00:00,6.0,35.0,-34.7,-71.827,0
usp000h86y,2010-02-28 11:25:35.920000+00:00,6.2,46.0,-34.903,-71.617,0
usp000h8mn,2010-03-03 17:44:25.040000+00:00,6.1,20.0,-36.61,-73.36,0
usp000h8nd,2010-03-04 00:18:51.290000+00:00,6.3,21.0,22.918,120.795,0
usp000h8nh,2010-03-04 01:59:48.670000+00:00,6.0,24.2,-33.216,-72.125,0
usp000h8pu,2010-03-04 14:02:27.550000+00:00,6.5,176.0,-13.571,167.227,0
usp000h8qr,2010-03-04 22:39:26.530000+00:00,6.3,114.0,-22.227,-68.328,0
usp000h8rk,2010-03-05 09:19:36.380000+00:00,6.1,29.9,-36.631,-73.223,0
usp000h8rt,2010-03-05 11:47:06.820000+00:00,6.6,18.0,-36.665,-73.374,0
usp000h8s3,2010-03-05 16:07:00.680000+00:00,6.8,26.0,-3.762,100.991,0
usp000h8vq,2010-03-07 07:05:24.640000+00:00,6.3,18.0,-16.236,-115.296,0
usp000h8x1,2010-03-08 02:32:34.710000+00:00,6.1,12.0,38.864,39.986,0
usp000h8xu,2010-03-08 09:47:08.890000+00:00,6.1,427.0,19.348,144.743,0
usp000h94t,2010-03-11 14:39:43.950000+00:00,6.9,11.0,-34.29,-71.891,1
usp000h94v,2010-03-11 14:55:27.510000+00:00,7.0,18.0,-34.326,-71.799,0
usp000h94x,2010-03-11 15:06:02.130000+00:00,6.0,31.5,-34.47,-72.004,0
usp000h9br,2010-03-14 00:57:44.700000+00:00,6.4,53.0,-1.692,128.135,0
usp000h9cg,2010-03-14 08:08:03.960000+00:00,6.5,32.0,37.745,141.59,0
usp000h9eg,2010-03-15 11:08:28.960000+00:00,6.2,14.0,-35.802,-73.158,0
usp000h9fs,2010-03-16 02:21:57.940000+00:00,6.7,18.0,-36.217,-73.257,0
usp000h9ra,2010-03-20 14:00:49.980000+00:00,6.6,414.6,-3.361,152.245,0
usp000h9yk,2010-03-25 05:29:24.720000+00:00,6.0,16.0,13.827,120.071,0
usp000ha0a,2010-03-26 14:52:07.230000+00:00,6.3,42.0,-27.953,-70.821,0
usp000ha3d,2010-03-28 21:38:28+00:00,6.0,29.9,-35.387,-73.385,0
usp000ha59,2010-03-30 16:54:46.730000+00:00,6.6,34.0,13.667,92.831,0
usp000ha96,2010-04-02 22:58:07.560000+00:00,6.0,24.0,-36.227,-72.878,0
ci14607652,2010-04-04 22:40:42.360000+00:00,7.2,9.987,32.2861667,-115.2953333,0
usp000hahs,2010-04-05 10:05:44.630000+00:00,6.2,25.0,-0.183,125.009,0
usp000hat0,2010-04-06 22:15:01.580000+00:00,7.8,31.0,2.383,97.048,1
usp000havw,2010-04-07 14:33:01.930000+00:00,6.0,23.0,-3.76,141.943,0
usp000hb4q,2010-04-10 16:54:24.250000+00:00,6.0,273.2,-20.114,-176.223,0
usp000hb6a,2010-04-11 09:40:25.600000+00:00,6.9,21.0,-10.878,161.116,0
usp000hb7n,2010-04-11 22:08:12.790000+00:00,6.3,609.8,36.965,-3.542,0
usp000hbbt,2010-04-13 23:49:38.330000+00:00,6.9,17.0,33.165,96.548,0
usp000hbc2,2010-04-14 01:25:15.580000+00:00,6.1,7.6,33.195,96.449,0
usp000hbjw,2010-04-17 23:15:22.020000+00:00,6.2,53.0,-6.669,147.291,0
usp000hbre,2010-04-21 17:20:29.110000+00:00,6.1,35.0,-15.271,-173.219,0
usp000hbtp,2010-04-23 10:03:06.180000+00:00,6.0,32.0,-37.529,-72.969,0
usp000hbug,2010-04-24 07:41:00.410000+00:00,6.0,27.0,-1.912,128.122,0
usp000hbws,2010-04-26 02:59:52.150000+00:00,6.5,22.0,22.18,123.623,0
usp000hc4u,2010-04-30 23:11:43.100000+00:00,6.5,12.0,60.473,-177.877,0
usp000hc4v,2010-04-30 23:16:28.640000+00:00,6.3,14.9,60.478,-177.65,0
usp000hc8w,2010-05-03 10:27:45.090000+00:00,6.1,84.0,29.645,140.951,0
usp000hc9m,2010-05-03 23:09:44.790000+00:00,6.3,19.0,-38.072,-73.454,0
usp000hcbx,2010-05-05 16:29:03.210000+00:00,6.5,27.0,-4.054,101.096,0
usp000hccn,2010-05-06 02:42:47.940000+00:00,6.2,37.0,-18.058,-70.547,0
usp000hchk,2010-05-09 05:59:41.620000+00:00,7.2,38.0,3.748,96.018,0
usp000hcxh,2010-05-19 04:15:43.230000+00:00,6.0,132.0,-5.083,-77.541,0
usp000hcxv,2010-05-19 10:30:10.400000+00:00,6.0,10.0,-54.8,-135.252,0
usp000hcxy,2010-05-19 10:51:03.080000+00:00,6.0,10.0,-54.843,-135.398,0
usp000hd3r,2010-05-23 22:46:52.050000+00:00,6.1,101.4,-13.928,-74.352,0
usp000hd4k,2010-05-24 16:18:29.090000+00:00,6.5,581.2,-8.087,-71.558,0
usp000hd5e,2010-05-25 10:09:05.780000+00:00,6.3,10.0,35.336,-35.924,0
usp000hd6j,2010-05-26 08:53:08.030000+00:00,6.5,10.0,25.773,129.944,0
usp000hd84,2010-05-27 17:14:46.570000+00:00,7.2,31.0,-13.698,166.643,0
usp000hd8v,2010-05-27 20:48:00.440000+00:00,6.1,35.0,-13.658,166.745,0
usp000hddw,2010-05-31 10:16:00.230000+00:00,6.0,20.0,6.948,124.025,0
usp000hde8,2010-05-31 19:51:45.870000+00:00,6.5,112.0,11.132,93.471,0
usp000hdem,2010-06-01 03:26:15.760000+00:00,6.0,18.0,9.331,-84.206,0
usp000hdsf,2010-06-09 23:23:17.350000+00:00,6.0,12.0,-18.597,169.485,0
usp000hdwb,2010-06-12 19:26:50.460000+00:00,7.5,35.0,7.881,91.936,1
usp000he3d,2010-06-16 03:06:02.420000+00:00,6.2,13.0,-2.386,136.635,0
usp000he3f,2010-06-16 03:16:27.550000+00:00,7.0,18.0,-2.174,136.543,0
usp000he3n,2010-06-16 03:58:08.480000+00:00,6.6,10.5,-2.329,136.484,0
usp000he6x,2010-06-17 13:06:46.590000+00:00,6.0,170.4,-33.168,179.719,0
usp000he7r,2010-06-18 02:23:05.580000+00:00,6.2,28.0,44.448,148.689,0
usp000hef3,2010-06-24 05:32:27.400000+00:00,6.1,40.0,-5.514,151.161,0
usp000hej3,2010-06-26 05:30:19.490000+00:00,6.7,35.0,-10.627,161.447,0
usp000heqb,2010-06-30 04:31:02.160000+00:00,6.4,581.4,-23.307,179.116,0
usp000heqj,2010-06-30 07:22:27.690000+00:00,6.3,20.0,16.396,-97.782,0
usp000het5,2010-07-02 06:04:03.130000+00:00,6.3,29.0,-13.643,166.485,0
usp000heww,2010-07-04 21:55:51.980000+00:00,6.3,27.0,39.697,142.369,0
usp000hf3t,2010-07-10 11:43:32.790000+00:00,6.3,13.0,11.143,145.999,0
usp000hf5z,2010-07-12 00:11:21.250000+00:00,6.3,115.0,-22.146,-68.216,0
usp000hf8z,2010-07-14 08:32:21.490000+00:00,6.6,22.0,-38.067,-73.31,0
usp000hfdm,2010-07-18 05:56:44.930000+00:00,6.7,14.0,52.876,-169.848,0
usp000hfka,2010-07-18 13:04:09.410000+00:00,6.9,28.0,-5.966,150.428,0
usp000hfku,2010-07-18 13:34:59.360000+00:00,7.3,35.0,-5.931,150.59,0
usp000hfq4,2010-07-18 19:48:04.540000+00:00,6.0,10.0,52.815,-169.719,0
usp000hg73,2010-07-20 19:18:20.370000+00:00,6.3,24.0,-5.902,150.712,0
usp000hgaq,2010-07-21 09:16:04.420000+00:00,6.1,100.0,3.039,128.222,0
usp000hgeq,2010-07-22 05:03:56.440000+00:00,6.1,6.0,-15.132,168.162,0
usp000hgmd,2010-07-23 22:08:11.250000+00:00,7.3,607.1,6.718,123.409,0
usp000hgmh,2010-07-23 22:51:11.840000+00:00,7.6,578.0,6.497,123.48,0
usp000hgmq,2010-07-23 23:15:10.190000+00:00,7.5,640.6,6.776,123.259,0
usp000hgnj,2010-07-24 05:35:01.060000+00:00,6.6,553.0,6.218,123.519,0
usp000hh3f,2010-07-29 07:31:56.240000+00:00,6.6,618.0,6.548,123.222,0
usp000hh4n,2010-07-30 03:56:13.710000+00:00,6.3,23.0,52.498,159.843,0
usp000hhe9,2010-08-03 12:08:25.950000+00:00,6.3,41.0,1.239,126.213,0
usp000hhfd,2010-08-04 04:46:20.380000+00:00,6.0,19.0,-26.916,-177.245,0
usp000hhfk,2010-08-04 07:15:33.510000+00:00,6.5,220.0,-5.486,146.822,0
usp000hhg7,2010-08-04 12:58:24.200000+00:00,6.4,27.0,51.423,-178.649,0
usp000hhhx,2010-08-04 22:01:43.620000+00:00,7.0,44.0,-5.746,150.765,0
usp000hhj5,2010-08-04 23:48:02.070000+00:00,6.0,27.8,45.98,153.175,0
usp000hhuc,2010-08-10 05:23:44.980000+00:00,7.3,25.0,-17.541,168.069,1
usp000hj05,2010-08-12 11:54:15.580000+00:00,7.1,206.7,-1.266,-77.306,0
usp000hj2j,2010-08-13 21:19:34.090000+00:00,6.9,16.0,12.487,141.474,1
usp000hj3z,2010-08-14 07:30:16.940000+00:00,6.2,10.0,12.348,141.487,0
usp000hj6r,2010-08-14 23:01:04.090000+00:00,6.6,13.0,12.273,141.429,0
usp000hj8s,2010-08-15 15:09:29.240000+00:00,6.3,174.7,-5.692,148.342,0
usp000hj9t,2010-08-16 03:30:53.310000+00:00,6.3,9.8,-17.759,65.647,0
usp000hjaf,2010-08-16 19:35:49+00:00,6.2,603.2,-20.799,-178.826,0
usp000hjda,2010-08-18 16:28:15.440000+00:00,6.3,10.0,12.234,141.514,0
usp000hjh9,2010-08-20 17:56:14.150000+00:00,6.1,19.0,-6.57,154.246,0
usp000hjp2,2010-08-24 02:11:59.090000+00:00,6.2,10.0,18.795,-107.193,0
usp000hk3k,2010-09-03 11:16:06.600000+00:00,6.5,23.5,51.451,-175.87,0
usp000hk46,2010-09-03 16:35:47.770000+00:00,7.0,12.0,-43.522,171.83,0
usp000hk6w,2010-09-04 08:52:04.100000+00:00,6.1,69.0,-17.368,-173.999,0
usp000hkdh,2010-09-07 16:13:32.060000+00:00,6.3,9.0,-15.879,-179.306,0
usp000hkew,2010-09-08 11:37:31.890000+00:00,6.3,10.0,-20.671,169.818,0
usp000hkg9,2010-09-09 07:28:01.720000+00:00,6.2,16.0,-37.034,-73.412,0
usp000hkv7,2010-09-17 19:21:15.010000+00:00,6.3,220.1,36.443,70.774,0
usp000hm7a,2010-09-26 12:12:41.710000+00:00,6.0,30.0,-5.314,133.917,0
usp000hmbp,2010-09-29 17:10:51.080000+00:00,6.2,10.0,-4.909,133.712,0
usp000hmbq,2010-09-29 17:11:25.940000+00:00,7.0,26.0,-4.963,133.76,0
usp000hmkj,2010-10-04 13:28:38.860000+00:00,6.3,32.0,24.27,125.154,0
usp000hmrb,2010-10-08 03:26:13.710000+00:00,6.4,19.0,51.374,-175.361,0
usp000hmrk,2010-10-08 03:49:10.720000+00:00,6.0,27.7,51.287,-175.18,0
usp000hmsx,2010-10-08 05:43:08.070000+00:00,6.2,120.0,2.831,128.217,0
usp000hncm,2010-10-21 17:53:13.570000+00:00,6.7,13.0,24.696,-109.156,0
usp000hnj4,2010-10-25 14:42:22.460000+00:00,7.8,20.1,-3.487,100.082,1
usp000hnjs,2010-10-25 19:37:31.150000+00:00,6.3,26.0,-2.958,100.372,0
usp000hntb,2010-10-30 15:18:33.070000+00:00,6.4,10.0,-56.586,-142.292,0
usp000hnyy,2010-11-03 11:18:15.570000+00:00,6.0,10.0,-4.617,134.071,0
usp000hnzg,2010-11-03 23:34:42.480000+00:00,6.1,18.0,-20.466,-174.28,0
usp000hpc0,2010-11-10 04:05:24.410000+00:00,6.5,10.0,-45.464,96.394,0
usp000hpx8,2010-11-21 04:36:31.440000+00:00,6.0,10.0,-54.967,-131.479,0
usp000hq00,2010-11-23 09:01:06.860000+00:00,6.1,68.0,-5.959,148.966,0
usp000hqaw,2010-11-30 03:24:40.180000+00:00,6.8,470.0,28.349,139.187,0
usp000hqd4,2010-12-01 16:01:27.440000+00:00,6.1,15.2,-15.888,-178.956,0
usp000hqdx,2010-12-02 03:12:09.820000+00:00,6.6,33.0,-6.001,149.977,0
usp000hqnd,2010-12-08 05:24:35.260000+00:00,6.3,29.4,-56.412,-25.741,0
usp000hqvf,2010-12-13 01:14:42.320000+00:00,6.2,135.8,-6.534,155.647,0
usp000hqyf,2010-12-15 11:29:30.840000+00:00,6.0,134.9,-7.268,128.786,0
usp000hr7k,2010-12-20 18:41:59.200000+00:00,6.7,12.0,28.412,59.18,0
usp000hr97,2010-12-21 17:19:40.660000+00:00,7.4,14.0,26.901,143.698,1
usp000hrky,2010-12-22 21:49:40.080000+00:00,6.4,18.0,26.81,143.595,0
usp000hrpy,2010-12-23 14:00:32.330000+00:00,6.4,18.0,53.127,171.161,0
usp000hrw0,2010-12-25 13:16:37+00:00,7.3,16.0,-19.702,167.947,1
usp000hrzt,2010-12-26 02:13:37.680000+00:00,6.0,13.0,-19.616,168.284,0
usp000hs6h,2010-12-28 08:34:17.550000+00:00,6.3,551.0,-23.407,-179.802,0
usp000hs82,2010-12-29 06:54:19.640000+00:00,6.4,16.0,-19.661,168.14,0
usp000hsdc,2011-01-01 09:56:58.120000+00:00,7.0,576.8,-26.803,-63.136,0
usp000hsfq,2011-01-02 20:20:17.780000+00:00,7.2,24.0,-38.355,-73.326,0
usp000hskt,2011-01-05 06:46:14.630000+00:00,6.1,112.2,-22.26,171.631,0
usp000hst4,2011-01-09 10:03:43.990000+00:00,6.5,22.0,-19.155,168.312,1
usp000hsua,2011-01-09 17:21:51.650000+00:00,6.1,18.0,-19.201,168.155,0
usp000hszr,2011-01-12 21:32:53.860000+00:00,6.4,512.0,26.973,139.882,0
usp000ht15,2011-01-13 16:16:41.540000+00:00,7.0,9.0,-20.628,168.471,0
usp000ht9g,2011-01-17 19:20:57.210000+00:00,6.0,36.0,-5.03,102.647,0
usp000htb4,2011-01-18 20:23:23.480000+00:00,7.2,68.0,28.777,63.951,0
usp000htk2,2011-01-24 02:45:31.520000+00:00,6.0,110.0,38.413,72.791,0
usp000htp9,2011-01-26 15:42:29.590000+00:00,6.1,23.0,2.205,96.829,0
usp000htpz,2011-01-27 08:38:28.340000+00:00,6.2,10.0,28.195,59.015,0
usp000htt3,2011-01-29 06:55:27.520000+00:00,6.2,15.0,70.931,-6.657,0
usp000htwe,2011-01-31 06:03:27.300000+00:00,6.0,76.0,-22.009,-175.622,0
usp000hu2t,2011-02-04 13:53:46.260000+00:00,6.2,85.0,24.618,94.68,0
usp000hu76,2011-02-07 19:53:42.910000+00:00,6.4,415.0,-7.154,155.184,0
usp000huab,2011-02-10 14:39:27.710000+00:00,6.5,523.2,4.195,122.974,0
usp000huac,2011-02-10 14:41:58.820000+00:00,6.6,525.0,4.077,123.039,0
usp000huc2,2011-02-11 20:05:30.910000+00:00,6.9,26.0,-36.422,-72.96,1
usp000hucz,2011-02-12 01:17:01.410000+00:00,6.1,16.0,-37.027,-72.954,0
usp000huea,2011-02-12 17:57:56.130000+00:00,6.1,85.0,-20.879,-175.672,0
usp000huey,2011-02-13 10:35:06.740000+00:00,6.0,17.0,-36.649,-73.176,0
usp000hugg,2011-02-14 03:40:09.920000+00:00,6.7,21.0,-35.38,-72.834,0
usp000huje,2011-02-15 13:33:53.180000+00:00,6.1,16.2,-2.497,121.483,0
usp000hutu,2011-02-20 21:43:24.150000+00:00,6.1,33.0,55.918,162.117,0
usp000huus,2011-02-21 10:57:52.410000+00:00,6.5,558.1,-26.142,178.394,0
usp000huvq,2011-02-21 23:51:42.350000+00:00,6.1,5.9,-43.583,172.68,0
usp000hv6u,2011-03-01 00:53:46.340000+00:00,6.0,10.0,-29.701,-111.981,0
usp000hvef,2011-03-06 12:31:59.780000+00:00,6.3,118.0,-18.021,-69.362,0
usp000hveq,2011-03-06 14:32:36.080000+00:00,6.5,87.7,-56.422,-27.063,0
usp000hvf6,2011-03-07 00:09:36.450000+00:00,6.3,22.0,-10.349,160.766,0
usp000hvhj,2011-03-09 02:45:20.330000+00:00,7.3,32.0,38.435,142.842,1
usp000hvk6,2011-03-09 18:16:16.440000+00:00,6.0,22.0,38.315,142.434,0
usp000hvkg,2011-03-09 21:22:17.580000+00:00,6.0,23.0,38.345,142.648,0
usp000hvkh,2011-03-09 21:24:01.680000+00:00,6.5,15.0,38.296,142.808,1
usp000hvkj,2011-03-09 21:24:49.760000+00:00,6.4,29.0,-5.985,149.777,0
usp000hvn3,2011-03-10 17:08:36.860000+00:00,6.5,510.6,-6.873,116.72,0
official20110311054624120_30,2011-03-11 05:46:24.120000+00:00,9.1,29.0,38.297,142.373,1
usp000hvnv,2011-03-11 05:54:31.940000+00:00,6.3,32.3,37.712,141.184,0
usp000hvnw,2011-03-11 05:55:45.480000+00:00,6.4,35.0,37.359,143.351,0
usp000hvnx,2011-03-11 05:58:07.490000+00:00,6.3,50.7,37.623,142.155,0
usp000hvnz,2011-03-11 06:00:39.300000+00:00,6.2,40.6,38.095,142.492,0
usp000hvp3,2011-03-11 06:06:13.170000+00:00,6.3,42.7,39.003,142.29,0
usp000hvp4,2011-03-11 06:07:20.880000+00:00,6.4,32.3,36.419,141.876,0
usp000hvp5,2011-03-11 06:08:29.660000+00:00,6.7,2.8,38.969,143.37,0
usp000hvp7,2011-03-11 06:12:36.360000+00:00,6.2,25.4,37.788,144.233,0
usp000hvp8,2011-03-11 06:13:01.040000+00:00,6.2,40.1,37.211,141.601,0
usp000hvp9,2011-03-11 06:15:23.120000+00:00,6.3,35.0,37.93,143.802,0
usp000hvpa,2011-03-11 06:15:40.280000+00:00,7.9,42.6,36.281,141.111,0
usp000hvpc,2011-03-11 06:18:49.510000+00:00,6.6,16.0,36.023,142.269,0
usp000hvpd,2011-03-11 06:20:04.110000+00:00,6.5,49.3,36.004,142.067,0
usp000hvpe,2011-03-11 06:21:32.700000+00:00,6.2,51.7,38.29,142.813,0
usp000hvpf,2011-03-11 06:23:09.480000+00:00,6.2,56.3,39.03,142.284,0
usp000hvpg,2011-03-11 06:25:50.300000+00:00,7.7,18.6,38.058,144.59,0
usp000hvph,2011-03-11 06:29:15.990000+00:00,6.1,40.6,37.812,144.233,0
usp000hvpx,2011-03-11 06:48:45.590000+00:00,6.2,11.7,37.961,142.724,0
usp000hvpy,2011-03-11 06:49:16.610000+00:00,6.1,47.3,37.337,144.237,0
usp000hvq3,2011-03-11 06:57:16.510000+00:00,6.0,47.5,35.712,140.875,0
usp000hvq4,2011-03-11 06:59:00.270000+00:00,6.3,35.9,37.357,144.725,0
usp000hvqf,2011-03-11 07:14:58.820000+00:00,6.3,24.7,36.586,141.823,0
usp000hvqj,2011-03-11 07:25:36.460000+00:00,6.1,39.5,37.934,144.529,0
usp000hvqk,2011-03-11 07:28:12.360000+00:00,6.1,28.4,36.823,141.824,0
usp000hvqm,2011-03-11 07:29:01.830000+00:00,6.3,45.4,39.031,142.349,0
usp000hvqn,2011-03-11 07:30:18.450000+00:00,6.0,49.2,37.442,141.195,0
usp000hvra,2011-03-11 08:12:07.260000+00:00,6.2,39.6,36.569,141.486,0
usp000hvrb,2011-03-11 08:15:41.850000+00:00,6.1,41.0,37.047,144.541,0
usp000hvrd,2011-03-11 08:19:24.380000+00:00,6.5,6.8,36.166,141.562,0
usp000hvre,2011-03-11 08:26:36.930000+00:00,6.1,17.0,37.367,143.017,0
usp000hvrf,2011-03-11 08:27:51.600000+00:00,6.0,42.8,38.017,142.657,0
usp000hvrg,2011-03-11 08:31:09.260000+00:00,6.0,37.3,37.469,141.176,0
usp000hvrh,2011-03-11 08:33:00.780000+00:00,6.0,27.6,39.14,142.967,0
usp000hvtb,2011-03-11 10:10:34.220000+00:00,6.0,26.5,39.185,142.76,0
usp000hvuu,2011-03-11 11:36:40.920000+00:00,6.6,25.7,39.241,142.463,0
usp000hvy0,2011-03-11 15:13:14.680000+00:00,6.3,21.0,35.994,141.808,0
usp000hvy2,2011-03-11 15:20:08.190000+00:00,6.0,52.8,36.398,141.864,0
usp000hw18,2011-03-11 18:59:16.540000+00:00,6.2,9.3,37.014,138.376,0
usp000hw19,2011-03-11 19:02:59.170000+00:00,6.0,27.1,39.342,142.872,0
usp000hw1y,2011-03-11 19:46:50.880000+00:00,6.2,10.0,40.483,139.055,0
usp000hw29,2011-03-11 20:11:24.060000+00:00,6.1,17.4,39.005,142.633,0
usp000hw7r,2011-03-12 01:47:15.400000+00:00,6.5,20.0,37.594,142.648,0
usp000hwfv,2011-03-12 13:15:41.650000+00:00,6.1,38.0,37.249,141.159,0
usp000hwnq,2011-03-12 23:24:48.780000+00:00,6.1,15.0,38.047,141.72,0
usp000hwq6,2011-03-13 01:26:04.250000+00:00,6.1,8.0,35.723,141.637,0
usp000hx38,2011-03-14 06:12:36.060000+00:00,6.0,14.0,37.785,142.456,0
usp000hxc6,2011-03-15 13:27:56.630000+00:00,6.0,28.0,37.576,142.237,0
usp000hxc7,2011-03-15 13:31:46.320000+00:00,6.0,9.0,35.272,138.582,0
usp000hxcu,2011-03-15 15:23:53.850000+00:00,6.1,18.0,40.335,143.288,0
usp000hxm2,2011-03-17 02:48:00.030000+00:00,6.2,17.0,-17.275,167.826,0
usp000hxmc,2011-03-17 04:13:56.780000+00:00,6.2,29.0,40.136,142.168,0
usp000hy18,2011-03-20 08:26:09.580000+00:00,6.0,27.0,18.994,121.246,0
usp000hy7y,2011-03-22 07:18:45.380000+00:00,6.4,11.0,37.244,144.003,0
usp000hy8c,2011-03-22 09:19:06.230000+00:00,6.1,31.0,37.325,141.791,0
usp000hy8e,2011-03-22 09:44:29.330000+00:00,6.4,13.0,39.851,143.437,0
usp000hyfx,2011-03-24 13:55:12.010000+00:00,6.9,8.0,20.687,99.822,0
usp000hyjm,2011-03-25 11:36:24.490000+00:00,6.2,39.0,38.772,141.88,0
usp000hypf,2011-03-26 22:49:40.820000+00:00,6.0,6.0,-15.848,-179.405,0
usp000hyrs,2011-03-27 22:23:58.800000+00:00,6.2,19.0,38.415,142.011,0
usp000hyv2,2011-03-29 10:54:33.200000+00:00,6.1,15.0,37.401,142.29,0
usp000hyyr,2011-03-31 00:11:58.300000+00:00,6.3,15.5,-16.541,-177.517,0
usp000hyzj,2011-03-31 07:15:30.190000+00:00,6.0,42.0,38.922,141.821,0
usp000hz2h,2011-04-01 13:29:10.690000+00:00,6.0,59.9,35.662,26.56,0
usp000hz6z,2011-04-03 14:07:09.330000+00:00,6.4,551.7,-17.642,-178.585,0
usp000hz7h,2011-04-03 20:06:40.390000+00:00,6.7,14.0,-9.848,107.693,0
usp000hzd7,2011-04-06 14:01:42.560000+00:00,6.0,20.0,1.612,97.086,0
usp000hzf3,2011-04-07 13:11:22.400000+00:00,6.6,166.2,17.208,-94.338,0
usp000hzf6,2011-04-07 14:32:43.290000+00:00,7.1,42.0,38.276,141.588,1
usp000hzq8,2011-04-11 08:16:12.730000+00:00,6.6,11.0,37.001,140.401,0
usp000hzsk,2011-04-11 23:08:16.870000+00:00,6.2,15.0,35.417,140.575,0
usp000hzw1,2011-04-13 19:57:25.420000+00:00,6.0,22.0,39.583,143.34,0
usp000j06q,2011-04-18 13:03:02.730000+00:00,6.6,86.0,-34.336,179.874,0
usp000j0c3,2011-04-21 13:37:03.340000+00:00,6.2,43.0,35.579,140.305,0
usp000j0eh,2011-04-23 04:16:54.720000+00:00,6.8,79.0,-10.375,161.2,0
usp000j0hc,2011-04-24 23:07:51.490000+00:00,6.1,8.0,-4.586,122.771,0
usp000j0tf,2011-04-30 08:19:16.710000+00:00,6.1,12.0,6.854,-82.33,0
usp000j11c,2011-05-05 14:58:18.680000+00:00,6.0,11.0,38.17,144.032,0
usp000j1a8,2011-05-10 08:55:08.930000+00:00,6.8,11.0,-20.244,168.226,1
usp000j1jk,2011-05-13 23:35:52.860000+00:00,6.1,35.0,37.396,141.341,0
usp000j1n3,2011-05-15 13:08:13.060000+00:00,6.1,10.0,0.569,-25.647,0
usp000j1nf,2011-05-15 18:37:10.370000+00:00,6.4,40.0,-6.104,154.414,0
usp000j2hv,2011-06-01 12:55:22.380000+00:00,6.3,21.0,-37.578,-73.691,0
usp000j2kz,2011-06-03 00:05:00.830000+00:00,6.1,14.0,37.285,143.907,0
usp000j2rm,2011-06-05 11:51:12.010000+00:00,6.4,3.0,-55.843,146.62,0
usp000j348,2011-06-13 14:31:22.990000+00:00,6.3,61.1,2.515,126.457,0
usp000j37m,2011-06-16 00:03:35.790000+00:00,6.4,16.0,-5.928,151.04,0
usp000j3fk,2011-06-20 16:36:01.160000+00:00,6.4,128.0,-21.701,-68.228,0
usp000j3gd,2011-06-21 02:04:15.940000+00:00,6.0,14.0,-11.479,165.551,0
usp000j3k6,2011-06-22 21:50:52.350000+00:00,6.7,33.0,39.955,142.205,0
usp000j3mq,2011-06-24 03:09:39.470000+00:00,7.3,52.0,52.05,-171.836,1
usp000j3n9,2011-06-24 06:33:07.850000+00:00,6.1,72.1,-10.925,165.931,0
usp000j3sp,2011-06-26 12:16:38.600000+00:00,6.3,17.0,-2.384,136.631,0
usp000j48h,2011-07-06 19:03:18.260000+00:00,7.6,17.0,-29.539,-176.34,1
usp000j4f4,2011-07-09 15:02:27.240000+00:00,6.0,14.0,-29.337,-177.051,0
usp000j4fs,2011-07-09 19:35:18.750000+00:00,6.0,15.2,-29.436,-177.007,0
usp000j4gp,2011-07-10 00:57:10.800000+00:00,7.0,23.0,38.034,143.264,1
usp000j4p4,2011-07-11 20:47:04.300000+00:00,6.4,19.0,9.509,122.175,0
usp000j4yz,2011-07-15 13:26:02.950000+00:00,6.1,10.0,-60.762,-23.523,0
usp000j4zz,2011-07-16 00:26:12.640000+00:00,6.0,20.0,-33.819,-71.832,0
usp000j51f,2011-07-16 19:59:12.890000+00:00,6.1,36.0,54.787,-161.29,0
usp000j560,2011-07-19 19:35:43.480000+00:00,6.1,20.0,40.081,71.41,0
usp000j57s,2011-07-20 22:04:59.320000+00:00,6.0,21.0,-10.34,162.01,0
usp000j59g,2011-07-21 23:01:42.510000+00:00,6.0,10.0,-62.496,164.452,0
usp000j5by,2011-07-23 04:34:24.180000+00:00,6.3,41.0,38.898,141.815,0
usp000j5ed,2011-07-24 18:51:25.070000+00:00,6.3,40.0,37.73,141.39,0
usp000j5eq,2011-07-25 00:50:47.590000+00:00,6.3,10.0,-3.182,150.611,0
usp000j5hr,2011-07-26 17:44:20.380000+00:00,6.0,12.0,25.101,-109.525,0
usp000j5nv,2011-07-29 07:42:23.400000+00:00,6.7,532.0,-23.801,179.751,0
usp000j5rk,2011-07-30 18:53:50.720000+00:00,6.3,38.0,36.942,140.955,0
usp000j5sk,2011-07-31 14:34:47.320000+00:00,6.1,10.0,-17.016,171.579,0
usp000j5t4,2011-07-31 23:38:56.610000+00:00,6.6,10.0,-3.518,144.828,0
usp000j5yv,2011-08-04 13:51:34.560000+00:00,6.1,36.0,48.833,154.769,0
usp000j69g,2011-08-10 23:45:43.040000+00:00,6.0,10.0,-7.04,-12.618,0
usp000j6hz,2011-08-16 11:03:56.430000+00:00,6.1,26.0,-2.323,128.011,0
usp000j6kt,2011-08-17 11:44:08.370000+00:00,6.1,9.0,36.765,143.77,0
usp000j6nt,2011-08-19 03:54:26.780000+00:00,6.2,407.9,-16.522,-177.004,0
usp000j6nx,2011-08-19 05:36:33.040000+00:00,6.2,47.0,37.671,141.652,0
usp000j6r4,2011-08-20 16:55:02.810000+00:00,7.2,32.0,-18.365,168.143,1
usp000j6rb,2011-08-20 17:13:06.380000+00:00,6.5,35.0,-18.308,168.156,0
usp000j6rj,2011-08-20 18:19:23.550000+00:00,7.1,28.0,-18.311,168.218,1
usp000j6vx,2011-08-22 20:12:20.950000+00:00,6.1,29.0,-6.282,104.054,0
usp000j6z8,2011-08-24 17:46:11.650000+00:00,7.0,147.0,-7.641,-74.525,0
usp000j6zp,2011-08-24 23:06:17.090000+00:00,6.2,13.0,-18.155,167.727,0
usp000j78h,2011-08-30 06:57:41.610000+00:00,6.9,469.8,-6.362,126.752,0
usp000j7bw,2011-09-01 06:14:38.870000+00:00,6.0,41.0,-12.36,166.656,0
usp000j7dc,2011-09-02 10:55:53.590000+00:00,6.9,32.0,52.171,-171.708,1
usp000j7ee,2011-09-02 13:47:09.620000+00:00,6.7,578.9,-28.398,-63.029,0
usp000j7gq,2011-09-03 04:48:57.310000+00:00,6.4,84.0,-56.451,-26.847,0
usp000j7jb,2011-09-03 22:55:40.920000+00:00,7.0,185.1,-20.671,169.716,0
usp000j7n5,2011-09-05 09:52:01.130000+00:00,6.2,37.0,-15.295,-173.621,0
usp000j7nn,2011-09-05 17:55:11.220000+00:00,6.7,91.0,2.965,97.893,0
usp000j7ur,2011-09-09 19:41:34.150000+00:00,6.4,22.0,49.535,-126.893,0
usp000j81y,2011-09-14 18:10:09+00:00,6.0,15.0,53.107,172.984,0
usp000j82j,2011-09-15 07:53:18.630000+00:00,6.1,10.0,-35.366,-179.039,0
usp000j82k,2011-09-15 08:00:09.640000+00:00,6.1,28.0,36.256,141.338,0
usp000j83e,2011-09-15 19:31:04.080000+00:00,7.3,644.6,-21.611,-179.528,0
usp000j84y,2011-09-16 19:26:40.260000+00:00,6.7,30.0,40.273,142.779,0
usp000j88b,2011-09-18 12:40:51.830000+00:00,6.9,50.0,27.73,88.155,0
usp000j8e3,2011-09-22 23:07:03.570000+00:00,6.4,10.0,-15.437,-175.311,0
usp000j91e,2011-10-07 08:58:28.910000+00:00,6.1,36.0,-32.514,-179.038,0
usp000j99g,2011-10-13 03:16:30.160000+00:00,6.1,39.0,-9.35,114.587,0
usp000j9as,2011-10-14 03:35:14.810000+00:00,6.5,37.0,-6.57,147.881,0
usp000j9aw,2011-10-14 06:10:14.600000+00:00,6.0,12.0,54.08,123.722,0
usp000j9ge,2011-10-18 05:05:06.250000+00:00,6.1,26.0,-5.785,151.037,0
usp000j9mz,2011-10-21 08:02:37.950000+00:00,6.1,187.0,43.892,142.479,0
usp000j9nm,2011-10-21 17:57:16.100000+00:00,7.4,33.0,-28.993,-176.238,1
usp000j9rr,2011-10-23 10:41:23.250000+00:00,7.1,18.0,38.721,43.508,0
usp000j9yn,2011-10-27 00:15:24.520000+00:00,6.0,602.9,-17.941,-179.531,0
usp000ja1p,2011-10-28 18:54:34.040000+00:00,6.9,24.0,-14.438,-75.966,0
usp000ja6t,2011-11-01 12:32:00.430000+00:00,6.3,10.0,19.831,-109.205,0
usp000ja8d,2011-11-02 14:59:27.940000+00:00,6.1,10.0,-55.294,-128.843,0
usp000jaj2,2011-11-07 22:35:25.630000+00:00,6.0,177.0,11.56,-85.861,0
usp000jajd,2011-11-08 02:59:08.510000+00:00,6.9,224.9,27.324,125.621,0
usp000japr,2011-11-11 10:41:37.480000+00:00,6.0,10.0,-55.981,-124.439,0
usp000jav0,2011-11-14 04:05:11.390000+00:00,6.3,17.0,-0.949,126.91,0
usp000jayv,2011-11-17 01:57:05.730000+00:00,6.0,26.6,-1.702,-81.546,0
usp000jb98,2011-11-22 18:48:16.300000+00:00,6.6,549.9,-15.364,-65.09,0
usp000jbaf,2011-11-23 19:24:31.470000+00:00,6.1,34.0,37.365,141.368,0
usp000jbb8,2011-11-24 10:25:34.030000+00:00,6.2,38.0,41.898,142.639,0
usp000jbhn,2011-11-28 12:26:45.450000+00:00,6.1,25.0,-5.48,153.733,0
usp000jbmj,2011-11-30 00:27:06.990000+00:00,6.0,9.0,15.455,118.999,0
usp000jby0,2011-12-07 22:23:09.730000+00:00,6.1,20.0,-27.899,-70.918,0
usp000jc1y,2011-12-11 01:47:25.560000+00:00,6.5,59.0,17.986,-99.789,0
usp000jc2q,2011-12-11 09:54:55.200000+00:00,6.2,116.0,-56.009,-28.184,0
usp000jc4z,2011-12-13 07:52:11.930000+00:00,6.0,161.0,0.041,123.03,0
usp000jc5z,2011-12-14 05:04:58.630000+00:00,7.1,135.0,-7.551,146.809,0
usp000jc7p,2011-12-15 10:10:07.210000+00:00,6.0,32.0,-32.718,-179.099,0
usp000jcna,2011-12-26 04:48:08.870000+00:00,6.0,90.0,-16.198,-173.862,0
usp000jcq2,2011-12-27 15:21:56.840000+00:00,6.6,15.0,51.842,95.911,0
usp000jcws,2012-01-01 05:27:55.980000+00:00,6.8,365.3,31.456,138.072,0
usp000jd8k,2012-01-09 04:07:14.670000+00:00,6.4,28.0,-10.617,165.16,0
usp000jdar,2012-01-10 18:36:59.080000+00:00,7.2,19.0,2.433,93.21,0
usp000jdhq,2012-01-15 13:40:19.540000+00:00,6.6,8.0,-60.948,-56.113,0
usp000jdhs,2012-01-15 14:21:31.370000+00:00,6.0,10.0,-60.882,-55.965,0
usp000jdt7,2012-01-21 18:47:11.560000+00:00,6.2,45.0,14.873,-93.005,0
usp000jdty,2012-01-22 05:53:42.080000+00:00,6.0,13.0,-56.759,-25.147,0
usp000jdvv,2012-01-23 16:04:52.980000+00:00,6.1,20.0,-36.409,-73.03,0
usp000jdwh,2012-01-24 00:52:05.230000+00:00,6.3,580.3,-24.977,178.52,0
usp000je5n,2012-01-30 05:11:00.950000+00:00,6.4,43.0,-14.168,-75.635,0
usp000jeag,2012-02-02 13:34:40.650000+00:00,7.1,23.0,-17.827,167.133,1
usp000jed1,2012-02-03 03:46:21.150000+00:00,6.1,8.0,-17.378,167.277,0
usp000jegv,2012-02-05 00:15:38.900000+00:00,6.1,145.0,-18.894,168.917,0
usp000jehw,2012-02-05 16:40:39.160000+00:00,6.1,8.0,-17.948,167.226,0
usp000jejw,2012-02-06 03:49:12.520000+00:00,6.7,11.0,9.999,123.206,1
usp000jek9,2012-02-06 10:10:19.850000+00:00,6.0,9.0,9.885,123.095,0
usp000jexf,2012-02-14 08:19:55.470000+00:00,6.4,51.0,-10.39,161.102,0
usp000jfdd,2012-02-26 05:21:24.630000+00:00,6.0,10.0,-24.495,-177.238,0
usp000jfdj,2012-02-26 06:17:19.760000+00:00,6.7,12.0,51.708,95.991,0
usp000jfqx,2012-03-03 12:19:55.090000+00:00,6.6,14.0,-22.141,170.34,0
usp000jftj,2012-03-05 07:46:10.040000+00:00,6.1,553.9,-28.246,-63.294,0
usp000jfzj,2012-03-09 07:09:50.950000+00:00,6.7,16.0,-19.125,169.613,1
usp000jg7e,2012-03-14 09:08:35.140000+00:00,6.9,12.0,40.887,144.944,1
usp000jg7p,2012-03-14 10:49:24.580000+00:00,6.1,10.0,40.781,144.761,0
usp000jg80,2012-03-14 12:05:04.520000+00:00,6.0,10.0,35.687,140.695,0
usp000jg91,2012-03-14 21:13:08.040000+00:00,6.2,28.0,-5.595,151.042,0
usp000jghh,2012-03-20 17:56:18.800000+00:00,6.1,66.0,-3.812,140.266,0
usp000jghj,2012-03-20 18:02:47.440000+00:00,7.4,20.0,16.493,-98.231,1
usp000jgm3,2012-03-21 22:15:06.130000+00:00,6.6,118.0,-6.242,145.955,0
usp000jgsw,2012-03-25 22:37:06+00:00,7.1,40.7,-35.2,-72.217,0
usp000jguf,2012-03-26 18:12:52.850000+00:00,6.0,10.0,10.071,-104.16,0
usp000jgv9,2012-03-27 11:00:44.500000+00:00,6.1,15.0,39.859,142.017,0
usp000jh52,2012-04-02 17:36:42.060000+00:00,6.0,9.0,16.395,-98.316,0
usp000jhb2,2012-04-06 16:15:58.010000+00:00,6.1,108.5,-4.551,153.457,0
official20120411083836720_20,2012-04-11 08:38:36.720000+00:00,8.6,20.0,2.327,93.063,1
usp000jhhg,2012-04-11 09:27:56.760000+00:00,6.0,10.0,1.254,91.735,0
usp000jhjb,2012-04-11 10:43:10.850000+00:00,8.2,25.1,0.802,92.463,1
usp000jhpg,2012-04-11 22:41:46.040000+00:00,6.0,8.0,43.584,-127.638,0
usp000jhpj,2012-04-11 22:55:10.250000+00:00,6.5,20.0,18.229,-102.689,0
usp000jhr3,2012-04-12 07:06:00.570000+00:00,6.0,9.0,28.837,-113.027,0
usp000jhr6,2012-04-12 07:15:48.500000+00:00,7.0,13.0,28.696,-113.104,0
usp000jhy7,2012-04-14 10:56:19.380000+00:00,6.2,15.0,-57.679,-65.308,0
usp000jhzj,2012-04-14 22:05:26.430000+00:00,6.2,11.0,-18.972,168.741,1
usp000jj0a,2012-04-15 05:57:40.060000+00:00,6.2,25.0,2.581,90.269,0
usp000jj3u,2012-04-17 03:50:15.610000+00:00,6.7,29.0,-32.625,-71.365,0
usp000jj41,2012-04-17 07:13:49+00:00,6.8,198.0,-5.462,147.117,0
usp000jj50,2012-04-17 19:03:56.370000+00:00,6.2,12.0,-59.016,-16.612,0
usp000jjaq,2012-04-21 01:16:52.740000+00:00,6.7,16.0,-1.617,134.276,0
usp000jjat,2012-04-21 01:25:13.200000+00:00,6.0,17.4,-1.635,134.197,0
usp000jjfr,2012-04-23 17:36:21.170000+00:00,6.0,114.0,-28.556,-177.412,0
usp000jjqf,2012-04-28 10:08:08.090000+00:00,6.6,134.7,-18.685,-174.705,0
usp000jjvz,2012-05-01 22:43:33.340000+00:00,6.0,14.0,14.376,-92.897,0
usp000jkdy,2012-05-14 10:00:40.230000+00:00,6.2,105.9,-17.678,-69.591,0
usp000jkj5,2012-05-18 02:00:39.490000+00:00,6.3,10.0,-44.806,-80.159,0
usp000jkn8,2012-05-20 02:03:52+00:00,6.0,6.3,44.89,11.23,0
usp000jknx,2012-05-20 07:20:36.870000+00:00,6.3,11.0,39.646,143.164,0
usp000jkuj,2012-05-23 22:59:52.700000+00:00,6.0,10.0,-50.42,139.516,0
usp000jkw6,2012-05-24 22:47:46.800000+00:00,6.1,10.0,72.96,5.683,0
usp000jkyu,2012-05-26 21:48:10.120000+00:00,6.0,487.4,26.91,140.055,0
usp000jm15,2012-05-28 05:07:23.450000+00:00,6.7,586.9,-28.043,-63.094,0
usp000jma4,2012-06-04 00:45:15.290000+00:00,6.3,7.0,5.305,-82.629,0
usp000jma5,2012-06-04 03:15:24.750000+00:00,6.3,7.0,5.508,-82.563,0
usp000jmcv,2012-06-05 19:31:33.750000+00:00,6.1,15.0,34.943,141.132,0
usp000jmf2,2012-06-07 04:05:04.520000+00:00,6.0,8.0,-36.074,-70.57,0
usp000jmfp,2012-06-07 16:03:18.900000+00:00,6.1,110.0,-15.877,-72.413,0
usp000jmkj,2012-06-10 12:44:16.590000+00:00,6.0,35.0,36.42,28.88,0
usp000jmwc,2012-06-17 20:32:20.590000+00:00,6.3,36.0,38.919,141.831,0
usp000jmz8,2012-06-19 15:56:32.530000+00:00,6.0,14.0,53.351,171.619,0
usp000jn41,2012-06-23 04:34:53.180000+00:00,6.1,95.0,3.009,97.896,0
usp000jn5s,2012-06-24 03:15:01.280000+00:00,6.0,10.0,57.601,163.195,0
usp000jncx,2012-06-29 21:07:33.860000+00:00,6.3,18.0,43.433,84.7,0
usp000jnj4,2012-07-03 10:36:15.520000+00:00,6.3,229.8,-40.023,173.756,0
usp000jnnv,2012-07-06 02:28:22.190000+00:00,6.3,160.1,-14.657,167.34,0
usp000jnrw,2012-07-08 11:33:02.920000+00:00,6.0,20.0,45.497,151.288,0
usp000jp79,2012-07-20 06:10:25.170000+00:00,6.0,19.0,49.407,155.907,0
usp000jpe1,2012-07-25 00:27:45.260000+00:00,6.4,22.0,2.707,96.045,0
usp000jpeh,2012-07-25 11:20:27.030000+00:00,6.4,20.0,-9.694,159.727,0
usp000jpfh,2012-07-26 05:33:33.020000+00:00,6.7,20.0,-17.592,66.391,0
usp000jpjk,2012-07-28 20:03:56.800000+00:00,6.5,41.0,-4.651,153.173,0
usp000jps8,2012-08-02 09:38:30.850000+00:00,6.1,144.6,-8.414,-74.259,0
usp000jpsa,2012-08-02 09:56:41.740000+00:00,6.1,46.0,-4.654,153.275,0
usp000jq4r,2012-08-10 18:37:43.090000+00:00,6.2,13.0,52.633,-167.421,0
usp000jq5p,2012-08-11 12:23:18.190000+00:00,6.4,11.0,38.329,46.826,0
usp000jq5r,2012-08-11 12:34:35.900000+00:00,6.2,12.0,38.389,46.745,0
usp000jq7p,2012-08-12 10:47:06.450000+00:00,6.2,13.0,35.661,82.518,0
usp000jq9h,2012-08-14 02:59:38.460000+00:00,7.7,583.2,49.8,145.064,0
usp000jqf3,2012-08-18 09:41:52.450000+00:00,6.3,10.0,-1.315,120.096,0
usp000jqha,2012-08-19 22:41:49.810000+00:00,6.2,73.0,-4.766,144.57,0
usp000jqrz,2012-08-26 15:05:37.080000+00:00,6.6,91.1,2.19,126.837,0
usp000jqvm,2012-08-27 04:37:19.430000+00:00,7.3,28.0,12.139,-88.59,1
usp000jr55,2012-08-30 13:43:25.170000+00:00,6.8,14.0,71.441,-10.605,0
usp000jr83,2012-08-31 12:47:33.380000+00:00,7.6,28.0,10.811,126.638,1
usp000jrkr,2012-09-03 18:23:05.230000+00:00,6.1,14.0,-10.708,113.931,0
usp000jrsq,2012-09-05 13:09:10.060000+00:00,6.0,27.0,-12.476,166.513,0
usp000jrsw,2012-09-05 14:42:07.800000+00:00,7.6,35.0,10.085,-85.315,1
usp000jrzt,2012-09-08 10:51:44.200000+00:00,6.1,21.0,-3.177,135.109,0
usp000jsa4,2012-09-14 04:51:47.070000+00:00,6.2,19.0,-3.319,100.594,0
usp000jsz4,2012-09-25 23:45:24.940000+00:00,6.3,10.0,24.666,-110.173,0
usp000jt0h,2012-09-26 23:39:55.110000+00:00,6.4,16.0,51.592,-178.295,0
usp000jta1,2012-09-30 16:31:35.970000+00:00,7.3,170.0,1.929,-76.362,0
usp000jtc6,2012-10-01 22:21:46.020000+00:00,6.1,15.0,39.808,143.099,0
usp000jtqw,2012-10-08 11:43:31.420000+00:00,6.1,10.0,-4.472,129.129,0
usp000jtsk,2012-10-09 12:32:09.770000+00:00,6.6,10.0,-60.326,153.699,0
usp000jtvw,2012-10-12 00:31:28.270000+00:00,6.6,13.0,-4.892,134.03,0
usp000ju30,2012-10-17 04:42:30.400000+00:00,6.0,326.0,4.232,124.52,0
usp000ju7q,2012-10-20 23:00:32.450000+00:00,6.2,36.0,-13.552,166.564,0
usp000jucg,2012-10-24 00:45:32.990000+00:00,6.5,17.0,10.086,-85.298,0
usp000juhz,2012-10-28 03:04:08.820000+00:00,7.8,14.0,52.788,-132.101,1
usp000junu,2012-10-28 18:54:20.830000+00:00,6.3,9.0,52.674,-132.602,0
usp000jus5,2012-10-30 02:49:02.270000+00:00,6.2,9.0,52.365,-131.902,0
usp000juy1,2012-11-02 18:17:32.730000+00:00,6.1,37.0,9.219,126.161,0
usp000jv5f,2012-11-07 16:35:46.930000+00:00,7.4,24.0,13.988,-91.895,1
usp000jv6k,2012-11-08 02:01:50.630000+00:00,6.1,13.7,49.231,-128.477,0
usp000jvb0,2012-11-10 14:57:50.740000+00:00,6.0,129.0,-8.866,-75.071,0
usp000jvbq,2012-11-11 01:12:38.870000+00:00,6.8,13.7,23.005,95.885,0
usp000jvdf,2012-11-11 22:14:59.240000+00:00,6.5,20.0,14.129,-92.164,0
usp000jvfa,2012-11-12 20:42:14.620000+00:00,6.3,9.0,57.792,-142.855,0
usp000jvgu,2012-11-13 04:31:26.760000+00:00,6.1,9.0,-45.761,-77.053,0
usp000jvkn,2012-11-14 19:02:06.120000+00:00,6.1,63.0,-29.118,-71.19,0
usp000jvmk,2012-11-15 09:20:21.910000+00:00,6.1,53.0,18.346,-100.382,0
usp000jvpf,2012-11-16 18:12:39.910000+00:00,6.5,29.0,49.28,155.425,0
usp000jvtm,2012-11-19 09:44:34.120000+00:00,6.0,13.0,-5.705,151.602,0
usp000jwax,2012-12-02 00:54:22.690000+00:00,6.1,32.0,-16.975,167.645,0
usp000jwjn,2012-12-07 08:18:23.130000+00:00,7.3,31.0,37.89,143.949,1
usp000jwjp,2012-12-07 08:31:14.800000+00:00,6.2,32.0,37.914,143.764,0
usp000jwmk,2012-12-07 18:19:06.310000+00:00,6.3,163.0,-38.428,176.067,0
usp000jwt8,2012-12-10 16:53:08.770000+00:00,7.1,155.0,-6.533,129.825,0
usp000jwu3,2012-12-11 06:18:27.330000+00:00,6.0,30.0,0.533,126.231,0
usp000jwyb,2012-12-14 10:36:01.590000+00:00,6.3,13.0,31.095,-119.66,0
usp000jwza,2012-12-15 04:49:29.650000+00:00,6.0,26.0,52.291,174.011,0
usp000jx05,2012-12-15 19:30:02.170000+00:00,6.1,52.0,-4.632,153.016,0
usp000jx2e,2012-12-17 09:16:30.900000+00:00,6.1,44.2,-0.649,123.807,0
usp000jx85,2012-12-21 22:28:08.570000+00:00,6.7,200.7,-14.344,167.286,0
ak0138esnzr,2013-01-05 08:58:14.957000+00:00,7.5,8.7,55.228,-134.8591,0
usp000jyev,2013-01-15 16:09:37.080000+00:00,6.1,10.0,-62.571,-161.432,0
usb000esgn,2013-01-21 22:22:52.760000+00:00,6.1,12.0,4.927,95.907,0
usc000ewqq,2013-01-28 16:38:53.580000+00:00,6.1,15.0,42.605,79.708,0
usc000eyp3,2013-01-30 20:15:43.340000+00:00,6.8,45.0,-28.094,-70.653,0
usc000eyur,2013-01-30 23:03:43.660000+00:00,6.1,10.0,-10.634,166.372,0
usc000ez0w,2013-01-31 03:33:43.720000+00:00,6.1,9.0,-10.64,166.367,0
usc000ezil,2013-02-01 05:36:41.790000+00:00,6.0,15.0,-11.104,165.532,0
usc000ezv6,2013-02-01 22:16:34.170000+00:00,6.3,10.0,-10.896,165.379,0
usc000ezw4,2013-02-01 22:18:33.070000+00:00,6.4,10.0,-11.12,165.378,0
usc000f03a,2013-02-02 14:17:35.130000+00:00,6.9,107.0,42.77,143.092,0
usc000f05y,2013-02-02 18:58:06.480000+00:00,6.0,6.0,-10.887,165.284,0
usc000f1r5,2013-02-06 00:07:22.100000+00:00,6.0,11.0,-10.864,165.248,0
usc000f1s0,2013-02-06 01:12:25.830000+00:00,8.0,24.0,-10.799,165.114,1
usc000f1se,2013-02-06 01:23:19.760000+00:00,7.1,10.0,-11.183,164.882,0
usc000f1ts,2013-02-06 01:54:14.610000+00:00,7.0,8.8,-10.499,165.588,0
usc000f23y,2013-02-06 06:35:19.250000+00:00,6.1,10.0,-10.791,164.551,0
usc000f29g,2013-02-06 10:33:17.460000+00:00,6.0,10.0,-10.642,164.765,0
usc000f2ap,2013-02-06 11:53:55.190000+00:00,6.0,14.0,-11.243,165.728,0
usc000f2ul,2013-02-07 00:30:10.790000+00:00,6.0,8.0,-11.658,164.94,0
usc000f3fx,2013-02-07 18:59:16.270000+00:00,6.7,11.0,-10.997,165.655,0
usc000f3x8,2013-02-08 11:12:11.510000+00:00,6.8,12.0,-10.838,165.969,0
usc000f40j,2013-02-08 15:26:38.470000+00:00,7.1,21.0,-10.928,166.018,1
usc000f4ij,2013-02-09 14:16:07.880000+00:00,6.9,145.0,1.135,-77.393,0
usc000f4n5,2013-02-09 21:02:22.790000+00:00,6.6,18.0,-10.994,165.741,0
usc000f4zf,2013-02-10 18:39:32.140000+00:00,6.0,11.0,-10.94,165.461,0
usc000f76f,2013-02-14 13:13:53.130000+00:00,6.6,11.0,67.631,142.508,0
usc000f8be,2013-02-16 04:37:36.220000+00:00,6.1,105.0,5.812,125.748,0
usc000fbl2,2013-02-22 12:01:58.200000+00:00,6.1,575.2,-27.932,-63.097,0
usc000febi,2013-02-28 14:05:50.250000+00:00,6.9,41.0,50.954,157.283,0
usc000fewp,2013-03-01 12:53:51.070000+00:00,6.4,33.0,50.895,157.453,0
usc000feww,2013-03-01 13:20:49.930000+00:00,6.5,29.0,50.958,157.408,0
usb000fij4,2013-03-10 22:51:50.800000+00:00,6.5,28.0,-6.598,148.174,0
usb000frwy,2013-03-24 08:13:45.130000+00:00,6.1,10.0,-20.757,173.37,0
usb000fshy,2013-03-25 23:02:12.770000+00:00,6.2,189.0,14.487,-90.463,0
usb000fxh7,2013-04-01 18:53:17.420000+00:00,6.0,14.0,39.526,143.167,0
usb000g0cq,2013-04-05 13:00:02.130000+00:00,6.3,563.3,42.736,131.003,0
usb000g13s,2013-04-06 04:42:35.860000+00:00,7.0,66.0,-3.517,138.476,0
usb000g2y5,2013-04-09 11:52:49.920000+00:00,6.4,12.0,28.428,51.593,0
usb000g6it,2013-04-13 22:49:50.550000+00:00,6.0,280.2,-19.141,169.535,0
usb000g6lc,2013-04-14 01:32:22.640000+00:00,6.6,31.0,-6.475,154.607,0
usb000g7x7,2013-04-16 10:44:20.180000+00:00,7.7,80.0,28.033,61.996,0
usb000g8my,2013-04-16 22:55:26.680000+00:00,6.6,13.0,-3.214,142.542,0
usb000gbf8,2013-04-19 03:05:52.650000+00:00,7.2,110.0,46.221,150.788,0
usb000gc6m,2013-04-19 19:58:40.250000+00:00,6.1,15.0,49.965,157.652,0
usb000gcdd,2013-04-20 00:02:47.540000+00:00,6.6,14.0,30.308,102.888,0
usb000gcls,2013-04-20 13:12:50.510000+00:00,6.1,18.0,50.099,157.148,0
usb000gczl,2013-04-21 03:22:16.220000+00:00,6.1,421.9,29.933,138.887,0
usb000gda9,2013-04-22 01:16:32.840000+00:00,6.0,30.0,18.081,-102.182,0
usb000gen8,2013-04-23 23:14:40.630000+00:00,6.5,10.0,-3.898,152.127,0
us2013plai,2013-04-26 06:53:28.920000+00:00,6.1,351.0,-28.681,-178.916,0
usc000gpwn,2013-05-07 10:10:48.700000+00:00,6.0,11.0,-19.622,175.051,0
usc000gtvs,2013-05-11 02:08:08.500000+00:00,6.1,15.0,26.56,57.77,0
usc000gudx,2013-05-11 20:46:57.590000+00:00,6.4,212.9,-17.965,-175.107,0
usc000gw27,2013-05-14 00:32:25.890000+00:00,6.8,602.2,18.728,145.288,0
usb000gy67,2013-05-18 05:47:59.500000+00:00,6.0,39.0,37.739,141.471,0
usb000gz3x,2013-05-19 18:44:10.950000+00:00,6.1,18.0,52.34,160.065,0
usb000gzlm,2013-05-20 09:49:04.470000+00:00,6.4,10.0,-44.866,-80.746,0
usb000h0eg,2013-05-21 01:55:08.400000+00:00,6.0,30.0,52.52,160.362,0
usb000h0hw,2013-05-21 05:43:21+00:00,6.1,30.0,52.281,160.072,0
usb000h3k3,2013-05-23 17:19:04.750000+00:00,7.4,173.7,-23.009,-177.232,0
usb000h40b,2013-05-23 21:07:46.450000+00:00,6.3,150.0,-20.578,-175.759,0
usb000h4jh,2013-05-24 05:44:48.980000+00:00,8.3,598.1,54.892,153.221,0
usb000h543,2013-05-24 14:56:31.460000+00:00,6.7,624.0,52.235,151.444,0
usb000hbrt,2013-06-02 05:43:03.460000+00:00,6.2,17.0,23.789,121.141,0
usb000hdx2,2013-06-05 04:47:26.240000+00:00,6.1,39.0,-11.401,166.299,0
usc000hpsd,2013-06-13 16:47:23.320000+00:00,6.7,9.0,-10.004,107.236,0
usc000hrgh,2013-06-15 11:20:36.020000+00:00,6.0,195.0,-33.853,179.402,0
usc000hrl4,2013-06-15 16:11:02.500000+00:00,6.2,10.0,34.4,25.02,0
usc000hrnr,2013-06-15 17:34:27.810000+00:00,6.5,30.0,11.763,-86.926,0
usc000hsdj,2013-06-16 21:39:05.780000+00:00,6.0,19.0,34.347,25.159,0
usc000hzfk,2013-06-24 22:04:13.480000+00:00,6.6,10.0,10.701,-42.594,0
usb000i4re,2013-07-02 07:37:02.610000+00:00,6.1,13.0,4.645,96.665,0
usb000i6rh,2013-07-04 17:15:54.540000+00:00,6.1,29.0,-7.028,155.726,0
usb000i7na,2013-07-06 05:05:06.650000+00:00,6.0,21.0,-3.269,100.564,0
usb000i89z,2013-07-07 18:35:30.740000+00:00,7.3,385.5,-3.917,153.927,0
usb000i8ey,2013-07-07 20:30:06.850000+00:00,6.6,56.0,-6.029,149.706,0
usb000ief9,2013-07-15 14:03:39.880000+00:00,7.3,11.0,-60.857,-25.07,0
usb000ifva,2013-07-17 02:37:43.180000+00:00,6.0,7.0,-15.657,-71.74,0
usb000iivv,2013-07-21 05:09:31.450000+00:00,6.5,17.0,-41.704,174.337,1
usb000ijj6,2013-07-22 07:01:42.500000+00:00,6.3,10.0,-46.049,34.78,0
usc000ipje,2013-07-26 07:07:15.630000+00:00,6.1,124.0,-15.379,167.689,0
usc000iq6f,2013-07-26 21:32:59.990000+00:00,6.3,13.0,-57.915,-23.841,0
usb000itmf,2013-08-01 20:01:43.160000+00:00,6.0,31.65,-15.2443,-173.5006,0
usb000j0vl,2013-08-12 00:53:43.980000+00:00,6.0,95.0,-7.1354,129.8088,0
usb000j0yl,2013-08-12 04:16:47.800000+00:00,6.1,340.6,-30.6285,-179.678,0
usb000j10u,2013-08-12 09:49:32.360000+00:00,6.2,10.0,-5.3962,-81.9268,0
usb000j275,2013-08-13 15:43:15.200000+00:00,6.7,12.0,5.7732,-78.1999,0
usb000j4iz,2013-08-16 02:31:05.750000+00:00,6.5,8.2,-41.734,174.152,1
usb000j5ki,2013-08-17 16:32:31.410000+00:00,6.1,10.0,-34.8853,54.0927,0
usb000j83t,2013-08-21 12:38:29.700000+00:00,6.2,21.0,16.8784,-99.498,0
usb000jcfu,2013-08-28 02:54:41.290000+00:00,6.2,478.0,-27.7829,179.6335,0
usb000jdt7,2013-08-30 16:25:02.300000+00:00,7.0,29.0,51.537,-175.2297,0
usb000je9f,2013-08-31 06:38:36.350000+00:00,6.0,18.0,51.2381,-174.9407,0
usb000jelf,2013-09-01 11:52:29.930000+00:00,6.5,112.0,-7.44,128.2209,0
usb000jg6b,2013-09-03 20:19:06.340000+00:00,6.1,2.73,51.244,-130.3971,0
usb000jgfc,2013-09-04 00:18:23.370000+00:00,6.5,402.0,29.9377,138.8325,0
usb000jgfh,2013-09-04 00:23:11.290000+00:00,6.0,9.92,51.1832,-130.2245,0
usb000jgju,2013-09-04 02:32:30.600000+00:00,6.5,20.0,51.5573,-174.7671,0
usb000jguz,2013-09-04 06:27:03.560000+00:00,6.0,17.0,51.573,-174.8537,0
usb000ji6r,2013-09-05 04:01:36.360000+00:00,6.0,10.0,15.1836,-45.232,0
usb000jkmw,2013-09-07 00:13:29.570000+00:00,6.4,66.0,14.6056,-92.1207,0
usc000jrid,2013-09-11 12:44:13.210000+00:00,6.1,10.52,-4.5472,-104.5783,0
usc000juwv,2013-09-15 16:21:37.150000+00:00,6.1,24.02,51.5751,-174.716,0
usb000jx0m,2013-09-21 01:39:15.570000+00:00,6.1,549.92,-7.3308,120.0106,0
usb000jyiv,2013-09-24 11:29:47.970000+00:00,7.7,15.0,26.951,65.5009,0
usb000jz8j,2013-09-25 06:51:24.570000+00:00,6.1,10.0,-49.9585,-113.7439,0
usb000jzma,2013-09-25 16:42:43.170000+00:00,7.1,40.0,-15.8385,-74.5112,1
usb000k1gb,2013-09-28 07:34:06.450000+00:00,6.8,12.0,27.1825,65.5052,0
usb000k2h2,2013-09-30 05:55:55.220000+00:00,6.5,41.54,-30.9255,-178.3234,0
usb000k3c1,2013-10-01 03:38:21.710000+00:00,6.7,573.0,53.1995,152.7864,0
usb000k6nk,2013-10-04 17:26:13.620000+00:00,6.4,12.72,-38.6062,78.3693,0
usb000k7q5,2013-10-06 16:38:08.760000+00:00,6.0,104.0,12.3115,141.6905,0
usb000k7s0,2013-10-06 21:33:19.800000+00:00,6.2,10.28,-36.7267,-97.4761,0
usb000kbbm,2013-10-11 21:25:00.010000+00:00,6.2,151.0,-30.6623,-178.4838,0
usb000kbhi,2013-10-12 02:10:27.290000+00:00,6.0,63.0,10.9048,-62.315,0
usb000kbn7,2013-10-12 13:11:53.350000+00:00,6.6,40.0,35.5142,23.2523,1
usb000kdb4,2013-10-15 00:12:32.050000+00:00,7.1,19.04,9.8796,124.1167,0
usb000kemb,2013-10-16 10:30:58.550000+00:00,6.8,35.0,-6.4456,154.931,0
usb000khbc,2013-10-19 17:54:54.700000+00:00,6.6,9.45,26.0913,-110.3209,0
usb000kj1z,2013-10-23 08:23:30.360000+00:00,6.0,160.0,-23.0067,-177.1425,0
usc000kmfw,2013-10-24 19:25:10.930000+00:00,6.7,22.87,-58.153,-12.7964,0
usc000kn4n,2013-10-25 17:10:19.710000+00:00,7.1,35.0,37.1557,144.6611,1
usc000kr9k,2013-10-30 02:51:47+00:00,6.2,41.5,-35.314,-73.395,0
usc000ksdy,2013-10-31 12:02:08.720000+00:00,6.3,10.0,23.5904,121.4366,0
usb000kqnc,2013-10-31 23:03:59.720000+00:00,6.6,27.0,-30.2921,-71.5215,0
usb000krjt,2013-11-02 15:52:46.110000+00:00,6.0,9.98,-23.6357,-112.5956,0
usb000krlz,2013-11-02 18:53:46.900000+00:00,6.2,10.05,-19.1711,-172.6411,0
usb000kw1x,2013-11-12 07:03:51.090000+00:00,6.4,43.0,54.6859,162.3024,0
usb000kxhr,2013-11-13 23:45:47.930000+00:00,6.1,11.07,-60.2814,-47.1233,0
usb000kznc,2013-11-16 03:34:31.230000+00:00,6.9,9.97,-60.2627,-47.0621,0
usb000l0gq,2013-11-17 09:04:55.530000+00:00,7.7,10.0,-60.2738,-46.4011,1
usb000l219,2013-11-19 13:32:51.230000+00:00,6.0,38.0,2.6403,128.4339,0
usb000l25i,2013-11-19 17:00:44.160000+00:00,6.0,511.0,18.4753,145.2041,0
usb000l51g,2013-11-23 07:48:32.130000+00:00,6.5,371.0,-17.1171,-176.5449,0
usb000l5z1,2013-11-25 05:56:50.140000+00:00,6.0,34.0,45.5613,151.0047,0
usb000l5zn,2013-11-25 06:27:33.300000+00:00,7.0,11.78,-53.9451,-55.0033,0
usb000l633,2013-11-25 07:21:18.420000+00:00,6.0,14.83,-53.8708,-53.9107,0
usb000l8mb,2013-12-01 01:24:13.520000+00:00,6.4,9.87,-7.0269,128.3791,0
usb000l8pb,2013-12-01 06:29:57.800000+00:00,6.0,20.0,2.044,96.8261,0
usb000lds9,2013-12-08 17:24:54.200000+00:00,6.0,28.0,44.4438,149.1667,0
usc000lmmc,2013-12-17 23:38:06.820000+00:00,6.2,9.0,20.7727,146.7903,0
usc000lvb5,2014-01-01 16:03:29+00:00,6.5,187.0,-13.8633,167.249,0
usc000m1w9,2014-01-13 04:01:03.240000+00:00,6.4,20.0,19.0428,-66.8096,0
usb000m4i4,2014-01-20 02:52:44.350000+00:00,6.1,28.0,-40.6595,175.8144,0
usb000m5ge,2014-01-21 01:29:07+00:00,6.1,6.12,-15.1443,-174.6812,0
usb000m7wd,2014-01-25 05:14:18.510000+00:00,6.1,66.0,-7.9855,109.2653,0
usb000m8ch,2014-01-26 13:55:42.210000+00:00,6.1,8.0,38.2082,20.4528,0
usc000mf4j,2014-02-01 03:58:43.990000+00:00,6.1,129.97,-56.8269,-27.3391,0
usc000mfm0,2014-02-02 09:26:37.820000+00:00,6.5,44.26,-32.9076,-177.8806,0
usc000mfuh,2014-02-03 03:08:46.190000+00:00,6.0,5.0,38.2637,20.3897,0
usc000mjye,2014-02-07 08:40:13.550000+00:00,6.5,122.0,-15.0691,167.3721,0
usc000mlk4,2014-02-09 14:56:39.110000+00:00,6.0,41.8,-5.9651,154.435,0
usc000mnvj,2014-02-12 09:19:49.060000+00:00,6.9,10.0,35.9053,82.5864,0
usc000mskt,2014-02-18 09:27:13.120000+00:00,6.5,14.83,14.6682,-58.9272,0
usc000myqq,2014-02-26 21:13:40.110000+00:00,6.1,265.0,53.6047,-171.821,0
usb000mzef,2014-03-02 09:37:54.840000+00:00,6.2,60.0,12.5559,-87.6879,0
usb000mzmn,2014-03-02 20:11:23.430000+00:00,6.5,119.0,27.4312,127.3674,0
usb000mzqn,2014-03-02 22:17:14.400000+00:00,6.0,18.47,14.1833,-93.1535,0
usb000n1ex,2014-03-05 09:56:57.840000+00:00,6.3,638.0,-14.7378,169.8234,0
nc72182046,2014-03-10 05:18:13.430000+00:00,6.8,16.441,40.8286667,-125.1338333,0
usc000n7bm,2014-03-11 02:44:05.830000+00:00,6.4,10.0,-60.8623,-19.9775,0
usc000n8ez,2014-03-11 22:03:09.810000+00:00,6.1,7.0,-3.0856,148.5531,0
usc000nabv,2014-03-13 17:06:50.770000+00:00,6.3,79.0,33.6842,131.8249,0
usc000ncbl,2014-03-15 08:59:21.860000+00:00,6.1,20.0,-14.0848,-76.3113,0
usc000nd0c,2014-03-15 23:51:32.970000+00:00,6.3,29.0,-5.5745,-80.9709,0
usc000ndnj,2014-03-16 21:16:29.600000+00:00,6.7,20.0,-19.9807,-70.7022,1
usc000ndw9,2014-03-17 05:11:34.860000+00:00,6.4,21.0,-20.0168,-70.8837,0
usc000njrq,2014-03-21 13:41:09.480000+00:00,6.4,21.54,7.7448,94.3342,0
usc000nl0m,2014-03-22 12:59:59.150000+00:00,6.2,20.0,-19.7625,-70.874,0
usc000nm96,2014-03-23 18:20:01.930000+00:00,6.3,21.0,-19.6899,-70.8538,0
usc000nqnq,2014-03-26 03:29:35.720000+00:00,6.3,495.0,-26.1692,179.2877,0
usc000nsgk,2014-03-27 03:49:42.710000+00:00,6.0,98.0,-12.0989,166.5894,0
usc000nzvd,2014-04-01 23:46:47.260000+00:00,8.2,25.0,-19.6097,-70.7691,1
usc000nzwm,2014-04-01 23:57:58.790000+00:00,6.9,28.42,-19.8927,-70.9455,0
usc000p11f,2014-04-02 16:13:26.720000+00:00,6.0,25.0,7.94,-82.34,0
usc000p26f,2014-04-03 01:58:30.530000+00:00,6.5,24.07,-20.3113,-70.5756,0
usc000p27i,2014-04-03 02:43:13.110000+00:00,7.7,22.4,-20.5709,-70.4931,1
usc000p2cs,2014-04-03 05:26:15.700000+00:00,6.4,25.0,-20.7969,-70.5865,0
usc000p4a9,2014-04-04 01:37:50.570000+00:00,6.3,13.71,-20.6426,-70.654,0
usc000p4ty,2014-04-04 11:40:32+00:00,6.0,57.0,-10.5365,161.7027,0
usd0003cqx,2014-04-10 23:27:45.600000+00:00,6.1,13.0,12.4029,-86.3783,0
usc000pfgr,2014-04-11 00:01:45.210000+00:00,6.2,13.77,-20.659,-70.6472,0
usc000pft9,2014-04-11 07:07:23.130000+00:00,7.1,60.53,-6.5858,155.0485,0
usc000pfuy,2014-04-11 08:16:45.660000+00:00,6.5,20.0,-6.7878,154.9502,0
usc000pgsi,2014-04-11 20:29:12.970000+00:00,6.6,135.0,11.642,-85.8779,0
usc000phaj,2014-04-12 05:24:23.270000+00:00,6.1,20.0,-7.1033,155.238,0
usc000phx5,2014-04-12 20:14:39.300000+00:00,7.6,22.56,-11.2701,162.1481,1
usc000piqj,2014-04-13 12:36:19.230000+00:00,7.4,39.0,-11.4633,162.0511,1
usc000pish,2014-04-13 13:24:59.710000+00:00,6.6,10.0,-11.1284,162.052,0
usb000pkxl,2014-04-15 03:57:01.370000+00:00,6.8,11.18,-53.4967,8.722,0
usb000pnw2,2014-04-17 15:06:51.490000+00:00,6.2,20.56,-62.8705,155.7431,0
usb000pptc,2014-04-18 04:13:12.040000+00:00,6.1,10.0,-11.1387,164.8139,0
usb000pq41,2014-04-18 14:27:24.920000+00:00,7.2,24.0,17.397,-100.9723,1
usb000pqwe,2014-04-19 01:04:03.820000+00:00,6.6,29.0,-6.6558,155.0869,0
usb000pr89,2014-04-19 13:28:00.810000+00:00,7.5,43.37,-6.7547,155.0241,1
usb000prqv,2014-04-20 00:15:58.100000+00:00,6.2,20.0,-7.1646,155.3351,0
usb000px6r,2014-04-24 03:10:10.150000+00:00,6.5,10.0,49.6388,-127.7316,0
usb000q0ag,2014-04-26 06:02:21+00:00,6.1,45.0,-20.752,-174.7068,0
usb000q66s,2014-05-01 06:36:35.550000+00:00,6.6,106.0,-21.4542,170.3546,0
usb000q98a,2014-05-04 09:15:52.880000+00:00,6.6,527.0,-24.6108,179.0856,0
usb000q98e,2014-05-04 09:25:15.960000+00:00,6.3,634.21,-25.8072,178.2401,0
usb000q9sv,2014-05-04 20:18:24.680000+00:00,6.0,153.0,34.9118,139.4186,0
usb000qack,2014-05-05 11:08:43.420000+00:00,6.1,6.0,19.6557,99.6696,0
usb000qcg4,2014-05-06 20:52:28.320000+00:00,6.3,16.83,-36.1703,-97.054,0
usb000qcqe,2014-05-07 04:20:33.870000+00:00,6.0,10.0,-6.9599,154.9011,0
usb000qea2,2014-05-08 17:00:14.810000+00:00,6.4,17.09,17.2349,-100.7461,0
usb000qgt2,2014-05-10 07:36:01.220000+00:00,6.0,23.0,17.2192,-100.8122,0
usb000qjhh,2014-05-12 18:38:36.700000+00:00,6.5,10.47,-49.9403,-114.7995,0
usb000qk64,2014-05-13 06:35:24.240000+00:00,6.5,10.0,7.2096,-82.3045,0
usb000qn2z,2014-05-14 20:56:13.210000+00:00,6.1,10.0,6.4507,144.9238,0
usb000qngw,2014-05-15 08:16:34.440000+00:00,6.3,11.0,6.4264,144.9363,0
usb000qniy,2014-05-15 10:16:42.020000+00:00,6.3,15.46,9.3832,122.0604,0
usb000qt4l,2014-05-18 01:02:32.610000+00:00,6.0,35.0,4.2485,92.7574,0
usb000qy82,2014-05-21 16:21:54.350000+00:00,6.0,47.23,18.2012,88.0376,0
usb000r2hc,2014-05-24 09:25:02.440000+00:00,6.9,6.43,40.2893,25.3889,1
usc000r9g2,2014-05-31 11:53:46.470000+00:00,6.2,5.0,18.7876,-107.469,0
usc000rfh2,2014-06-14 11:10:59.850000+00:00,6.5,4.0,-10.1229,91.0921,0
usb000rgsn,2014-06-19 10:17:55.520000+00:00,6.2,36.0,-13.5585,166.8278,0
usc000rkg5,2014-06-23 19:19:15.940000+00:00,6.9,20.0,-29.9772,-177.7247,1
usc000rkga,2014-06-23 19:21:45.990000+00:00,6.5,10.0,-29.9379,-177.5159,0
usc000rkhj,2014-06-23 20:06:20.710000+00:00,6.7,26.59,-29.9414,-177.6073,0
usc000rki5,2014-06-23 20:53:09.700000+00:00,7.9,109.0,51.8486,178.7352,1
usc000rkii,2014-06-23 21:11:40.520000+00:00,6.0,102.85,51.9558,178.4563,0
usc000rkjv,2014-06-23 21:30:46.180000+00:00,6.0,101.88,51.9357,178.4288,0
usc000rknc,2014-06-23 22:29:51.810000+00:00,6.0,106.6,51.9593,178.5844,0
usc000rkvn,2014-06-24 03:15:35.490000+00:00,6.3,4.0,52.2045,176.6981,0
usc000rnfx,2014-06-29 05:56:31.720000+00:00,6.2,48.0,24.3877,142.6278,0
usc000rngj,2014-06-29 07:52:55.170000+00:00,6.9,8.0,-55.4703,-28.3669,0
usc000rnjw,2014-06-29 14:32:49.420000+00:00,6.0,10.0,-55.3584,-28.1075,0
usc000rnk7,2014-06-29 15:52:23.050000+00:00,6.4,9.0,-14.7798,-175.2589,0
usc000rnku,2014-06-29 17:15:09.340000+00:00,6.7,18.0,-14.9831,-175.5096,0
usc000rnx0,2014-06-30 19:55:32.390000+00:00,6.2,511.0,28.3404,138.8441,0
usc000rpfu,2014-07-02 05:53:29.200000+00:00,6.0,10.0,-62.3014,155.1868,0
usc000rqbg,2014-07-03 19:50:07.290000+00:00,6.3,35.0,-30.4601,-176.4451,0
usc000rqgz,2014-07-04 15:00:27.860000+00:00,6.5,20.0,-6.2304,152.8075,0
usc000rqs7,2014-07-05 09:39:27.790000+00:00,6.0,20.0,1.9335,96.9388,0
usc000rr6a,2014-07-07 11:23:54.780000+00:00,6.9,53.0,14.724,-92.4614,0
usc000rrmg,2014-07-08 12:56:25.920000+00:00,6.2,110.24,-17.6864,168.3982,0
usb000rs50,2014-07-11 19:22:00.820000+00:00,6.5,20.0,37.0052,142.4525,1
usb000rsr5,2014-07-14 07:59:57.290000+00:00,6.3,20.0,5.7144,126.4776,0
usb000rtp6,2014-07-17 11:49:33.930000+00:00,6.0,10.0,60.2995,-140.3366,0
usb000rujq,2014-07-19 12:27:10.040000+00:00,6.2,227.27,-15.8239,-174.4517,0
usb000ruks,2014-07-19 14:14:01.850000+00:00,6.0,10.0,11.7448,57.6382,0
usb000ruu6,2014-07-20 18:32:47.790000+00:00,6.2,61.0,44.6419,148.7838,0
usb000ruzk,2014-07-21 14:54:41+00:00,6.9,615.42,-19.8015,-178.4001,0
ak0149guzic1,2014-07-25 10:54:50.417000+00:00,6.0,10.0,58.3354,-136.9711,1
usb000rxni,2014-07-27 01:28:37.440000+00:00,6.0,10.0,23.724,-45.5809,0
usb000ry8m,2014-07-29 10:46:14.700000+00:00,6.3,107.0,17.6818,-95.6533,0
usb000ry9u,2014-07-29 13:27:40.080000+00:00,6.0,9.77,-3.422,146.769,0
usb000rzki,2014-08-03 00:22:03.680000+00:00,6.9,13.0,0.8295,146.1688,0
usb000rzmg,2014-08-03 08:30:13.570000+00:00,6.2,12.0,27.1891,103.4086,0
usb000s0r6,2014-08-06 11:45:22.680000+00:00,6.2,10.0,-7.2741,128.0364,0
usb000s1nc,2014-08-10 03:43:17.240000+00:00,6.1,41.0,41.1585,142.1309,0
usb000s3np,2014-08-18 02:32:05.350000+00:00,6.2,10.2,32.703,47.695,0
usb000s3t7,2014-08-18 18:08:22.750000+00:00,6.0,5.0,32.5827,47.7037,0
usb000s5rc,2014-08-23 22:32:23.320000+00:00,6.4,32.0,-32.6953,-71.4416,0
nc72282711,2014-08-24 10:20:44.070000+00:00,6.02,11.12,38.2151667,-122.3123333,0
usb000s5x1,2014-08-24 23:21:45.520000+00:00,6.8,101.0,-14.598,-73.5714,0
usc000s9v5,2014-09-04 05:33:50.350000+00:00,6.0,35.0,-21.3869,-173.3232,0
usb000s9vv,2014-09-06 06:53:11.760000+00:00,6.1,7.0,-26.6478,-114.5,0
usb000sa0z,2014-09-06 19:22:59.040000+00:00,6.2,17.0,18.7529,-107.0488,0
usb000say6,2014-09-10 02:46:06.430000+00:00,6.2,35.0,-0.2422,125.104,0
usb000sdcr,2014-09-17 06:14:45.410000+00:00,6.7,130.0,13.7641,144.4294,0
usb000sfj5,2014-09-24 11:16:15.010000+00:00,6.2,224.0,-23.8009,-66.6321,0
usb000sftz,2014-09-25 09:13:50+00:00,6.1,4.0,-9.4618,156.4122,0
ak014cbigci8,2014-09-25 17:51:17.606000+00:00,6.2,108.9,61.9449,-151.816,0
usb000shl2,2014-10-01 03:38:51.760000+00:00,6.0,42.0,-6.0706,149.5329,0
usb000sjim,2014-10-07 13:49:39.720000+00:00,6.1,8.51,23.3834,100.4702,0
usb000sjt0,2014-10-08 02:40:53.110000+00:00,6.1,10.0,23.8441,-108.3311,0
usb000sk6k,2014-10-09 02:14:31.440000+00:00,7.0,16.54,-32.1082,-110.8112,1
usb000sk6q,2014-10-09 02:32:05.140000+00:00,6.6,10.0,-32.0953,-110.8647,0
usb000skys,2014-10-11 02:35:47.480000+00:00,6.1,22.0,41.0272,143.1649,0
usb000slwn,2014-10-14 03:51:34.460000+00:00,7.3,40.0,12.5262,-88.1225,1
usb000sr1a,2014-10-28 03:15:37.950000+00:00,6.0,8.0,-15.2954,-174.6752,0
usc000stbw,2014-11-01 10:59:54.610000+00:00,6.0,10.0,-31.852,-111.2436,0
usc000stdc,2014-11-01 18:57:22.380000+00:00,7.1,434.0,-19.6903,-177.7587,0
usc000stig,2014-11-02 17:17:04.410000+00:00,6.0,10.0,-61.2203,154.2778,0
usc000stlt,2014-11-03 08:48:29.740000+00:00,6.3,10.0,-41.7317,79.9602,0
usc000sv94,2014-11-07 03:33:55.280000+00:00,6.6,53.19,-5.9873,148.2315,0
usc000swwj,2014-11-13 10:24:18.270000+00:00,6.0,10.0,-15.2155,173.0845,0
usc000sxh8,2014-11-15 02:31:41.720000+00:00,7.1,45.0,1.8929,126.5217,1
usc000sxye,2014-11-16 22:33:20.450000+00:00,6.7,22.0,-37.6478,179.6621,0
usc000sy62,2014-11-17 16:52:46.850000+00:00,6.1,10.0,-46.3484,33.8037,0
usb000syhz,2014-11-21 10:10:19.630000+00:00,6.5,35.0,2.2999,127.0562,0
usb000syza,2014-11-22 13:08:18.420000+00:00,6.2,9.0,36.6408,137.8875,0
usb000t08w,2014-11-26 14:33:43.640000+00:00,6.8,39.0,1.9604,126.5751,0
usb000t20t,2014-12-02 05:11:31+00:00,6.6,614.0,6.1572,123.1261,0
usc000t49v,2014-12-06 17:21:49.020000+00:00,6.0,15.0,7.9824,-82.7339,0
usc000t4bd,2014-12-06 22:05:10.730000+00:00,6.0,116.0,-6.11,130.4829,0
usc000t4cz,2014-12-07 01:22:02.180000+00:00,6.6,23.0,-6.5108,154.4603,0
usc000t4gc,2014-12-07 21:16:35.740000+00:00,6.1,32.0,13.6717,-91.4731,0
usc000t4iq,2014-12-08 08:54:52.520000+00:00,6.6,20.0,7.9401,-82.6865,0
usc000t5bu,2014-12-10 21:03:39.260000+00:00,6.1,256.0,25.5403,122.4503,0
usc000t8vq,2014-12-21 11:34:13.570000+00:00,6.3,41.0,2.0892,126.6483,0
usc000taik,2014-12-29 09:29:37.390000+00:00,6.1,8.0,8.6341,121.5213,0
usc000tauh,2014-12-30 21:17:23.920000+00:00,6.0,599.28,-20.3263,-178.5639,0
usc000tcba,2015-01-07 05:07:07.510000+00:00,6.5,8.0,5.9045,-82.6576,0
usc000tihy,2015-01-23 03:47:27.050000+00:00,6.8,219.96,-17.0309,168.52,0
usb000tism,2015-01-28 02:43:19.350000+00:00,6.2,484.12,-20.9665,-178.3032,0
usc000tker,2015-01-30 17:57:56.440000+00:00,6.0,7.08,-21.2452,170.158,0
usc000tkwv,2015-02-02 10:49:48.530000+00:00,6.3,172.0,-32.7183,-67.1231,0
usc000tp1s,2015-02-11 18:57:22.460000+00:00,6.7,223.0,-23.1125,-66.688,0
usb000tp5q,2015-02-13 18:59:12.230000+00:00,7.1,16.68,52.6487,-31.9016,0
usb000tp6y,2015-02-13 20:06:32.330000+00:00,6.2,30.0,22.6374,121.427,0
usb000tpuw,2015-02-16 22:00:53.590000+00:00,6.2,13.0,-55.52,-28.2591,0
usb000tpvj,2015-02-16 23:06:28.270000+00:00,6.7,23.0,39.8558,142.8808,1
usb000tq9f,2015-02-18 09:32:26.770000+00:00,6.1,10.0,-10.7598,164.1216,0
usc000trf9,2015-02-19 13:18:32.810000+00:00,6.4,10.0,-16.4311,168.1483,1
usc000trsc,2015-02-20 04:25:23.380000+00:00,6.2,10.0,39.8244,143.5871,0
usc000ts49,2015-02-21 10:13:53.290000+00:00,6.0,7.0,39.8185,143.4861,0
usc000tsak,2015-02-22 14:23:12.720000+00:00,6.2,5.0,18.6766,-106.848,0
usc000ttkd,2015-02-27 13:45:05.370000+00:00,7.0,552.06,-7.2968,122.5348,0
usc000tumx,2015-03-03 10:37:30.050000+00:00,6.1,28.0,-0.7789,98.7161,0
usc000tvgw,2015-03-06 08:22:18.960000+00:00,6.0,10.0,-41.3157,80.6046,0
us10001ldx,2015-03-10 20:55:44.370000+00:00,6.2,155.0,6.7757,-72.9875,0
us10001mm0,2015-03-15 23:17:16.910000+00:00,6.1,31.0,-0.5409,122.3067,0
us10001nab,2015-03-17 22:12:28.940000+00:00,6.2,44.0,1.6686,126.5217,0
us10001nj1,2015-03-18 18:27:29.500000+00:00,6.2,13.0,-36.1167,-73.5219,0
us10001ppx,2015-03-23 04:51:38.010000+00:00,6.4,130.0,-18.3534,-69.1663,0
us10001rvu,2015-03-29 23:48:31.010000+00:00,7.5,41.0,-4.7294,152.5623,1
us10001ryk,2015-03-30 07:56:53.230000+00:00,6.0,10.0,-15.4296,-173.049,0
us10001ryq,2015-03-30 08:18:01.340000+00:00,6.4,14.54,-15.392,-172.9409,0
us10001ryu,2015-03-30 08:48:25.340000+00:00,6.5,11.0,-15.4994,-173.0293,0
us10001sbf,2015-03-31 12:18:24.200000+00:00,6.0,39.0,-4.8946,152.49,0
us10001v8k,2015-04-07 00:46:21.830000+00:00,6.3,30.0,-15.1676,-173.2247,0
us2000272b,2015-04-16 18:07:43.610000+00:00,6.0,20.0,35.1891,26.8235,0
us200027c2,2015-04-17 15:52:51.480000+00:00,6.5,10.0,-15.8815,-178.6005,0
us200027ps,2015-04-20 01:42:58.380000+00:00,6.4,29.0,24.2026,122.3158,0
us200027rt,2015-04-20 11:45:13.440000+00:00,6.0,29.0,24.0851,122.453,0
us200027ru,2015-04-20 12:00:00.070000+00:00,6.1,29.0,24.0471,122.4532,0
us200028gt,2015-04-22 22:57:15.650000+00:00,6.2,72.0,-12.039,166.432,0
us200028qc,2015-04-24 03:36:42.400000+00:00,6.1,48.0,-42.0602,173.0066,0
us200028ue,2015-04-24 13:56:15.180000+00:00,6.2,8.0,51.6148,-130.7714,0
us20002926,2015-04-25 06:11:25.950000+00:00,7.8,8.22,28.2305,84.7314,0
us20002bi4,2015-04-25 06:15:22.910000+00:00,6.1,10.0,27.6285,85.5398,0
us2000292y,2015-04-25 06:45:21.320000+00:00,6.6,10.0,28.2244,84.8216,0
us200029bt,2015-04-26 07:09:10.670000+00:00,6.7,22.91,27.7711,86.0173,0
us200029x8,2015-04-28 16:39:39.190000+00:00,6.1,581.0,-20.8865,-178.6329,0
us20002ag9,2015-04-30 10:45:02.930000+00:00,6.7,31.0,-5.375,151.7706,0
us20002am6,2015-05-01 08:06:03.480000+00:00,6.8,44.0,-5.2005,151.7773,0
us20002dhx,2015-05-01 08:06:52.250000+00:00,6.0,35.0,-5.4912,151.8715,0
us20002b1r,2015-05-03 22:32:39.010000+00:00,6.0,24.0,-5.6314,151.6757,0
us20002bnf,2015-05-05 01:44:06.380000+00:00,7.5,55.0,-5.4624,151.8751,0
us20002das,2015-05-07 07:10:19.590000+00:00,7.1,10.0,-7.2175,154.5567,0
us20002e96,2015-05-10 21:25:46.440000+00:00,6.0,6.0,31.2373,142.0157,0
us20002ejl,2015-05-12 07:05:19.730000+00:00,7.3,15.0,27.8087,86.0655,0
us20002ek5,2015-05-12 07:36:54.490000+00:00,6.3,15.0,27.625,86.1617,0
us20002et4,2015-05-12 21:12:58.890000+00:00,6.8,35.0,38.9056,142.0317,0
us100029k5,2015-05-15 20:26:56.870000+00:00,6.0,151.0,-2.542,102.2191,0
us10002aj3,2015-05-19 15:25:21.080000+00:00,6.7,7.2,-54.3312,-132.1618,0
us10002anx,2015-05-20 00:30:54.700000+00:00,6.0,203.0,-19.3021,-175.5247,0
us10002b03,2015-05-20 22:48:53.420000+00:00,6.8,11.0,-10.8759,164.1694,0
us10002bnk,2015-05-22 21:45:19.480000+00:00,6.9,11.19,-11.0559,163.6959,0
us10002bpw,2015-05-22 23:59:33.770000+00:00,6.8,10.0,-11.1093,163.2154,0
us10002bvx,2015-05-24 04:53:23.630000+00:00,6.3,10.0,-16.855,-14.1708,0
us10002bx8,2015-05-24 14:38:59.510000+00:00,6.2,10.0,-19.3933,-175.9627,0
ak0156uj8rk3,2015-05-29 07:00:09.634000+00:00,6.8,72.6,56.594,-156.4301,0
us20002ki3,2015-05-30 11:23:02.110000+00:00,7.8,664.0,27.8386,140.4931,0
us20002kp6,2015-05-30 17:18:35.040000+00:00,6.0,10.0,-15.7216,-173.3817,0
us20002kpm,2015-05-30 18:49:07.340000+00:00,6.2,6.05,30.7856,142.9722,0
us20002m5s,2015-06-04 23:15:43.910000+00:00,6.0,10.0,5.9867,116.5409,0
us20002mvq,2015-06-08 06:01:08.300000+00:00,6.1,42.0,41.5615,142.0308,0
us20002nkt,2015-06-10 13:52:09.770000+00:00,6.0,124.0,-22.4,-68.4323,0
us20002pak,2015-06-12 11:07:08.040000+00:00,6.0,48.0,-15.6758,-173.0098,0
us20002qn7,2015-06-17 12:51:32.790000+00:00,7.0,10.0,-35.3639,-17.1605,0
us10002ke8,2015-06-20 02:10:07.100000+00:00,6.4,11.0,-36.3601,-73.812,0
us10002kra,2015-06-21 21:28:16.270000+00:00,6.0,562.61,-20.4307,-178.3276,0
us10002l37,2015-06-23 12:18:30.270000+00:00,6.5,460.0,27.7375,139.7254,0
us10002lne,2015-06-25 18:45:57.450000+00:00,6.0,10.0,-32.0722,-178.3241,0
us10002mhg,2015-06-30 03:39:29.410000+00:00,6.0,43.0,-5.4513,151.5457,0
us10002mw0,2015-07-01 19:35:21.460000+00:00,6.0,12.0,-10.9911,162.5558,0
us10002n4w,2015-07-03 01:07:47.290000+00:00,6.4,20.0,37.4593,78.1542,0
us10002n6s,2015-07-03 06:43:21.540000+00:00,6.1,32.0,10.1691,125.8907,0
us20002vm7,2015-07-07 05:10:28.120000+00:00,6.3,49.0,43.9097,147.9748,0
us20002whh,2015-07-10 04:12:42.540000+00:00,6.7,12.0,-9.307,158.403,1
us20002xx1,2015-07-16 15:16:33.780000+00:00,6.5,20.0,13.8672,-58.5479,0
us20002yaw,2015-07-18 02:27:33.820000+00:00,7.0,11.0,-10.4012,165.1409,1
us200030aq,2015-07-27 04:49:46.400000+00:00,6.9,29.0,52.376,-169.4458,1
us200030kn,2015-07-27 21:41:21.710000+00:00,7.0,48.0,-2.6286,138.5277,0
ak0159nc9dk8,2015-07-29 02:35:59.449000+00:00,6.4,119.3,59.8935,-153.1962,0
us10002zz0,2015-08-06 23:59:46.290000+00:00,6.0,269.0,-26.4576,-178.2511,0
us100030pg,2015-08-10 04:12:15.810000+00:00,6.6,22.0,-9.3438,158.0525,0
us100031me,2015-08-12 18:49:24.080000+00:00,6.5,6.43,-9.3293,157.8772,0
us100031wx,2015-08-13 10:39:53.840000+00:00,6.0,10.0,-37.0152,78.0623,0
us100032k6,2015-08-15 07:47:06.500000+00:00,6.4,8.0,-10.8968,163.8226,0
us100034fl,2015-08-24 09:41:26.630000+00:00,6.0,228.0,-30.6502,-178.7298,0
us20003feg,2015-09-01 15:25:09.520000+00:00,6.0,8.0,31.1806,141.6,0
us20003h2i,2015-09-07 08:46:09.050000+00:00,6.0,535.0,-24.2427,179.1278,0
us20003h2m,2015-09-07 09:13:56.600000+00:00,6.3,17.0,-32.8199,-177.8599,0
us20003hq5,2015-09-10 10:26:44.810000+00:00,6.0,20.0,52.0985,-169.5349,0
us20003j4u,2015-09-13 08:14:08.560000+00:00,6.7,10.0,24.913,-109.6226,0
us20003jwc,2015-09-16 07:40:58.690000+00:00,6.3,41.55,1.8841,126.4288,0
us20003jyz,2015-09-16 14:03:22.110000+00:00,6.1,6.0,-6.0114,151.4768,0
us20003k7a,2015-09-16 22:54:32.860000+00:00,8.3,22.44,-31.5729,-71.6744,1
us20003k8b,2015-09-16 22:59:15+00:00,6.4,26.7,-31.618,-71.745,0
us20003k7m,2015-09-16 23:03:56.560000+00:00,6.1,19.1,-31.7502,-71.7425,0
us20003k83,2015-09-16 23:16:09.440000+00:00,6.1,35.0,-31.6,-71.9189,0
us20003k7w,2015-09-16 23:18:41.850000+00:00,7.0,28.41,-31.5622,-71.4262,0
us20003kcn,2015-09-17 01:41:05.870000+00:00,6.4,42.32,-31.1043,-71.6504,0
us20003kfj,2015-09-17 03:55:15.430000+00:00,6.5,27.0,-31.4244,-71.6876,0
us20003kfv,2015-09-17 04:10:27.780000+00:00,6.7,23.0,-31.5173,-71.804,0
us20003l5d,2015-09-18 09:10:44.730000+00:00,6.2,8.0,-32.3681,-72.2292,0
us20003lc6,2015-09-18 15:59:42.640000+00:00,6.0,10.0,15.2767,-45.9886,0
us20003lql,2015-09-19 05:06:47.500000+00:00,6.1,6.0,-29.6411,-72.077,0
us20003luw,2015-09-19 12:52:20.920000+00:00,6.2,18.0,-32.3335,-72.0629,0
us20003mcj,2015-09-21 05:39:34.910000+00:00,6.1,30.0,-31.5757,-71.7431,0
us20003mi0,2015-09-21 17:40:00.060000+00:00,6.6,35.0,-31.7275,-71.3792,0
us20003msd,2015-09-22 07:13:00.520000+00:00,6.0,58.0,-31.4441,-71.2653,0
us20003nqr,2015-09-24 15:53:27.740000+00:00,6.6,18.0,-0.6212,131.2622,0
us20003p9y,2015-09-26 02:51:18.830000+00:00,6.3,46.0,-30.8148,-71.3217,0
us10003mrv,2015-10-11 00:58:27.170000+00:00,6.1,10.0,-54.4856,-135.708,0
us10003nib,2015-10-14 05:43:08.300000+00:00,6.0,12.0,48.8595,156.2259,0
us10003pie,2015-10-18 16:18:35.520000+00:00,6.0,12.0,-16.2018,-173.2608,0
us10003q0q,2015-10-20 21:52:02.560000+00:00,7.1,135.0,-14.8595,167.3028,0
us10003qvc,2015-10-23 01:40:06.320000+00:00,6.2,11.0,-54.2258,6.1653,0
us10003qvh,2015-10-23 04:04:18.140000+00:00,6.0,10.0,-45.8146,37.1711,0
us10003re5,2015-10-26 09:09:42.560000+00:00,7.5,231.0,36.5244,70.3676,0
us200041ty,2015-11-04 03:44:15.190000+00:00,6.5,20.0,-8.3381,124.8754,0
us10003vgi,2015-11-07 07:04:31.380000+00:00,6.2,13.0,-29.4642,-72.3015,0
us10003vgt,2015-11-07 07:31:43.870000+00:00,6.8,46.0,-30.8796,-71.4519,0
us10003vry,2015-11-08 16:47:02.160000+00:00,6.6,10.0,6.8431,94.648,0
us10003vyx,2015-11-09 16:03:46.070000+00:00,6.5,15.0,51.6394,-173.0746,0
us10003x8t,2015-11-11 01:54:38.570000+00:00,6.9,12.0,-29.5067,-72.0068,1
us10003x9g,2015-11-11 02:46:19.830000+00:00,6.9,10.0,-29.5097,-72.0585,0
us10003y71,2015-11-13 20:51:31.030000+00:00,6.7,12.0,31.0009,128.8729,1
us10003ywp,2015-11-17 07:10:07.300000+00:00,6.5,11.0,38.67,20.6,0
us10003zcp,2015-11-18 18:31:04.570000+00:00,6.8,12.59,-8.8994,158.4217,1
us1000402t,2015-11-21 09:06:13.460000+00:00,6.1,82.0,-7.1484,129.9375,0
us100040q8,2015-11-24 13:21:35.730000+00:00,6.0,586.88,18.7787,145.2659,0
us100040ww,2015-11-24 22:45:38.880000+00:00,7.6,606.21,-10.5372,-70.9437,0
us100040x6,2015-11-24 22:50:54.370000+00:00,7.6,620.56,-10.0598,-71.0184,0
us100041f1,2015-11-26 05:45:18.400000+00:00,6.7,602.75,-9.1825,-71.2574,0
us100041t7,2015-11-27 21:00:22.920000+00:00,6.2,34.0,-24.828,-70.6009,0
us100043z2,2015-12-04 22:25:00.110000+00:00,7.1,35.0,-47.6165,85.0913,0
us100044k6,2015-12-07 07:50:05.950000+00:00,7.2,22.0,38.2107,72.7797,0
us20004ft7,2015-12-09 10:21:48.530000+00:00,6.9,21.0,-4.1064,129.5079,0
us20004fuz,2015-12-09 12:58:01.780000+00:00,6.1,10.0,-16.7374,175.2475,0
us100047zq,2015-12-17 19:49:53.050000+00:00,6.6,85.0,15.8015,-93.633,0
us1000489i,2015-12-19 02:10:53.360000+00:00,6.0,10.0,-18.3819,169.3857,0
us100048hc,2015-12-20 18:47:36.610000+00:00,6.1,14.0,3.6455,117.6359,0
us100049ce,2015-12-24 19:44:03.130000+00:00,6.2,12.28,-55.755,-123.1158,0
us100049i1,2015-12-25 19:14:47.190000+00:00,6.3,206.0,36.4935,71.1263,0
us10004ant,2016-01-01 02:00:39.950000+00:00,6.3,10.0,-50.5575,139.4489,0
us10004b2n,2016-01-03 23:05:22.270000+00:00,6.7,55.0,24.8036,93.6505,0
us10004bgk,2016-01-05 09:34:14.620000+00:00,6.0,10.0,-54.2906,-136.2603,0
us10004dj5,2016-01-11 16:38:05.900000+00:00,6.5,13.0,3.8965,126.8621,0
us10004djn,2016-01-11 17:08:03.920000+00:00,6.2,238.81,44.4761,141.0867,0
us10004ebw,2016-01-14 03:25:28.270000+00:00,6.1,582.56,-19.7597,-63.3288,0
us10004ebx,2016-01-14 03:25:33.640000+00:00,6.7,46.0,41.9723,142.781,0
us10004g4l,2016-01-21 18:06:57.650000+00:00,6.6,10.0,18.8239,-106.9337,0
ak01613v15nv,2016-01-24 10:30:29.557000+00:00,7.1,125.6,59.6204,-153.3392,0
us10004gy9,2016-01-25 04:22:02.730000+00:00,6.3,12.0,35.6493,-3.6818,1
us20004uks,2016-01-26 03:10:20.750000+00:00,6.1,26.0,-5.2952,153.2454,0
us20004vvx,2016-01-30 03:25:12.220000+00:00,7.2,177.0,53.9776,158.5463,0
us20004w6c,2016-01-31 17:38:59.950000+00:00,6.1,10.0,-63.263,169.1485,0
us20004wck,2016-02-01 19:00:46.280000+00:00,6.2,391.0,-30.7539,-179.9504,0
us20004y6h,2016-02-05 19:57:27.380000+00:00,6.4,23.0,22.9375,120.6014,0
us20004yr0,2016-02-08 16:19:12.780000+00:00,6.4,29.0,-6.6207,154.7421,0
us20004z5b,2016-02-10 00:33:05.340000+00:00,6.3,29.0,-30.5723,-71.5838,0
us20004zp9,2016-02-12 10:02:24.050000+00:00,6.3,28.0,-9.6338,119.4013,0
us200050a6,2016-02-15 15:02:32.890000+00:00,6.0,10.0,-20.9981,-175.4788,0
us200050pj,2016-02-16 23:48:35.680000+00:00,6.1,13.0,-55.7841,-125.1659,0
us200050wc,2016-02-17 17:26:02.210000+00:00,6.0,9.0,0.8597,129.0605,0
us10004rn7,2016-02-22 06:36:59.400000+00:00,6.0,12.0,-30.4242,-72.2967,0
us10004t7g,2016-02-27 21:29:43.570000+00:00,6.1,10.0,-51.7897,139.5956,0
us10004u1y,2016-03-02 12:49:48.110000+00:00,7.8,24.0,-4.9521,94.3299,1
us10004x1w,2016-03-12 18:06:44.760000+00:00,6.3,19.0,51.5648,-173.9423,0
us20005axu,2016-03-19 01:35:12.170000+00:00,6.0,17.0,51.5145,-174.1423,0
us20005azy,2016-03-19 11:26:33.230000+00:00,6.0,26.0,17.996,-60.7019,0
us20005bbh,2016-03-20 22:50:20.430000+00:00,6.4,30.0,54.294,162.8129,0
us20005e01,2016-04-01 19:24:55.370000+00:00,6.2,6.0,-3.3585,144.887,0
ak01649w95tp,2016-04-02 05:50:00.932000+00:00,6.2,11.4,57.008,-157.9322,0
us20005e8t,2016-04-03 08:23:52.320000+00:00,6.9,26.0,-14.3235,166.8551,0
us20005fsi,2016-04-06 06:58:48.210000+00:00,6.7,24.0,-14.0683,166.6245,0
us20005fv5,2016-04-06 14:45:29.620000+00:00,6.1,29.0,-8.2036,107.3857,0
us20005fzn,2016-04-07 03:32:53.500000+00:00,6.7,27.59,-13.9805,166.5943,0
us20005gsg,2016-04-10 10:28:58.720000+00:00,6.6,212.0,36.4725,71.1311,0
us20005hqz,2016-04-13 13:55:17.800000+00:00,6.9,136.0,23.0944,94.8654,0
us20005hux,2016-04-13 18:21:52.730000+00:00,6.0,17.0,7.7917,122.0231,0
us20005hzn,2016-04-14 12:26:35.730000+00:00,6.2,9.0,32.788,130.7042,0
us20005i1a,2016-04-14 15:03:47.240000+00:00,6.0,8.0,32.6973,130.7204,0
us20005i6p,2016-04-14 21:50:27.680000+00:00,6.4,16.0,-14.5284,166.4334,0
us20005ih9,2016-04-15 14:11:26.430000+00:00,6.1,22.41,13.4008,-92.367,0
us20005iis,2016-04-15 16:25:06.220000+00:00,7.0,10.0,32.7906,130.7543,0
us20005j32,2016-04-16 23:58:36.980000+00:00,7.8,20.59,0.3819,-79.9218,1
us20005jqc,2016-04-19 05:25:39.940000+00:00,6.2,14.0,-55.7283,-27.2307,0
us20005k37,2016-04-20 08:33:47.330000+00:00,6.2,14.0,0.639,-80.2104,0
us20005kb6,2016-04-20 08:35:10.620000+00:00,6.0,10.0,0.7079,-80.0352,0
us20005kqh,2016-04-22 03:03:41.720000+00:00,6.0,10.0,-0.2921,-80.5039,0
us20005li9,2016-04-25 07:07:08.600000+00:00,6.0,16.0,14.479,-93.1509,0
us10005bxb,2016-04-27 12:51:19.440000+00:00,6.0,16.0,14.5178,-93.0882,0
us10005c88,2016-04-28 19:33:24.070000+00:00,7.0,24.0,-16.0429,167.3786,0
us10005cc4,2016-04-29 01:33:38.910000+00:00,6.6,10.0,10.2752,-103.7363,0
us10005i5t,2016-05-18 07:57:02.650000+00:00,6.7,16.0,0.4261,-79.7899,0
us10005i9n,2016-05-18 16:46:43.860000+00:00,6.9,29.95,0.4947,-79.616,0
us10005iyk,2016-05-20 18:14:04.670000+00:00,6.0,10.0,-25.5655,129.8841,0
us20005yd7,2016-05-27 04:08:43.950000+00:00,6.4,567.48,-20.8101,-178.6481,0
us20005yqp,2016-05-28 05:38:50.550000+00:00,6.9,405.69,-21.9724,-178.2038,0
us20005ysu,2016-05-28 09:46:59.780000+00:00,7.2,78.0,-56.2409,-26.9353,0
us20005zay,2016-05-31 05:23:47.310000+00:00,6.4,246.4,25.5615,122.5458,0
us20005zt1,2016-06-01 22:56:00.800000+00:00,6.6,50.0,-2.0967,100.6654,0
us2000626m,2016-06-05 16:25:33.540000+00:00,6.3,429.62,-4.587,125.6264,0
us2000629f,2016-06-06 02:35:32.390000+00:00,6.1,43.83,-30.0235,-177.8359,0
us200062i1,2016-06-07 10:51:37.720000+00:00,6.3,10.0,18.3637,-105.1731,0
us200062l9,2016-06-07 19:15:15.330000+00:00,6.3,31.0,1.2789,126.3712,0
us200062zs,2016-06-09 04:13:08.130000+00:00,6.1,19.0,-11.2487,116.2669,0
us200063cy,2016-06-10 03:25:22.920000+00:00,6.1,10.0,12.8318,-86.9633,0
us200063dk,2016-06-10 04:17:44.840000+00:00,6.2,30.4,-8.6757,160.559,0
us200064bb,2016-06-14 13:49:22.630000+00:00,6.2,111.0,-18.7609,168.8279,0
us200065d1,2016-06-19 09:47:23.600000+00:00,6.3,13.0,-20.2793,169.0737,0
us200065g0,2016-06-20 03:50:55.240000+00:00,6.0,15.0,-20.2072,168.7595,0
us200065s1,2016-06-21 16:26:34.420000+00:00,6.1,10.0,22.6582,-45.1402,0
us200065sc,2016-06-21 17:12:07.370000+00:00,6.3,354.0,-3.4199,151.8796,0
us200066x9,2016-06-26 11:17:11.280000+00:00,6.4,13.0,39.4793,73.3388,0
us10005yp3,2016-06-30 11:30:33.050000+00:00,6.0,27.0,-16.0558,167.4701,0
us100062ea,2016-07-10 13:44:40.680000+00:00,6.0,8.0,-15.083,-173.2011,0
us100062hg,2016-07-11 02:11:04.800000+00:00,6.3,21.0,0.5812,-79.638,0
us1000638m,2016-07-13 12:11:12.830000+00:00,6.3,12.0,-28.0052,-176.443,0
us20006g6l,2016-07-20 15:13:16.520000+00:00,6.1,167.0,-18.9285,169.0547,0
us20006hi2,2016-07-25 17:26:50.210000+00:00,6.1,72.0,-26.1067,-70.5111,0
us20006hkb,2016-07-25 19:38:45.560000+00:00,6.4,14.0,-2.969,148.0345,0
us100068jg,2016-07-29 21:18:24.740000+00:00,7.7,196.0,18.5429,145.5073,0
us10006a1d,2016-08-04 14:15:12.930000+00:00,6.2,270.0,-22.3343,-66.0078,0
us10006a2k,2016-08-04 16:24:33.530000+00:00,6.3,510.0,24.9447,142.0141,0
us10006d5h,2016-08-12 01:26:36.280000+00:00,7.2,16.37,-22.4765,173.1167,1
us10006d6d,2016-08-12 03:29:32.710000+00:00,6.1,112.85,-25.1758,-177.3433,0
us10006esj,2016-08-18 18:09:43.940000+00:00,6.0,10.0,-55.9035,-123.2414,0
us10006exl,2016-08-19 07:32:22.710000+00:00,7.4,10.0,-55.2852,-31.8766,0
us10006fdp,2016-08-20 09:01:26.210000+00:00,6.0,10.0,40.3942,143.6796,1
us10006fik,2016-08-21 03:45:23.780000+00:00,6.1,12.0,-55.3133,-31.7508,0
us10006g2n,2016-08-23 19:39:44.580000+00:00,6.0,533.0,-7.2872,122.4345,0
us10006g7d,2016-08-24 01:36:32.870000+00:00,6.2,4.44,42.723,13.1877,0
us10006gbf,2016-08-24 10:34:54.580000+00:00,6.8,82.0,20.9228,94.569,0
us20006uy6,2016-08-29 04:29:57.860000+00:00,7.1,10.0,-0.0456,-17.8255,0
us10006iy0,2016-08-31 03:11:34.420000+00:00,6.8,476.0,-3.6849,152.7915,0
us10006jbi,2016-09-01 16:37:57.300000+00:00,7.0,19.0,-37.3586,179.1461,1
us10006jd4,2016-09-01 17:14:06.060000+00:00,6.1,13.73,-37.0522,178.9291,0
us10006kpq,2016-09-05 22:54:03.930000+00:00,6.1,8.0,54.4153,168.5415,0
us10006n6r,2016-09-08 21:46:20.100000+00:00,6.1,10.0,-54.6136,158.7126,0
us10006nkg,2016-09-10 10:08:20.020000+00:00,6.1,121.0,-5.573,-76.9536,0
us10006pdp,2016-09-14 01:58:31.570000+00:00,6.0,18.0,7.3736,-76.1686,0
us10006pfn,2016-09-14 07:25:00.070000+00:00,6.0,14.0,-9.329,159.1673,0
us10006qas,2016-09-17 01:20:17.940000+00:00,6.0,9.0,-2.0829,140.5718,0
us10006r42,2016-09-20 16:21:16.550000+00:00,6.1,9.0,30.5017,142.0478,0
us10006rte,2016-09-23 00:14:34.700000+00:00,6.2,10.0,34.4619,141.6368,0
us10006s4v,2016-09-23 22:53:10.400000+00:00,6.3,65.0,6.5717,126.4918,0
us10006scl,2016-09-24 21:07:15.790000+00:00,6.4,202.0,-18.1706,-174.984,0
us10006scr,2016-09-24 21:28:41.700000+00:00,6.9,596.4,-19.7819,-178.2443,0
us20007ebu,2016-10-15 08:03:38.150000+00:00,6.3,442.0,-4.2735,150.3606,0
us20007ept,2016-10-17 06:14:58.270000+00:00,6.8,42.0,-6.0033,148.8871,0
us20007f7j,2016-10-19 00:26:01.090000+00:00,6.6,614.0,-4.8626,108.1627,0
us20007fta,2016-10-21 05:07:22.990000+00:00,6.2,5.63,35.3743,133.8092,0
us20007gsh,2016-10-26 05:19:49.930000+00:00,6.1,10.0,-15.4371,-174.8622,0
us1000725y,2016-10-26 19:18:08.430000+00:00,6.1,10.0,42.9564,13.0666,0
us100072gn,2016-10-27 20:32:55.790000+00:00,6.0,12.57,-33.7771,-72.5321,0
us1000731j,2016-10-30 06:40:18.670000+00:00,6.6,8.0,42.8621,13.0961,0
us100073jd,2016-11-01 19:03:30.100000+00:00,6.0,51.99,-6.1039,148.6588,0
us1000744u,2016-11-04 16:20:44.440000+00:00,6.3,90.0,-35.0945,-71.0457,0
us10007681,2016-11-08 04:55:45.900000+00:00,6.0,20.0,-36.5776,-73.5603,0
us1000770m,2016-11-11 21:42:59.650000+00:00,6.1,42.4,38.4973,141.5658,0
us1000778i,2016-11-13 11:02:56.340000+00:00,7.8,15.11,-42.7373,173.054,1
us10007795,2016-11-13 11:32:06.540000+00:00,6.5,10.0,-42.3205,173.6694,0
us1000779b,2016-11-13 11:52:45.010000+00:00,6.1,13.99,-42.1762,173.6227,0
us100077aj,2016-11-13 13:31:25.660000+00:00,6.2,2.09,-42.3093,173.6961,0
us100077hw,2016-11-14 00:34:22.610000+00:00,6.5,9.0,-42.6058,173.2543,0
us10007az5,2016-11-20 20:57:44+00:00,6.4,108.0,-31.6226,-68.6259,0
us10007b88,2016-11-21 20:59:49.270000+00:00,6.9,9.0,37.3931,141.387,1
us10007c4w,2016-11-24 18:43:47.710000+00:00,6.9,10.0,11.9097,-88.8968,1
us10007ca5,2016-11-25 14:24:30.710000+00:00,6.6,17.0,39.2732,73.9776,0
us10007e55,2016-12-01 22:40:26.610000+00:00,6.2,12.0,-15.3122,-70.827,0
us10007ev8,2016-12-05 01:13:04.880000+00:00,6.3,526.0,-7.3158,123.3802,0
us10007ghm,2016-12-06 22:03:33.390000+00:00,6.5,13.0,5.2834,96.1678,0
us20007z2r,2016-12-08 05:15:04.600000+00:00,6.0,17.55,43.8229,86.3451,0
us20007z6r,2016-12-08 14:49:45.910000+00:00,6.6,8.45,40.4535,-126.1936,0
us20007z80,2016-12-08 17:38:46.280000+00:00,7.8,40.0,-10.6812,161.3273,1
us20007zbn,2016-12-08 21:56:07.500000+00:00,6.5,12.26,-10.8416,161.3137,0
us20007zlq,2016-12-09 19:10:06.840000+00:00,6.9,19.73,-10.749,161.1316,1
us20007ztn,2016-12-10 16:24:34.970000+00:00,6.0,142.58,-5.6593,154.4734,0
us200080m3,2016-12-14 02:01:22.810000+00:00,6.0,22.37,21.2897,144.4037,0
us200081v8,2016-12-17 10:51:10.500000+00:00,7.9,94.54,-4.5049,153.5216,1
us200081w0,2016-12-17 11:27:36.170000+00:00,6.3,8.43,-5.6291,154.0216,0
us2000828l,2016-12-18 09:47:06.130000+00:00,6.2,19.0,8.3725,137.6736,0
us200082an,2016-12-18 13:30:10.680000+00:00,6.4,612.0,-9.9738,-70.9698,0
us200082pp,2016-12-20 04:21:29.150000+00:00,6.4,20.0,-10.175,161.2271,0
us200082tk,2016-12-20 12:33:14.240000+00:00,6.0,10.0,-10.1785,160.9149,0
us10007lkw,2016-12-21 00:17:14.990000+00:00,6.7,152.0,-7.5082,127.9206,0
us10007mf5,2016-12-24 01:32:16.040000+00:00,6.0,35.0,-5.2453,153.5754,0
us10007mn3,2016-12-25 14:22:27.010000+00:00,7.6,38.0,-43.4064,-73.9413,1
us10007nl0,2016-12-29 22:30:19.300000+00:00,6.3,79.0,-9.0279,118.6639,0
us10007p7m,2017-01-02 13:14:02.830000+00:00,6.3,551.62,-23.2513,179.2383,0
us10007pj6,2017-01-03 21:52:30.670000+00:00,6.9,12.0,-19.3733,176.0518,1
us10007pjt,2017-01-03 22:40:12.570000+00:00,6.0,10.0,-19.1207,176.1875,0
us10007s20,2017-01-08 23:47:14.420000+00:00,6.0,31.0,74.3859,-92.4156,0
us10007s9c,2017-01-10 06:13:48.140000+00:00,7.3,627.17,4.4782,122.6171,0
us10007sd4,2017-01-10 15:27:14.780000+00:00,6.3,26.0,-10.1132,161.0271,0
us10007u7n,2017-01-19 23:04:21.150000+00:00,6.5,36.0,-10.3506,161.3355,0
us10007uph,2017-01-22 04:30:22.960000+00:00,7.9,135.0,-6.2464,155.1718,1
us20008ic7,2017-02-07 22:03:56.390000+00:00,6.3,29.07,25.1912,63.2644,0
us20008ixa,2017-02-10 14:03:43.920000+00:00,6.5,15.0,9.9071,125.4516,0
us20008kn8,2017-02-18 12:10:17.970000+00:00,6.4,222.0,-23.8613,-66.6592,0
us20008l41,2017-02-21 14:09:04.320000+00:00,6.5,595.98,-19.2814,-63.9047,0
us20008m3t,2017-02-24 17:28:44.840000+00:00,6.9,414.5,-23.2593,-178.8036,0
us100086x7,2017-03-04 02:58:20.280000+00:00,6.1,17.0,-7.3277,155.748,0
us1000876f,2017-03-05 22:47:53.970000+00:00,6.3,37.0,-5.9945,149.3619,0
us100088sf,2017-03-14 02:51:16.770000+00:00,6.0,10.0,6.1457,92.3044,0
us20008t6m,2017-03-19 15:43:25.690000+00:00,6.0,8.37,-8.1364,160.7536,0
us20008uzn,2017-03-27 10:50:20.190000+00:00,6.2,20.0,52.7586,172.2616,0
us20008vhl,2017-03-29 04:09:24.190000+00:00,6.6,17.0,56.9401,162.7861,0
us10008e3k,2017-04-03 17:40:18.560000+00:00,6.5,29.0,-22.6784,25.1558,0
us10008ei0,2017-04-05 06:09:12.200000+00:00,6.1,13.0,35.7755,60.4363,0
us10008hu2,2017-04-15 08:19:43.390000+00:00,6.3,155.0,-23.2653,-67.7225,0
us10008iph,2017-04-18 17:11:47.030000+00:00,6.0,628.0,-18.0877,-178.369,0
us10008jvr,2017-04-23 02:36:07.830000+00:00,6.0,21.0,-33.0354,-72.0296,0
us10008kce,2017-04-24 21:38:30.820000+00:00,6.9,28.0,-33.0375,-72.0617,1
us10008ls4,2017-04-28 20:23:17.260000+00:00,6.9,26.0,5.5043,125.0658,1
us10008mel,2017-05-01 12:31:55.590000+00:00,6.2,10.0,59.8209,-136.7114,1
us10008mgu,2017-05-01 14:18:15.290000+00:00,6.3,2.53,59.8295,-136.7042,0
us10008npq,2017-05-03 04:47:13.380000+00:00,6.0,11.0,39.4939,71.4438,0
us10008qhu,2017-05-08 17:00:47.520000+00:00,6.2,13.0,51.7344,-178.5875,0
us10008qnw,2017-05-09 01:54:14.550000+00:00,6.0,10.0,24.45,126.3174,0
us10008qsb,2017-05-09 13:52:10.940000+00:00,6.8,169.0,-14.5884,167.3767,0
us10008rb6,2017-05-10 23:23:36.830000+00:00,6.5,15.0,-56.414,-25.7432,0
us10008rtu,2017-05-12 10:41:26.710000+00:00,6.2,16.0,12.9187,-90.0611,0
us10008sjn,2017-05-15 13:22:38.630000+00:00,6.2,10.0,-4.022,152.4781,0
us10008tp0,2017-05-20 01:06:14.250000+00:00,6.0,533.0,9.3818,123.9537,0
us10008w1z,2017-05-29 14:35:21.510000+00:00,6.6,12.0,-1.2923,120.4313,0
us20009jd6,2017-06-02 22:24:47.440000+00:00,6.8,5.0,54.0312,170.9196,0
us20009ly0,2017-06-12 12:28:39.150000+00:00,6.3,12.0,38.9296,26.365,1
us20009mbt,2017-06-14 07:29:04.390000+00:00,6.9,93.0,14.9091,-92.0092,0
us20009mjp,2017-06-15 00:26:17.550000+00:00,6.0,34.0,-30.5156,-178.0563,0
us20009nc2,2017-06-17 22:26:02.010000+00:00,6.1,511.0,-24.0927,179.6041,0
us20009p1a,2017-06-22 12:31:03.490000+00:00,6.8,38.12,13.7174,-90.9718,0
us20009pmr,2017-06-25 17:42:24.410000+00:00,6.0,10.0,-19.5519,-176.2265,0
us20009q4v,2017-06-28 18:20:55.450000+00:00,6.0,19.0,-30.3103,-177.6618,0
us1000954z,2017-06-29 07:03:11.040000+00:00,6.0,404.82,-31.1253,179.9257,0
us100095nr,2017-06-30 22:29:45.140000+00:00,6.0,13.0,-0.2849,-80.4927,0
us1000976a,2017-07-06 08:03:57.550000+00:00,6.5,9.0,11.1269,124.6286,0
us100098qm,2017-07-11 07:00:01.190000+00:00,6.6,10.0,-49.4837,164.0157,0
us20009vvi,2017-07-13 03:36:08.640000+00:00,6.4,34.0,-4.7787,153.2109,0
us20009wwj,2017-07-17 11:05:09.060000+00:00,6.3,9.0,54.5802,168.6484,0
us20009x42,2017-07-17 23:34:13.740000+00:00,7.7,10.0,54.4434,168.857,1
us20009x7r,2017-07-18 02:05:19.750000+00:00,6.4,43.68,-16.4161,-73.6357,0
us20009xz4,2017-07-19 12:16:23.560000+00:00,6.0,10.0,-17.4154,66.4836,0
us20009ynd,2017-07-20 22:31:11.260000+00:00,6.6,7.0,36.9293,27.4139,1
us2000a18e,2017-07-26 10:32:57.430000+00:00,6.0,12.0,26.8975,130.1836,0
us2000a1uk,2017-07-27 17:53:24.610000+00:00,6.0,10.0,13.396,-49.3259,0
us2000a5x1,2017-08-08 13:19:49.540000+00:00,6.5,9.0,33.1926,103.8552,0
us2000a65e,2017-08-08 23:27:53.080000+00:00,6.3,20.0,44.3023,82.8317,0
us2000a77i,2017-08-11 05:28:25.790000+00:00,6.2,172.0,14.0065,120.7391,0
us2000a7q2,2017-08-13 03:08:10.560000+00:00,6.4,31.0,-3.7682,101.6228,0
us2000a98r,2017-08-18 02:59:25.640000+00:00,6.6,35.0,-1.112,-13.6605,0
us2000a9n1,2017-08-19 02:00:52.550000+00:00,6.4,544.0,-17.9609,-178.8406,0
us2000ac7a,2017-08-27 04:17:51+00:00,6.3,8.0,-1.4525,148.08,0
us2000adjh,2017-08-31 17:06:55.750000+00:00,6.3,43.14,-1.159,99.6881,0
us2000aert,2017-09-03 03:30:01.760000+00:00,6.3,0.0,41.3324,129.0297,0
us2000afh9,2017-09-04 08:07:34.500000+00:00,6.1,25.0,-57.7387,-25.6131,0
us2000ahlq,2017-09-07 17:26:49.320000+00:00,6.1,451.0,27.7829,139.8041,0
us2000ahv0,2017-09-08 04:49:19.180000+00:00,8.2,47.39,15.0222,-93.8993,1
us2000ar20,2017-09-19 18:14:38.090000+00:00,7.1,48.0,18.5499,-98.4887,0
us2000arel,2017-09-20 01:43:25.980000+00:00,6.1,8.0,-50.7087,162.6317,0
us2000arxv,2017-09-20 16:37:16.360000+00:00,6.1,11.0,37.9814,144.6601,0
us2000as2f,2017-09-20 20:09:49.610000+00:00,6.4,197.0,-18.7854,169.0946,0
us2000atjv,2017-09-23 12:53:01.480000+00:00,6.1,10.0,16.6258,-95.0778,0
us2000autd,2017-09-26 04:20:00.260000+00:00,6.4,96.0,-23.5815,-176.8371,0
us2000b1v8,2017-10-06 07:59:32.880000+00:00,6.2,9.0,37.5033,144.0201,0
us2000b2sv,2017-10-08 14:04:38.500000+00:00,6.1,10.0,-18.9903,-175.5659,0
us2000b2v1,2017-10-08 20:48:58.420000+00:00,6.2,10.0,-61.7467,154.5985,0
us2000b2vq,2017-10-08 22:34:33.490000+00:00,6.5,119.0,52.3909,176.7691,0
us2000b3dm,2017-10-10 06:32:21.170000+00:00,6.3,85.0,-18.5715,-69.7526,0
us1000apql,2017-10-10 18:53:27.830000+00:00,6.7,9.0,-54.2632,8.6086,0
us1000atnb,2017-10-18 12:00:59.080000+00:00,6.1,10.0,-20.5914,-173.8022,0
us1000aw8q,2017-10-24 10:47:47.860000+00:00,6.7,553.81,-7.2168,123.0735,0
us1000aytk,2017-10-31 00:42:08.720000+00:00,6.7,24.0,-21.6971,169.1485,1
us1000ayz8,2017-10-31 11:50:48.370000+00:00,6.1,6.0,-3.7449,127.7517,0
us1000azi3,2017-11-01 00:09:30.120000+00:00,6.1,11.0,-21.7278,168.9342,0
us1000azjt,2017-11-01 02:23:57.670000+00:00,6.6,22.0,-21.6484,168.8585,1
us2000bibm,2017-11-04 09:00:19.420000+00:00,6.8,10.0,-15.3197,-173.1682,0
us2000bk15,2017-11-07 21:26:38.480000+00:00,6.5,110.57,-4.2433,143.4846,0
us2000bkrv,2017-11-09 07:42:11.020000+00:00,6.0,12.0,32.5208,141.438,0
us2000blul,2017-11-11 00:36:14.980000+00:00,6.1,10.0,-11.7424,-14.1142,0
us2000bmcg,2017-11-12 18:18:17.180000+00:00,7.3,19.0,34.9109,45.9592,0
us2000bmhe,2017-11-13 02:28:23.680000+00:00,6.5,19.36,9.5147,-84.4865,0
us2000bqsn,2017-11-17 22:34:19.450000+00:00,6.4,8.0,29.8333,94.9838,0
us2000brbk,2017-11-19 09:25:48.730000+00:00,6.3,14.0,-21.6377,168.6729,1
us2000brgk,2017-11-19 15:09:02.880000+00:00,6.6,13.0,-21.5027,168.5984,1
us2000brlf,2017-11-19 22:43:29.250000+00:00,7.0,10.0,-21.3246,168.6715,1
us2000brnd,2017-11-20 00:09:23.730000+00:00,6.0,10.0,-21.4848,168.8088,0
us2000brz0,2017-11-20 18:51:07.610000+00:00,6.0,9.0,-14.7243,-175.0485,0
us2000burc,2017-11-27 07:11:11.620000+00:00,6.0,54.0,-4.5746,153.2269,0
us1000bj7t,2017-11-30 06:32:50.760000+00:00,6.5,10.0,-1.0802,-23.4323,0
us1000bjnz,2017-12-01 02:32:46.040000+00:00,6.1,9.0,30.7464,57.307,0
us1000bjph,2017-12-01 02:49:58.490000+00:00,6.0,34.0,-6.1346,147.6564,0
us1000bkjh,2017-12-03 11:19:05.440000+00:00,6.1,17.0,-0.47,-80.3101,0
us2000c1wt,2017-12-08 00:22:54.200000+00:00,6.4,12.79,10.1164,140.2197,0
us2000c1zn,2017-12-08 09:51:08.050000+00:00,6.3,8.0,10.0116,140.1871,0
us2000c2du,2017-12-09 15:14:24.770000+00:00,6.1,10.0,10.0928,140.2016,0
us2000c3ag,2017-12-12 08:43:18.320000+00:00,6.0,12.0,30.7372,57.2795,0
us2000c3mi,2017-12-12 21:41:31.140000+00:00,6.0,8.0,30.8275,57.2982,0
us2000c3y6,2017-12-13 18:03:43.920000+00:00,6.5,17.0,-54.2189,2.1628,0
us2000c4v8,2017-12-15 16:47:58.230000+00:00,6.5,90.0,-7.4921,108.1743,0
us1000c2zy,2018-01-10 02:51:33.290000+00:00,7.5,19.0,17.4825,-83.52,1
us2000cifa,2018-01-11 18:26:24.240000+00:00,6.0,9.0,18.3719,96.0717,0
us2000cjfy,2018-01-14 09:18:45.540000+00:00,7.1,39.0,-15.7675,-74.7092,1
us2000cl83,2018-01-19 16:17:44.720000+00:00,6.3,10.0,26.6862,-111.0785,0
us2000cm0f,2018-01-21 01:06:42.710000+00:00,6.3,116.0,-18.8806,-69.4445,0
us2000cmy3,2018-01-23 09:31:40.890000+00:00,7.9,14.06,56.0039,-149.1658,1
us2000cnnl,2018-01-24 10:51:19.090000+00:00,6.3,31.0,41.1034,142.4323,0
us2000cp4y,2018-01-25 02:10:34.820000+00:00,6.2,11.15,55.5423,166.4497,0
us2000cq5t,2018-01-26 22:47:57.760000+00:00,6.3,10.0,-3.5138,145.8477,0
us2000cqnn,2018-01-28 16:03:03.970000+00:00,6.6,10.0,-53.0623,9.6842,0
us2000crmu,2018-01-31 07:07:00.290000+00:00,6.2,193.73,36.5261,70.8507,0
us1000cdn0,2018-02-01 11:05:50.630000+00:00,6.0,10.0,-16.5186,-177.4612,0
us1000cfn6,2018-02-04 13:56:41.950000+00:00,6.1,12.0,24.1572,121.7078,0
us1000chhc,2018-02-06 15:50:43.320000+00:00,6.4,17.0,24.1338,121.6586,0
us2000czgc,2018-02-09 11:43:56.760000+00:00,6.0,556.91,-17.8709,-178.6605,0
us2000d0p1,2018-02-11 23:14:15.080000+00:00,6.0,10.0,13.8205,146.4377,0
us2000d3km,2018-02-16 23:39:39.280000+00:00,7.2,22.0,16.3855,-97.9787,0
us2000d7q6,2018-02-25 17:44:44.140000+00:00,7.5,25.21,-6.0699,142.7536,0
us2000d855,2018-02-26 13:34:53.530000+00:00,6.1,9.0,-2.7774,126.6859,0
us2000d867,2018-02-26 15:18:00.280000+00:00,6.3,19.0,-6.5052,143.255,0
us2000d8rl,2018-02-27 17:29:22.580000+00:00,6.1,10.0,-60.2494,150.7793,0
us2000d90d,2018-02-28 02:45:45.430000+00:00,6.1,16.0,-6.1696,142.4681,0
us2000dc52,2018-03-04 19:56:17.890000+00:00,6.0,10.0,-6.331,142.5994,0
us2000dcx1,2018-03-06 14:13:07.650000+00:00,6.7,20.49,-6.3043,142.6116,0
us1000d1kv,2018-03-08 17:39:51.100000+00:00,6.8,22.86,-4.3762,153.1996,0
us1000d8k9,2018-03-24 11:23:32.050000+00:00,6.3,33.0,-5.4959,151.4971,0
us1000d8ny,2018-03-24 19:58:33.380000+00:00,6.0,10.0,-45.7783,96.0692,0
us1000d8xh,2018-03-25 20:14:47.690000+00:00,6.4,169.0,-6.6343,129.8172,0
us1000d937,2018-03-26 09:51:00.430000+00:00,6.7,40.0,-5.5024,151.4025,0
us1000db40,2018-03-29 21:25:36.790000+00:00,6.9,35.0,-5.5321,151.4999,0
us1000dcbs,2018-04-02 05:57:35.680000+00:00,6.1,92.0,-24.719,-176.8865,0
us1000dce2,2018-04-02 13:40:34.840000+00:00,6.8,559.0,-20.6588,-63.0058,0
us2000dus5,2018-04-05 03:53:38.410000+00:00,6.0,34.0,6.8325,126.7785,0
us2000dvwq,2018-04-07 05:48:40.010000+00:00,6.3,18.07,-5.8382,142.5314,0
us2000dxfc,2018-04-10 10:19:34.370000+00:00,6.2,66.0,-31.0258,-71.5292,0
us2000e0mq,2018-04-15 19:30:43.200000+00:00,6.0,34.0,1.4083,126.8759,0
us1000dnuj,2018-04-19 21:09:17+00:00,6.0,10.0,-42.7797,42.1877,0
us1000dw7i,2018-05-02 06:32:49.020000+00:00,6.0,10.0,-24.2723,-111.6328,0
hv70116556,2018-05-04 22:32:54.650000+00:00,6.9,5.81,19.3181667,-154.9996667,0
us1000dym9,2018-05-05 06:19:05.040000+00:00,6.1,18.0,14.5708,123.9192,0
us1000e17w,2018-05-09 07:57:54.950000+00:00,6.0,9.0,-5.8822,151.7836,0
us1000e19e,2018-05-09 10:41:45.910000+00:00,6.2,116.0,36.9942,71.3822,0
us1000e7qq,2018-05-18 01:45:31.460000+00:00,6.1,11.0,-34.5886,-178.4143,0
us1000ey2i,2018-06-21 21:13:32.660000+00:00,6.1,28.0,-17.7905,168.0568,0
us2000fxyz,2018-07-06 01:40:04.610000+00:00,6.1,45.0,51.4994,157.8404,0
us2000fzb7,2018-07-07 21:33:49.640000+00:00,6.0,35.0,-30.5662,-178.0701,0
us2000g3up,2018-07-13 09:46:49.070000+00:00,6.4,167.0,-18.9279,169.0467,0
us2000g5b4,2018-07-15 01:57:19.410000+00:00,6.0,10.0,14.0625,51.7365,0
us2000g5mh,2018-07-15 13:09:16.470000+00:00,6.0,10.0,13.8484,51.717,0
us2000g6uy,2018-07-17 07:02:53.020000+00:00,6.0,37.96,-11.5936,166.432,0
usd00090uc,2018-07-19 18:30:32.710000+00:00,6.0,29.62,-6.1139,148.7302,0
us2000gbr3,2018-07-23 10:35:59.590000+00:00,6.0,10.0,-0.2994,-19.252,0
us2000gg76,2018-07-28 17:07:23.380000+00:00,6.0,578.16,-7.1039,122.7263,0
us2000ggbs,2018-07-28 22:47:38.740000+00:00,6.4,14.0,-8.2395,116.508,0
us1000g3ub,2018-08-05 11:46:38.630000+00:00,6.9,34.0,-8.2581,116.4375,1
us1000g6hl,2018-08-10 18:12:07.020000+00:00,6.0,27.0,48.4593,154.939,0
ak018aap2cqu,2018-08-12 14:58:53.503000+00:00,6.4,15.8,69.5762,-145.291,0
ak018aasz24z,2018-08-12 21:15:00.999000+00:00,6.0,16.2,69.5227,-144.3388,0
us1000g8kf,2018-08-14 03:29:52.100000+00:00,6.1,25.0,-58.1339,-25.2725,0
us1000ga0z,2018-08-15 21:56:56.310000+00:00,6.5,33.93,51.4234,-178.0262,0
us1000gaqv,2018-08-16 18:22:53.360000+00:00,6.3,20.0,23.4226,143.3187,0
us1000gbi4,2018-08-17 15:35:01.890000+00:00,6.5,529.0,-7.3718,119.8017,0
us1000gc0k,2018-08-17 23:22:24.950000+00:00,6.1,15.0,8.7791,-83.1527,0
us1000gcii,2018-08-19 00:19:40.670000+00:00,8.2,600.0,-18.1125,-178.153,1
us1000gcnc,2018-08-19 00:23:06.180000+00:00,6.3,575.76,-18.4447,-177.6404,0
us1000gcvr,2018-08-19 04:10:22.640000+00:00,6.3,16.0,-8.3366,116.5993,0
us1000gcwt,2018-08-19 04:28:58.700000+00:00,6.4,415.6,-16.9783,-178.0332,0
us1000gda5,2018-08-19 14:56:27.490000+00:00,6.9,21.0,-8.319,116.6272,0
us1000gez7,2018-08-21 21:31:47.600000+00:00,7.3,146.82,10.7731,-62.9019,0
us1000gf2g,2018-08-21 22:32:26.470000+00:00,6.5,9.0,-16.0315,168.1428,0
us1000gf8u,2018-08-22 09:31:45.530000+00:00,6.2,10.0,43.5637,-127.7166,0
us1000gfvg,2018-08-23 03:35:12.270000+00:00,6.3,20.0,51.35,-177.7604,0
us1000ggj4,2018-08-24 09:04:08.250000+00:00,7.1,630.0,-11.0355,-70.8284,0
us1000ghda,2018-08-25 22:13:25.620000+00:00,6.0,10.0,34.6111,46.2422,0
us1000gii0,2018-08-28 07:08:11.360000+00:00,6.2,14.0,-10.773,124.1871,0
us1000gj78,2018-08-28 22:35:13.410000+00:00,6.4,55.0,16.8044,146.8395,0
us1000gjaz,2018-08-29 03:51:56.100000+00:00,7.1,21.43,-22.0295,170.1262,1
us2000h8ty,2018-09-05 18:07:59.150000+00:00,6.6,35.0,42.6861,141.9294,0
us2000h9e2,2018-09-06 15:49:18.710000+00:00,7.9,670.81,-18.4743,179.3502,0
us2000ha13,2018-09-07 02:12:06.280000+00:00,6.2,110.5,-2.2532,-78.7903,0
us2000haxi,2018-09-08 07:16:49.620000+00:00,6.2,10.0,7.2377,126.4779,0
us2000hbk9,2018-09-09 19:31:35.090000+00:00,6.5,68.0,-10.0207,161.5025,0
us2000hbpv,2018-09-10 04:19:02.630000+00:00,6.9,115.0,-31.7447,-179.3728,0
us2000hc1x,2018-09-10 19:31:37.420000+00:00,6.3,12.0,-21.988,170.1584,0
us2000hfjk,2018-09-16 21:11:48.820000+00:00,6.5,576.0,-25.415,178.1991,0
us2000hg93,2018-09-18 07:27:41.320000+00:00,6.0,10.0,-37.8135,49.7765,0
us1000h3mf,2018-09-28 06:59:59.740000+00:00,6.1,4.99,-0.4009,119.7705,0
us1000h3p4,2018-09-28 10:02:45.250000+00:00,7.5,20.0,-0.2559,119.8462,0
us1000h4l1,2018-09-30 10:52:23.010000+00:00,6.7,550.0,-18.3604,-178.0633,0
us1000h5eg,2018-10-01 23:59:42.740000+00:00,6.0,29.0,-10.5585,120.2424,0
us1000h97j,2018-10-09 07:45:11.640000+00:00,6.1,19.0,49.3959,156.2425,0
us1000ha6q,2018-10-10 18:44:55.280000+00:00,6.0,9.0,-7.4525,114.4553,0
us1000ha9t,2018-10-10 20:45:25.300000+00:00,6.1,41.56,-5.7433,151.3533,0
us1000haa3,2018-10-10 20:48:20.100000+00:00,7.0,39.0,-5.7012,151.2046,0
us1000habl,2018-10-10 22:00:34.500000+00:00,6.2,121.0,-4.9624,151.7231,0
us1000hacw,2018-10-10 23:16:02.130000+00:00,6.5,20.0,49.2902,156.2968,0
us1000hbkz,2018-10-13 11:10:22.400000+00:00,6.7,461.0,52.8549,153.2429,0
us1000hcln,2018-10-16 00:28:13.060000+00:00,6.3,12.0,-21.9232,169.4869,0
us1000hclz,2018-10-16 01:03:43.580000+00:00,6.5,17.0,-21.7427,169.5217,1
us1000hfgn,2018-10-22 05:39:39.590000+00:00,6.5,10.0,49.2586,-129.4124,0
us1000hfgv,2018-10-22 06:16:26.450000+00:00,6.8,10.0,49.3346,-129.289,0
us1000hfh3,2018-10-22 06:22:48.120000+00:00,6.5,10.0,49.297,-129.7237,0
us1000hhb1,2018-10-25 22:54:52.630000+00:00,6.8,14.0,37.5203,20.5565,1
us1000hib5,2018-10-28 22:23:53.420000+00:00,6.1,22.0,13.0346,-90.3687,0
us1000hied,2018-10-29 06:54:21.250000+00:00,6.3,10.0,-57.434,-66.3834,0
us1000hiup,2018-10-30 02:13:39.480000+00:00,6.1,225.48,-39.057,174.9584,0
us2000i5mj,2018-11-01 22:19:51.690000+00:00,6.2,102.0,-19.5827,-69.2656,0
us2000i5tk,2018-11-02 11:01:15.880000+00:00,6.0,433.0,47.8334,146.6972,0
us2000i6mv,2018-11-04 07:55:29.280000+00:00,6.0,600.71,7.7599,123.867,0
us1000hpim,2018-11-09 01:49:40.050000+00:00,6.7,10.0,71.6312,-11.2431,0
us1000hq85,2018-11-10 08:33:21.140000+00:00,6.1,35.0,-20.4538,-174.0081,0
us1000hqkp,2018-11-11 14:03:59.560000+00:00,6.3,10.0,15.5653,-49.8719,0
us1000hrv1,2018-11-14 21:21:50.870000+00:00,6.1,49.0,55.6414,161.9943,0
us1000hsaf,2018-11-15 20:02:22.920000+00:00,6.4,15.0,-56.7065,-25.546,0
us1000hsfz,2018-11-15 23:09:01.060000+00:00,6.3,10.0,-56.2363,-122.0441,0
us1000hsie,2018-11-16 03:26:55.640000+00:00,6.2,10.0,-10.5383,163.1676,0
us1000htm5,2018-11-18 20:25:46.590000+00:00,6.8,540.0,-17.8735,-178.9273,0
us1000hwaj,2018-11-25 03:40:50.810000+00:00,6.0,10.0,13.1817,-81.0931,0
us1000hwdw,2018-11-25 16:37:32.830000+00:00,6.3,18.0,34.3609,45.7443,0
ak018fcnsk91,2018-11-30 17:29:29.330000+00:00,7.1,46.7,61.3464,-149.9552,0
us1000hzjp,2018-12-01 13:27:21.080000+00:00,6.4,136.0,-7.3841,128.7065,0
us1000i2gr,2018-12-05 04:14:36.490000+00:00,6.3,10.0,-22.0161,169.3495,0
us1000i2gt,2018-12-05 04:18:08.420000+00:00,7.5,10.0,-21.9496,169.4266,1
us1000i2k0,2018-12-05 06:43:04.130000+00:00,6.6,10.0,-22.0629,169.7331,0
us2000isc8,2018-12-11 02:26:29.420000+00:00,7.1,133.0,-58.5446,-26.3856,0
us2000isw3,2018-12-12 13:13:56.180000+00:00,6.3,10.0,-55.6687,-128.6641,0
us2000iu2u,2018-12-16 09:42:37.200000+00:00,6.1,61.97,-3.9226,140.2323,0
us2000iuya,2018-12-19 01:37:40.500000+00:00,6.3,10.0,-36.1378,-101.0723,0
us2000ivfw,2018-12-20 17:01:55.150000+00:00,7.3,16.56,55.0999,164.6993,0
us2000iwat,2018-12-22 14:25:01.180000+00:00,6.0,42.0,-13.4,166.8151,0
us2000iwvb,2018-12-23 23:08:43.440000+00:00,6.4,113.0,-20.2855,-175.071,0
us2000ix3y,2018-12-24 12:41:19.250000+00:00,6.1,10.0,55.3439,164.5099,0
us2000iyta,2018-12-29 03:39:09.740000+00:00,7.0,60.21,5.8983,126.9209,0
us2000izcv,2018-12-31 02:35:37.670000+00:00,6.0,31.0,54.4266,-161.5131,0
us2000j0ja,2019-01-05 19:25:38.520000+00:00,6.8,570.41,-8.144,-71.587,0
us2000j0uj,2019-01-06 17:27:18.980000+00:00,6.6,43.21,2.258,126.758,0
us2000j1d4,2019-01-08 12:39:30.950000+00:00,6.3,35.0,30.5872,131.0441,0
us2000j468,2019-01-15 18:06:34.300000+00:00,6.6,35.0,-13.336,166.8752,0
us2000j545,2019-01-17 15:06:35.650000+00:00,6.2,10.0,-3.2307,146.3889,0
us2000j5qu,2019-01-18 13:18:31.030000+00:00,6.0,38.67,-19.2036,168.7446,0
us2000j6hy,2019-01-20 01:32:52.480000+00:00,6.7,63.0,-30.0404,-71.3815,0
us2000j70q,2019-01-21 23:59:23.860000+00:00,6.0,26.0,-10.3278,119.1521,0
us2000j73a,2019-01-22 05:10:03.480000+00:00,6.3,24.0,-10.4148,119.0165,0
us2000j7dn,2019-01-22 19:01:43.580000+00:00,6.7,13.0,-43.1219,42.3568,0
us2000j92w,2019-01-26 03:51:37.870000+00:00,6.2,355.0,-7.0089,156.3207,0
us2000j98z,2019-01-26 19:56:44.070000+00:00,6.2,588.0,-21.0475,-178.9592,0
us2000jbub,2019-02-01 16:14:12.329000+00:00,6.7,66.0,14.6802,-92.4527,0
us2000jcbz,2019-02-02 09:27:36.030000+00:00,6.0,20.0,-2.8462,100.0743,0
us2000jgma,2019-02-12 12:34:16.500000+00:00,6.0,144.32,19.02,145.7965,0
us2000ji4e,2019-02-14 19:57:04.980000+00:00,6.2,10.0,35.4267,-36.0378,0
us2000jj68,2019-02-17 14:35:55.840000+00:00,6.4,368.12,-3.3412,152.1319,0
us2000jlfv,2019-02-22 10:17:23.770000+00:00,7.5,145.0,-2.1862,-77.0505,0
us1000j96d,2019-03-01 08:50:42.591000+00:00,7.0,267.0,-14.7131,-70.1546,0
us1000jb8d,2019-03-06 15:46:14.900000+00:00,6.4,29.0,-32.0238,-177.8845,0
us1000jccx,2019-03-08 15:06:12.620000+00:00,6.0,30.0,10.384,126.006,0
us1000jd55,2019-03-10 08:12:26.426000+00:00,6.2,578.19,-17.8915,-178.6034,0
us1000jd7d,2019-03-10 12:48:00.607000+00:00,6.0,9.0,-10.1317,152.0647,0
us1000jg5z,2019-03-15 05:03:50.060000+00:00,6.3,359.0,-17.8744,-65.9072,0
us1000jj9r,2019-03-20 15:23:58.680000+00:00,6.3,119.0,-15.5965,167.6551,0
us1000jkrq,2019-03-23 19:21:17.998000+00:00,6.1,122.0,4.5595,-76.223,0
us1000jkwi,2019-03-24 04:37:35.918000+00:00,6.1,45.0,1.6601,126.3955,0
us2000k6u4,2019-03-28 22:06:49.401000+00:00,6.2,9.0,50.4951,159.943,0
us2000k7ks,2019-03-30 11:20:42.559000+00:00,6.2,41.0,-5.7003,151.1053,0
us2000k7vu,2019-03-31 07:04:04.795000+00:00,6.2,18.0,-1.9446,-80.8101,0
us2000k8ri,2019-04-01 18:39:05.857000+00:00,6.0,10.0,-18.2058,65.3656,0
us2000k9d7,2019-04-02 21:35:30.049000+00:00,6.4,7.98,52.1702,178.0709,0
us2000kav9,2019-04-05 16:14:16.716000+00:00,6.4,57.0,-55.9308,-27.8522,0
us2000kbi1,2019-04-06 21:55:01.660000+00:00,6.3,539.0,-6.8285,125.0416,0
us600032fg,2019-04-09 17:53:58.423000+00:00,6.5,38.0,-58.6262,-25.304,0
us700034d3,2019-04-11 08:18:21.380000+00:00,6.0,18.0,40.4096,143.2985,0
us700034xq,2019-04-12 11:40:49.363000+00:00,6.8,15.46,-1.8146,122.5798,0
us700034ya,2019-04-12 12:23:04.870000+00:00,6.0,15.36,-15.4067,-172.8171,0
us700034zz,2019-04-12 14:51:31.603000+00:00,6.0,30.0,-6.4883,148.7394,0
us700038c1,2019-04-18 05:01:06.493000+00:00,6.1,20.0,24.0374,121.6501,0
us700038m1,2019-04-18 14:46:01.733000+00:00,6.3,10.0,-51.127,139.321,0
us70003a63,2019-04-22 09:11:12.013000+00:00,6.1,21.84,14.9538,120.5149,0
us70003a91,2019-04-22 14:49:05.341000+00:00,6.0,79.0,-56.2633,-27.3509,0
us70003aj3,2019-04-23 05:37:53.147000+00:00,6.4,56.0,11.7547,125.2013,0
us70003an0,2019-04-23 14:20:17.830000+00:00,6.0,385.58,-24.7059,-178.7639,0
us70003e0j,2019-04-29 14:19:52.499000+00:00,6.3,10.0,10.8649,57.2283,0
us70003g5a,2019-05-03 07:25:31.787000+00:00,6.2,27.0,-6.9478,160.1125,0
us70003hqb,2019-05-06 21:19:37.983000+00:00,7.1,146.0,-6.9746,146.4494,0
us70003j46,2019-05-09 23:48:42.779000+00:00,6.2,22.0,31.7772,131.8483,0
us70003k3p,2019-05-12 19:24:50.373000+00:00,6.0,19.0,8.625,-82.8298,0
us70003kyy,2019-05-14 12:58:25.939000+00:00,7.6,10.0,-4.051,152.5967,0
us70003n4z,2019-05-19 01:23:29.151000+00:00,6.3,20.0,-21.6619,169.7779,0
us70003n8z,2019-05-19 14:27:11.826000+00:00,6.0,16.0,-21.7313,169.5758,0
us70003n96,2019-05-19 14:56:50.691000+00:00,6.3,20.0,-21.6074,169.4692,0
us60003r2r,2019-05-23 08:45:17.746000+00:00,6.0,30.0,51.3078,-178.2387,0
us60003sc0,2019-05-26 07:41:15.073000+00:00,8.0,122.57,-5.8119,-75.2697,0
us70003t2n,2019-05-30 09:03:32.337000+00:00,6.6,57.92,13.1994,-89.3056,0
us70003t7v,2019-05-30 15:38:01.451000+00:00,6.0,177.85,-21.7541,-176.3171,0
us70003tl7,2019-05-31 10:12:32.876000+00:00,6.1,98.72,6.2795,126.479,0
us70003ud5,2019-06-02 10:36:29.673000+00:00,6.0,10.0,-21.2068,-173.9096,0
us70003v3j,2019-06-04 04:39:16.961000+00:00,6.4,422.0,29.0665,139.289,0
us600040ja,2019-06-14 00:19:12.401000+00:00,6.4,11.0,-30.0557,-72.0819,1
us60004177,2019-06-15 21:56:10.835000+00:00,6.1,13.0,-21.1807,-174.169,0
us6000417i,2019-06-15 22:55:04.130000+00:00,7.3,46.0,-30.6441,-178.0995,1
us600041b3,2019-06-16 05:17:14.868000+00:00,6.3,21.0,-31.0004,-178.0819,0
us600041lv,2019-06-17 06:02:04.099000+00:00,6.1,12.0,-30.8389,-177.481,0
us600042fx,2019-06-18 13:22:19.010000+00:00,6.4,12.0,38.6391,139.4769,1
us600042vn,2019-06-19 07:01:45.433000+00:00,6.4,30.0,-30.5243,-177.8482,0
us6000434e,2019-06-19 17:24:48.803000+00:00,6.3,10.0,-2.2656,138.461,0
us6000444m,2019-06-21 08:37:16.948000+00:00,6.2,14.0,-30.8591,-177.4681,0
us600044z4,2019-06-24 01:05:29.464000+00:00,6.1,28.0,-2.7756,138.5675,0
us600044zz,2019-06-24 02:53:39.830000+00:00,7.3,212.0,-6.4078,129.1692,0
us600045mz,2019-06-25 09:05:40.478000+00:00,6.4,10.0,56.202,164.2327,0
us7000451w,2019-06-26 02:18:07.841000+00:00,6.3,10.0,56.1821,164.0881,0
us7000455l,2019-06-26 05:23:51.514000+00:00,6.2,32.58,8.4612,-82.754,0
us700045vh,2019-06-27 11:04:56.341000+00:00,6.3,10.0,-30.3961,-179.182,0
us700046la,2019-06-28 15:51:31.302000+00:00,6.4,410.0,19.8515,144.3477,0
us70004840,2019-07-01 17:13:28.400000+00:00,6.0,91.0,-15.4403,167.531,0
us700049sf,2019-07-04 04:30:44.424000+00:00,6.2,10.0,51.2369,-130.5005,0
ci38443183,2019-07-04 17:33:49+00:00,6.4,10.5,35.7053333,-117.5038333,0
ci38457511,2019-07-06 03:19:53.040000+00:00,7.1,8.0,35.7695,-117.5993333,0
us70004dz3,2019-07-07 15:08:40.525000+00:00,6.9,35.0,0.5126,126.1892,0
us70004icj,2019-07-11 17:08:37.977000+00:00,6.0,495.17,-4.6408,155.2241,0
us70004jea,2019-07-13 00:57:44.339000+00:00,6.1,251.0,29.3533,128.1534,0
us70004jxe,2019-07-14 05:39:23.420000+00:00,6.6,10.0,-18.2242,120.3584,0
us70004jyv,2019-07-14 09:10:51.523000+00:00,7.2,18.98,-0.5858,128.034,0
us70004kfs,2019-07-15 08:21:34.171000+00:00,6.3,42.0,-5.9707,149.4881,0
us70004r4f,2019-07-23 10:33:24.050000+00:00,6.0,10.0,-61.2867,154.1145,0
us60004w8x,2019-07-26 23:37:58.444000+00:00,6.0,9.0,20.8373,121.9744,0
us60004wjb,2019-07-27 18:31:07.540000+00:00,6.3,367.0,33.1492,137.3029,0
us60004xz4,2019-07-31 15:02:33.853000+00:00,6.6,181.0,-16.1985,167.9982,0
us60004yps,2019-08-01 18:28:07.270000+00:00,6.8,25.0,-34.2364,-72.3102,0
us60004z9n,2019-08-02 05:50:55.239000+00:00,6.0,10.0,-49.7307,-113.8331,0
us60004zhq,2019-08-02 12:03:27.001000+00:00,6.9,49.0,-7.2822,104.7907,0
us600050if,2019-08-04 10:23:03.726000+00:00,6.3,38.0,37.7594,141.6031,0
us600057ee,2019-08-20 13:03:52.633000+00:00,6.0,37.0,-11.3683,166.2912,0
us600057xt,2019-08-21 14:28:25.652000+00:00,6.0,10.0,-50.3302,139.324,0
us700057v4,2019-08-24 15:51:27.119000+00:00,6.0,115.0,-14.309,167.1897,0
us700058yy,2019-08-27 23:55:19.187000+00:00,6.6,16.0,-60.2152,-26.5801,0
us700059qh,2019-08-29 15:07:58.646000+00:00,6.3,10.0,43.5425,-127.8817,0
us70005axg,2019-09-01 15:54:20.392000+00:00,6.6,591.0,-20.3641,-178.5701,0
us60005kta,2019-09-19 07:06:33.291000+00:00,6.1,610.0,-6.0708,111.8422,0
pr2019267000,2019-09-24 03:23:40+00:00,6.0,10.0,19.077,-67.2701,0
us60005n52,2019-09-24 21:19:47.423000+00:00,6.0,10.0,-33.8212,56.2997,0
us70005lfd,2019-09-25 23:46:43.543000+00:00,6.5,12.26,-3.4528,128.3699,0
us70005lt4,2019-09-26 16:36:18.155000+00:00,6.1,129.0,-40.8145,-71.9993,0
us70005mea,2019-09-27 12:05:02.549000+00:00,6.1,34.0,-30.1733,-177.8625,0
us70005nbb,2019-09-29 02:02:51.883000+00:00,6.2,73.0,5.6756,126.5481,0
us70005nie,2019-09-29 15:57:53.236000+00:00,6.7,11.0,-35.4758,-73.163,0
us70005p73,2019-10-01 03:56:07.115000+00:00,6.0,10.0,-55.9278,-122.5586,0
us70005ulm,2019-10-16 11:37:06.342000+00:00,6.4,16.12,6.7147,125.007,0
us70005wj6,2019-10-21 02:52:29.674000+00:00,6.4,231.0,-19.0184,169.4883,0
us70005xr7,2019-10-23 16:08:14.497000+00:00,6.3,10.0,-1.0987,-13.8367,0
us6000645n,2019-10-29 01:04:43.879000+00:00,6.6,15.0,6.7567,125.0082,0
us700061e9,2019-10-31 01:11:19.146000+00:00,6.5,10.0,6.9098,125.1782,0
us700062cg,2019-11-02 18:08:41.113000+00:00,6.1,8.0,-55.735,-26.2399,0
us70006345,2019-11-04 21:53:25.320000+00:00,6.1,53.0,-31.8362,-71.3753,0
us7000635e,2019-11-04 22:43:32.280000+00:00,6.6,10.0,-18.5747,-175.272,0
us700063mh,2019-11-05 20:52:01.485000+00:00,6.3,10.0,-57.9236,-9.3217,0
us700063rx,2019-11-05 23:17:26.588000+00:00,6.0,19.0,-13.7988,167.7494,0
us700063sp,2019-11-06 00:39:09.303000+00:00,6.0,10.0,-13.7208,167.8086,0
us6000693m,2019-11-08 10:44:44.338000+00:00,6.5,577.0,-21.9449,-179.5113,0
us60006adv,2019-11-11 23:03:28.119000+00:00,6.2,10.0,-18.8625,-175.3675,0
us60006bjl,2019-11-14 16:17:40.578000+00:00,7.1,33.0,1.6213,126.4156,1
us60006bpw,2019-11-14 21:12:54.753000+00:00,6.0,23.0,1.5361,126.4161,0
us70006a6q,2019-11-20 04:27:05.252000+00:00,6.3,15.0,13.8859,-93.2068,0
us70006a9e,2019-11-20 08:26:08.017000+00:00,6.3,496.0,53.128,153.6799,0
us70006ara,2019-11-20 23:50:43.955000+00:00,6.2,10.0,19.4533,101.3558,0
us70006c6w,2019-11-23 12:11:15.564000+00:00,6.2,5.0,1.6436,132.8148,0
us70006cb6,2019-11-24 00:54:01.053000+00:00,6.3,20.0,51.3808,-175.5115,0
us70006d0m,2019-11-26 02:54:12.872000+00:00,6.4,22.0,41.5138,19.5256,0
us70006dlt,2019-11-27 07:23:42.383000+00:00,6.0,69.0,35.7174,23.2284,0
us70006f6d,2019-12-02 05:01:54.821000+00:00,6.0,28.0,51.1867,-178.1001,0
us70006fh7,2019-12-03 08:46:35.780000+00:00,6.0,38.0,-18.5042,-70.576,0
us60006m2j,2019-12-04 20:10:03.595000+00:00,6.0,266.0,-19.0677,169.5748,0
us60006n19,2019-12-06 13:04:46.540000+00:00,6.0,10.0,-15.2594,-175.1035,0
us60006rem,2019-12-14 04:57:34.937000+00:00,6.0,7.51,-14.3628,167.7089,0
us60006rp9,2019-12-15 06:11:51.155000+00:00,6.8,18.0,6.6969,125.1739,0
us70006p18,2019-12-20 11:39:52.874000+00:00,6.1,212.0,36.5374,70.4555,0
us70006q8n,2019-12-23 19:49:43.086000+00:00,6.0,10.0,50.6071,-129.9372,0
us70006q96,2019-12-23 20:56:23.555000+00:00,6.0,10.0,50.5169,-129.7573,0
us70006qk4,2019-12-24 16:43:33.420000+00:00,6.0,572.44,-26.964,-63.3857,0
us70006qnn,2019-12-24 19:03:52.492000+00:00,6.0,11.0,3.5359,-74.0176,0
us70006qt7,2019-12-25 03:36:01.626000+00:00,6.3,6.58,50.6106,-129.963,0
us70006r1g,2019-12-25 20:20:12.751000+00:00,6.1,10.0,-25.2226,-115.8438,0
us70006vkq,2020-01-07 06:05:19.759000+00:00,6.3,17.0,2.3481,96.3575,0
pr2020007007,2020-01-07 08:24:27.370000+00:00,6.4,6.0,17.9578,-66.8113,1
us70006vvr,2020-01-07 19:11:35.665000+00:00,6.0,117.0,-5.2046,151.2659,0
us70006wuf,2020-01-09 08:38:08.278000+00:00,6.4,10.0,62.358,171.0611,0
us60007a3h,2020-01-18 16:38:14.301000+00:00,6.0,44.0,-2.8405,139.3363,0
us60007anp,2020-01-19 13:27:56.630000+00:00,6.0,5.55,39.8353,77.1084,0
us60007arp,2020-01-19 16:58:20.002000+00:00,6.1,121.72,-0.1042,123.8025,0
us60007b5x,2020-01-20 06:51:37.818000+00:00,6.1,93.0,-59.2277,-26.282,0
us60007djn,2020-01-23 05:53:02.618000+00:00,6.2,10.0,51.9836,-177.855,0
us60007ewc,2020-01-24 17:55:14.147000+00:00,6.7,10.0,38.4312,39.0609,0
us60007g8m,2020-01-26 06:31:55.398000+00:00,6.1,17.0,51.1338,-179.8892,0
us60007gyx,2020-01-27 05:02:01.704000+00:00,6.3,21.0,-10.0929,161.0606,0
us60007idc,2020-01-28 19:10:24.918000+00:00,7.7,14.86,19.4193,-78.756,1
us60007iig,2020-01-28 21:55:16.450000+00:00,6.1,10.0,18.9457,-80.7411,0
us60007j2w,2020-01-29 13:49:49.744000+00:00,6.0,85.0,-10.418,161.2756,0
us70007j6z,2020-02-05 18:12:37.734000+00:00,6.2,592.42,-6.0817,113.0778,0
us70007jwn,2020-02-06 13:40:05.791000+00:00,6.0,19.0,5.4543,126.5692,0
us70007lik,2020-02-08 14:32:58.625000+00:00,6.0,16.0,-59.9212,-25.5526,0
us70007lwy,2020-02-09 06:04:29.967000+00:00,6.1,34.0,-5.4925,152.1522,0
us70007pa9,2020-02-13 10:33:44.406000+00:00,7.0,143.0,45.6161,148.959,0
us70007v9g,2020-02-23 16:00:31.626000+00:00,6.0,10.0,38.4958,44.3732,0
us600084gu,2020-02-26 07:33:12.952000+00:00,6.0,54.0,-7.4887,131.1196,0
us60008ay3,2020-03-06 10:28:42.029000+00:00,6.0,10.0,-31.368,58.3242,0
us60008fl8,2020-03-14 10:01:17.118000+00:00,6.4,11.0,-27.367,-175.6102,0
us60008h76,2020-03-17 16:06:22.370000+00:00,6.0,10.0,-16.0252,-172.1911,0
us60008hkg,2020-03-18 03:13:45.742000+00:00,6.1,176.0,-13.1364,167.0277,0
us60008hzl,2020-03-18 17:45:39.299000+00:00,6.2,20.68,-11.0521,115.1378,0
us70008e91,2020-03-22 22:38:04.810000+00:00,6.1,10.0,-4.6744,-104.9519,0
us70008fi4,2020-03-25 02:49:21.160000+00:00,7.5,57.8,48.9638,157.6955,1
us70008ghw,2020-03-26 15:38:04.089000+00:00,6.1,59.0,5.5669,125.0521,0
us70008jr5,2020-03-31 23:52:30.781000+00:00,6.5,12.06,44.4646,-115.1175,0
us70008peg,2020-04-05 18:37:10.876000+00:00,6.0,42.0,1.395,126.4381,0
us70008um8,2020-04-12 06:57:47.541000+00:00,6.1,10.0,-36.9558,77.393,0
us70008vsp,2020-04-14 01:06:47.913000+00:00,6.0,31.0,-30.3889,-176.3478,0
us70008xeb,2020-04-16 08:04:37.829000+00:00,6.1,12.0,16.9591,-85.6851,0
us70008z89,2020-04-18 08:25:37.052000+00:00,6.6,453.0,27.1264,140.1349,0
us7000903m,2020-04-19 20:39:05.639000+00:00,6.3,38.0,38.8953,142.0049,0
us60009c06,2020-04-25 02:53:06.698000+00:00,6.1,19.0,-6.5337,154.2347,0
us700098qd,2020-05-02 12:51:05.561000+00:00,6.5,10.0,34.1818,25.7101,1
us70009b14,2020-05-06 13:53:55.940000+00:00,6.8,96.0,-6.7761,129.7852,0
us70009bn4,2020-05-07 11:21:20.152000+00:00,6.1,471.17,-4.4643,154.741,0
us70009f12,2020-05-12 22:41:12.177000+00:00,6.6,107.0,-12.0665,166.6485,0
nn00725272,2020-05-15 11:03:27.176000+00:00,6.5,2.7,38.1689,-117.8497,0
us70009n5p,2020-05-22 08:46:06.973000+00:00,6.1,10.0,22.4152,-108.1275,0
us60009zv5,2020-05-27 07:09:09.853000+00:00,6.2,9.73,-17.5304,167.8743,0
us6000a0um,2020-05-28 07:18:45.146000+00:00,6.0,10.0,-22.2146,-174.4196,0
us6000a316,2020-05-31 05:09:38.593000+00:00,6.1,186.0,-15.3256,-70.7731,0
us6000a4yi,2020-06-03 07:35:36.466000+00:00,6.8,112.0,-23.274,-68.4677,0
us6000a532,2020-06-03 09:31:35.257000+00:00,6.0,69.85,-24.6746,-176.7113,0
us6000a5r3,2020-06-04 08:49:40.397000+00:00,6.4,112.86,2.911,128.248,0
us6000a9ik,2020-06-10 19:58:50.008000+00:00,6.0,10.0,-15.8069,-13.0363,0
us6000abcq,2020-06-13 15:51:24.069000+00:00,6.6,165.0,28.8591,128.2713,0
us6000abgq,2020-06-13 21:08:30.503000+00:00,6.2,622.0,18.9317,145.1116,0
us6000ae4n,2020-06-18 12:49:53.844000+00:00,7.4,10.0,-33.2927,-177.8571,1
us6000ag18,2020-06-21 19:07:54.833000+00:00,6.0,10.0,66.381,-18.707,0
us6000ah1z,2020-06-23 07:43:29.219000+00:00,6.0,109.0,0.0368,123.7866,0
us6000ah9t,2020-06-23 15:29:04.350000+00:00,7.4,20.0,15.8861,-96.0077,1
us7000abmk,2020-06-25 21:05:18.140000+00:00,6.3,10.0,35.5948,82.4158,0
us7000aixy,2020-07-06 18:16:18.418000+00:00,6.2,10.0,12.0809,140.2476,0
us7000aj3w,2020-07-06 22:54:47.538000+00:00,6.6,533.76,-5.6023,110.6893,0
us7000aq3e,2020-07-17 02:50:22.178000+00:00,7.0,73.0,-7.836,147.7704,0
us7000aqaw,2020-07-17 14:03:40.437000+00:00,6.1,10.0,11.8485,94.9362,0
us7000aqwd,2020-07-18 15:32:36.835000+00:00,6.1,12.0,-15.2553,-172.694,0
us7000asms,2020-07-21 20:56:25.167000+00:00,6.0,605.2,-20.8045,-178.6325,0
us7000asvb,2020-07-22 06:12:44.810000+00:00,7.8,28.0,55.0715,-158.596,1
us7000asx4,2020-07-22 06:16:18.627000+00:00,6.1,16.53,54.969,-159.0413,0
us6000b26j,2020-07-22 20:07:19.194000+00:00,6.3,10.0,33.1438,86.8637,0
us6000b46r,2020-07-26 00:53:59.061000+00:00,6.4,10.0,-60.7833,-25.413,0
us6000b56k,2020-07-28 08:03:43.215000+00:00,6.1,35.15,54.7905,-161.2041,0
us6000b80p,2020-08-01 17:09:01.952000+00:00,6.4,483.0,7.2932,124.1331,0
us6000b84f,2020-08-01 19:22:05.163000+00:00,6.1,10.0,-3.1951,148.6496,0
us6000b9mv,2020-08-05 12:05:36.589000+00:00,6.4,181.88,-16.0944,168.065,0
us6000badi,2020-08-06 23:36:44.553000+00:00,6.3,10.0,-41.6794,42.4486,0
us6000bdg8,2020-08-12 17:13:16.180000+00:00,6.0,17.55,-7.3327,39.8126,0
us6000bgbr,2020-08-18 00:03:48.566000+00:00,6.6,10.0,12.0257,124.1272,0
us6000bgvl,2020-08-18 22:23:59.497000+00:00,6.8,22.0,-4.3217,101.1347,0
us6000bgvu,2020-08-18 22:29:24.731000+00:00,6.9,26.0,-4.2069,101.2411,0
us6000bi4p,2020-08-21 04:09:51.930000+00:00,6.9,624.0,-6.71,123.4649,0
us7000bcbv,2020-08-24 21:51:09.259000+00:00,6.0,20.0,9.5785,-84.6376,0
us7000bctq,2020-08-25 19:02:58.437000+00:00,6.0,23.0,-5.5579,151.8638,0
us7000bcty,2020-08-25 19:08:52.908000+00:00,6.2,22.0,-5.5454,151.8365,0
us7000bf3k,2020-08-30 21:20:29.757000+00:00,6.5,10.0,0.7821,-29.8656,0
us7000bfbx,2020-08-31 17:24:04.946000+00:00,6.1,10.0,-4.0158,70.1973,0
us7000bfjr,2020-09-01 04:09:28.470000+00:00,6.8,21.0,-27.9686,-71.3062,0
us7000bfjx,2020-09-01 04:30:02.173000+00:00,6.3,16.18,-28.0315,-71.2662,0
us7000bg4v,2020-09-01 21:09:17.852000+00:00,6.5,16.0,-27.9162,-71.3701,0
us7000biqb,2020-09-06 01:16:58.935000+00:00,6.3,30.0,-30.3388,-71.4912,0
us7000birm,2020-09-06 02:59:16.073000+00:00,6.2,10.0,-17.1562,167.5321,0
us7000biu8,2020-09-06 06:51:18.470000+00:00,6.7,10.0,7.6829,-37.1544,0
us7000biyd,2020-09-06 15:23:43.148000+00:00,6.3,120.0,6.2693,125.8285,0
us7000bj6y,2020-09-07 06:12:39.688000+00:00,6.2,10.0,-17.1102,168.5034,0
us7000blm2,2020-09-11 07:35:57.187000+00:00,6.2,51.0,-21.3968,-69.9096,0
us7000bm9m,2020-09-12 02:44:11.224000+00:00,6.1,34.0,38.7482,142.2446,0
us7000bnd1,2020-09-15 03:41:28.036000+00:00,6.4,344.0,55.9733,158.3783,0
us7000bq10,2020-09-18 21:43:59.027000+00:00,6.9,10.0,0.9298,-26.8533,0
us6000c1np,2020-09-26 17:10:22.462000+00:00,6.1,10.0,-48.0249,31.7404,0
us6000c3kz,2020-10-01 01:13:36.524000+00:00,6.4,28.0,-19.5385,-174.1217,0
us6000c3td,2020-10-01 10:34:45.149000+00:00,6.1,74.0,-5.9961,148.6656,0
us6000c6mu,2020-10-08 07:35:32.524000+00:00,6.3,106.0,-6.0942,146.1738,0
us6000c9hg,2020-10-19 20:54:38.950000+00:00,7.6,28.37,54.602,-159.6258,1
us6000cbx8,2020-10-23 07:04:30.940000+00:00,6.1,454.0,-25.634,-179.9621,0
us7000c7y0,2020-10-30 11:51:27.348000+00:00,7.0,21.0,37.8973,26.7838,1
us7000c9jz,2020-11-03 02:40:54.919000+00:00,6.0,10.0,-44.4111,-79.375,0
us7000cbr2,2020-11-07 09:27:05.498000+00:00,6.2,34.0,-15.2458,-173.5276,0
us7000cd6e,2020-11-11 00:48:44.122000+00:00,6.0,417.0,-19.7177,-177.561,0
us7000cfes,2020-11-15 22:37:43.690000+00:00,6.0,43.0,8.7572,126.2914,0
us7000cfxq,2020-11-17 01:44:11.421000+00:00,6.0,19.0,-2.6706,99.3227,0
us6000crcq,2020-11-22 00:54:56.794000+00:00,6.1,22.0,-34.5978,-73.0596,0
us7000clbu,2020-11-30 22:54:34.601000+00:00,6.4,589.0,48.2521,140.7971,0
us7000clbs,2020-11-30 22:55:03.914000+00:00,6.3,189.0,-24.3221,-67.0048,0
us7000clnv,2020-12-01 16:22:39.923000+00:00,6.4,23.0,52.7551,-168.2401,0
us7000clt8,2020-12-01 20:52:57.066000+00:00,6.0,10.0,-61.9496,154.7341,0
us7000cnnz,2020-12-06 16:47:42.643000+00:00,6.1,105.0,-20.3947,-69.0609,0
us7000cpqz,2020-12-10 13:19:58.682000+00:00,6.1,71.0,24.7818,122.0243,0
us7000cqyz,2020-12-14 15:20:49.542000+00:00,6.0,114.0,-21.8063,-68.7079,0
us7000crdx,2020-12-15 23:21:57.807000+00:00,6.1,14.0,5.1789,125.4212,0
us7000csqe,2020-12-20 17:23:22.668000+00:00,6.3,35.0,40.8667,142.5814,0
us6000d29t,2020-12-23 18:11:47.762000+00:00,6.1,11.0,6.2544,133.6362,0
us6000d2ra,2020-12-24 23:43:41.964000+00:00,6.3,109.0,13.82,120.6539,0
us6000d3i9,2020-12-27 21:39:14.770000+00:00,6.7,10.0,-39.3398,-74.9849,1
us6000d3zh,2020-12-29 11:19:54.762000+00:00,6.4,10.0,45.4244,16.2573,0
us6000d58t,2021-01-03 12:38:48.915000+00:00,6.1,21.0,51.2199,-179.793,0
us6000d5zz,2021-01-06 06:20:35.947000+00:00,6.2,38.49,-28.6357,-177.2713,0
us6000d69r,2021-01-06 20:59:34.315000+00:00,6.1,148.0,0.0658,122.9487,0
us6000d6lg,2021-01-08 00:28:50.091000+00:00,6.3,224.0,-29.4295,-178.744,0
us6000d6my,2021-01-08 05:01:04.246000+00:00,6.1,113.0,-20.7367,169.8821,0
us6000d74p,2021-01-10 03:54:14.483000+00:00,6.1,217.0,-24.0412,-66.5729,0
us6000d764,2021-01-10 06:48:20.094000+00:00,6.1,160.0,-16.0347,167.8826,0
us6000d7ix,2021-01-11 21:32:59.015000+00:00,6.7,10.0,51.2811,100.4383,0
us7000d030,2021-01-14 18:28:18.093000+00:00,6.2,18.0,-2.9717,118.8899,0
us7000d18q,2021-01-19 02:46:22.380000+00:00,6.4,20.81,-31.8334,-68.7992,0
us7000d20e,2021-01-21 12:23:04.255000+00:00,7.0,80.0,4.9931,127.5145,0
us7000d2rx,2021-01-23 23:36:51.667000+00:00,6.9,15.0,-61.8098,-55.5027,1
us6000de34,2021-02-03 05:23:43.520000+00:00,6.7,10.0,-36.2797,-97.8,0
us6000df9r,2021-02-07 04:22:56.667000+00:00,6.0,16.0,6.7693,125.1011,0
us6000dfad,2021-02-07 05:45:51.377000+00:00,6.3,10.0,-3.3226,146.1444,0
us6000dg6u,2021-02-10 12:24:21.500000+00:00,6.1,11.0,-22.8327,171.6556,0
us6000dg70,2021-02-10 12:52:27.224000+00:00,6.3,10.0,-5.6856,101.6495,0
us6000dg72,2021-02-10 13:01:59.145000+00:00,6.1,10.0,-22.7415,171.6432,0
us6000dg77,2021-02-10 13:19:55.530000+00:00,7.7,10.0,-23.0511,171.6566,1
us6000dgb4,2021-02-10 16:35:22.999000+00:00,6.1,11.69,-22.8106,171.173,0
us6000dgc7,2021-02-10 18:36:41.957000+00:00,6.1,14.0,-22.7173,171.213,0
us6000dge5,2021-02-10 21:24:00.831000+00:00,6.3,12.0,-23.1911,171.5827,0
us6000dgkr,2021-02-11 06:52:28.131000+00:00,6.0,10.56,-23.3358,171.8122,0
us6000dher,2021-02-13 14:07:49.797000+00:00,7.1,43.98,37.7265,141.7751,1
us6000dhxn,2021-02-16 00:49:25.141000+00:00,6.2,13.0,-17.8292,167.5413,0
us6000dii3,2021-02-17 22:49:38.110000+00:00,6.1,12.0,-23.1842,171.7786,0
us6000dila,2021-02-18 06:37:30.717000+00:00,6.2,14.0,-18.9515,168.0675,0
us6000dip3,2021-02-18 15:30:47.991000+00:00,6.1,3.7,-14.8373,-176.7574,0
us7000df40,2021-03-03 10:16:09.755000+00:00,6.3,8.0,39.7546,22.1757,0
us7000dffl,2021-03-04 13:27:34.647000+00:00,7.3,10.0,-37.4787,179.4576,1
us7000dfhs,2021-03-04 16:53:11.135000+00:00,6.1,173.35,-14.4334,167.3326,0
us7000dfk3,2021-03-04 17:41:23.370000+00:00,7.4,43.0,-29.6768,-177.8398,1
us7000dflf,2021-03-04 19:28:33.178000+00:00,8.1,28.93,-29.7228,-177.2794,1
us7000dfmf,2021-03-04 20:25:06.406000+00:00,6.1,10.0,-28.3867,-176.6895,0
us7000dfq2,2021-03-04 23:12:59.962000+00:00,6.5,24.0,-28.5168,-176.6801,0
us7000dft1,2021-03-05 02:30:36.279000+00:00,6.3,17.0,-28.749,-176.5578,0
us7000dfwe,2021-03-05 08:13:41.003000+00:00,6.0,15.0,-29.5019,-176.1259,0
us7000dfz4,2021-03-05 14:24:52.718000+00:00,6.2,14.0,-28.8983,-176.6099,0
us7000dg8x,2021-03-06 00:16:22.227000+00:00,6.3,13.0,-37.5763,179.5947,0
us7000dgdc,2021-03-06 07:16:29.302000+00:00,6.1,10.0,-28.6263,-177.0009,0
us7000dggf,2021-03-06 10:34:47.134000+00:00,6.2,10.0,-28.4217,-177.7664,0
us7000dgh7,2021-03-06 12:05:23.693000+00:00,6.2,15.0,-28.3565,-177.8739,0
us7000dgi0,2021-03-06 13:12:05.498000+00:00,6.1,10.0,-28.2896,-177.6283,0
us7000dj9v,2021-03-14 12:05:13.433000+00:00,6.0,10.0,-59.8709,-29.4818,0
us7000djz6,2021-03-16 18:38:21.233000+00:00,6.6,13.23,54.7368,163.1803,0
us7000dker,2021-03-18 00:04:06.698000+00:00,6.0,8.0,36.9206,5.2014,1
us7000dl5j,2021-03-20 05:19:31.864000+00:00,6.0,10.0,-59.618,150.3275,0
us7000dl6y,2021-03-20 09:09:43.966000+00:00,7.0,43.0,38.4515,141.6477,0
us6000dy64,2021-04-01 09:56:37.651000+00:00,6.4,20.0,-29.961,-177.6758,0
us6000dy9x,2021-04-01 15:11:18.213000+00:00,6.0,595.0,-21.8006,-179.3796,0
us6000dynd,2021-04-03 01:16:39.455000+00:00,6.6,10.0,-58.0139,-7.843,0
us6000dz3c,2021-04-05 07:37:52.938000+00:00,6.1,24.0,-37.46,179.6324,0
us6000dzlv,2021-04-07 09:53:29.653000+00:00,6.1,18.0,-29.0489,-176.6124,0
us6000e0iy,2021-04-10 07:00:15.485000+00:00,6.0,67.0,-8.5707,112.5054,0
us6000e0k5,2021-04-10 09:30:43.306000+00:00,6.1,300.0,4.1322,124.6443,0
us6000e0lk,2021-04-10 11:38:31.524000+00:00,6.0,9.0,-3.444,145.7329,0
us6000e30x,2021-04-19 23:58:22.503000+00:00,6.1,9.0,0.1831,96.5601,0
us6000e47c,2021-04-24 00:23:38.164000+00:00,6.5,301.0,-18.9036,-176.2702,0
us6000e4rl,2021-04-25 22:28:02.196000+00:00,6.5,246.0,-21.6097,-177.1526,0
us7000dxsy,2021-04-27 08:05:31.717000+00:00,6.1,10.0,-3.407,145.5171,0
us7000dy3b,2021-04-28 02:21:26.212000+00:00,6.0,34.0,26.7813,92.4565,0
us7000dygd,2021-04-29 06:50:26.915000+00:00,6.1,10.0,-29.339,-176.3205,0
us7000dz5t,2021-05-01 01:27:27.215000+00:00,6.9,43.0,38.1997,141.5973,0
us7000e13b,2021-05-07 15:21:13.760000+00:00,6.1,10.0,-54.4135,144.2159,0
us7000e175,2021-05-07 23:35:14.938000+00:00,6.1,384.0,-18.7443,-177.5658,0
us7000e2c6,2021-05-12 08:45:44.539000+00:00,6.0,22.0,13.2742,-90.2266,0
us7000e2ec,2021-05-12 14:05:15.667000+00:00,6.7,10.0,-17.3874,66.3135,0
us7000e2rq,2021-05-13 09:42:12.044000+00:00,6.1,10.0,6.7137,-82.4146,0
us7000e2xd,2021-05-13 23:58:14.041000+00:00,6.0,32.0,37.7169,141.8167,0
us7000e2zt,2021-05-14 06:33:07.879000+00:00,6.7,11.0,0.1364,96.6442,0
us7000e4aw,2021-05-19 00:42:19.688000+00:00,6.7,10.0,-33.0647,-109.3943,0
us7000e532,2021-05-21 13:48:37.193000+00:00,6.1,9.0,25.7274,100.0082,0
us7000e54r,2021-05-21 18:04:13.565000+00:00,7.3,10.0,34.5983,98.2513,0
us7000e579,2021-05-21 22:13:18.379000+00:00,6.5,10.0,-16.6009,-177.3725,0
ak0216xu2rod,2021-05-31 06:59:55.581000+00:00,6.1,44.0,62.4492,-148.2512,0
us7000e9bi,2021-06-03 10:09:58.295000+00:00,6.2,26.0,0.3165,126.2911,0
us7000eeq4,2021-06-20 17:05:50.681000+00:00,6.5,25.0,-30.2162,-177.8449,0
us7000eicj,2021-07-02 20:14:37.663000+00:00,6.1,599.56,-21.8116,-179.416,0
us7000eijt,2021-07-04 01:29:15.977000+00:00,6.0,22.0,-28.7361,-71.4818,0
nc73584926,2021-07-08 22:49:48.110000+00:00,6.0,7.45,38.5075,-119.4998333,0
us6000etxj,2021-07-10 00:43:55.986000+00:00,6.1,44.33,2.9494,126.4984,0
us7000emzy,2021-07-17 20:56:10.107000+00:00,6.1,4.07,6.8258,-82.6774,0
us6000exmx,2021-07-21 14:26:00.341000+00:00,6.0,8.37,-3.2314,146.7999,0
us6000exs5,2021-07-21 21:15:12.269000+00:00,6.7,10.0,7.3926,-82.779,0
us6000eyfk,2021-07-23 20:48:57.357000+00:00,6.7,110.0,13.7047,120.7259,0
us6000eynb,2021-07-24 12:51:28.422000+00:00,6.1,10.0,-29.9271,-176.8643,0
us6000ez5x,2021-07-26 12:09:06.655000+00:00,6.3,11.0,-0.7679,121.9083,0
ak0219neiszm,2021-07-29 06:15:49.188000+00:00,8.2,35.0,55.3635,-157.8876,1
us6000f0qr,2021-07-30 17:10:19.554000+00:00,6.2,34.0,-4.9149,-80.6156,0
us6000f1ea,2021-08-02 05:01:19.974000+00:00,6.0,10.0,-4.499,133.958,0
us6000f1r4,2021-08-03 03:42:38.345000+00:00,6.1,10.0,8.8809,94.0192,0
us6000f48v,2021-08-11 17:46:13.143000+00:00,7.1,55.14,6.4748,126.7151,1
us6000f4ly,2021-08-12 18:32:52.464000+00:00,7.5,47.23,-57.5674,-25.0316,0
us6000f53e,2021-08-12 18:35:17.231000+00:00,8.1,22.79,-58.3753,-25.2637,1
us6000f8yd,2021-08-12 18:36:59.727000+00:00,6.7,35.0,-59.9811,-26.4306,0
us6000f8yj,2021-08-12 18:41:22.560000+00:00,6.1,35.0,-60.3568,-26.7611,0
us6000f4pg,2021-08-12 19:43:45.969000+00:00,6.0,35.0,-59.8436,-26.4514,0
us6000f5h2,2021-08-13 10:34:28.283000+00:00,6.1,10.0,-60.5354,-27.2495,0
us6000f652,2021-08-14 11:57:43.447000+00:00,6.9,20.74,55.1767,-157.6441,0
us6000f65h,2021-08-14 12:29:08.454000+00:00,7.2,10.0,18.4335,-73.4822,1
us6000f6wt,2021-08-16 11:10:36.583000+00:00,6.9,16.7,-58.3686,-23.3552,0
us6000f7ks,2021-08-17 17:53:26.775000+00:00,6.1,32.62,-58.0256,-25.4158,0
us6000f7vg,2021-08-18 10:10:05.238000+00:00,6.9,93.0,-14.8818,167.0585,0
us6000f843,2021-08-18 21:49:55.690000+00:00,6.0,28.0,-59.6344,-26.3481,0
us6000f9gd,2021-08-22 00:45:07.917000+00:00,6.6,7.0,-60.1401,-24.221,0
us6000f9sq,2021-08-22 21:33:18.983000+00:00,7.1,6.0,-60.2845,-24.8743,0
us7000f2ws,2021-08-24 05:37:51.853000+00:00,6.0,35.0,48.8647,154.9113,0
us7000f60j,2021-08-31 02:52:50.513000+00:00,6.4,16.0,-29.9211,-177.3798,0
us7000f8tc,2021-09-07 09:49:56.991000+00:00,6.0,10.0,-19.3855,-176.0683,0
us7000f93v,2021-09-08 01:47:47.437000+00:00,7.0,20.0,16.9465,-99.753,1
us7000fap8,2021-09-13 05:18:14.639000+00:00,6.2,205.0,-23.7629,-67.0129,0
us7000fczf,2021-09-20 20:25:26.525000+00:00,6.1,35.0,46.3926,152.4879,0
us7000fd4k,2021-09-21 13:14:32.025000+00:00,6.4,18.8,-36.7771,-73.9329,0
us7000fdds,2021-09-22 09:57:07.023000+00:00,6.5,21.0,12.1396,-87.8647,0
us7000fe1w,2021-09-24 11:52:28.163000+00:00,6.1,18.0,51.0829,-179.0153,0
us7000fes8,2021-09-27 06:17:21.478000+00:00,6.0,6.0,35.244,25.2697,0
us6000fq2d,2021-09-29 08:37:05.619000+00:00,6.1,364.0,38.8893,135.4527,0
us6000fr0b,2021-10-02 06:29:17.897000+00:00,7.3,527.0,-21.1265,174.8958,0
us6000fr5t,2021-10-02 20:43:39.504000+00:00,6.0,10.0,-9.1778,67.2614,0
us6000frfw,2021-10-04 03:54:06.823000+00:00,6.2,10.0,-60.4157,-27.5186,0
us6000ft9g,2021-10-09 10:58:31.956000+00:00,6.9,535.0,-21.1889,174.5221,0
hv72748782,2021-10-10 21:48:36.560000+00:00,6.21,35.06,18.820333333333,-155.52716666667,0
ak021d1u1nos,2021-10-11 09:10:25.147000+00:00,6.9,51.6,56.2954,-156.581,0
us6000ftxu,2021-10-12 09:24:05.099000+00:00,6.4,20.0,35.1691,26.2152,0
us6000furk,2021-10-15 02:44:59.320000+00:00,6.4,33.0,-8.8783,158.4642,0
us6000fvkf,2021-10-18 07:26:51.639000+00:00,6.2,93.0,-13.69,167.0396,0
us6000fwd5,2021-10-21 08:10:43.027000+00:00,6.1,487.0,-25.316,179.604,0
us6000fx56,2021-10-24 05:11:34.230000+00:00,6.2,69.0,24.5108,121.8314,0
us7000fqcg,2021-11-01 00:02:48.965000+00:00,6.0,22.0,-58.0284,-25.2678,0
us7000fqjc,2021-11-01 17:04:16.557000+00:00,6.0,8.0,0.2081,96.709,0
us7000fs08,2021-11-06 14:37:36.731000+00:00,6.0,34.0,-0.0451,124.2812,0
us7000fskw,2021-11-09 06:25:14.907000+00:00,6.3,20.0,11.2198,-86.5255,0
us7000fszl,2021-11-10 15:45:13.652000+00:00,6.6,12.0,23.5935,126.4474,0
us7000ft0f,2021-11-10 17:46:40.379000+00:00,6.0,10.0,-4.3244,134.1805,0
us7000fu0x,2021-11-14 12:07:03.595000+00:00,6.0,9.0,27.7158,56.0743,0
us7000fu12,2021-11-14 12:08:38.812000+00:00,6.4,10.0,27.7266,56.0716,0
us7000fu61,2021-11-15 04:23:30.468000+00:00,6.0,10.0,-37.5124,51.2613,0
us7000fv37,2021-11-18 14:08:04.800000+00:00,6.2,34.0,-5.3122,153.7074,0
us7000fwzz,2021-11-25 12:04:05.721000+00:00,6.1,10.0,-10.7451,166.5074,0
us7000fx45,2021-11-25 23:45:41.752000+00:00,6.2,43.0,22.8232,93.5061,0
us7000fxq2,2021-11-28 10:52:14.579000+00:00,7.5,126.0,-4.4667,-76.8126,0
us7000fxyq,2021-11-29 12:40:44.400000+00:00,6.3,11.0,31.196,142.5026,0
us6000g7v8,2021-11-30 10:36:18.077000+00:00,6.3,10.0,-3.5226,151.1847,0
us6000g8te,2021-11-30 10:37:35.539000+00:00,6.1,10.0,-3.6249,151.3524,0
us6000g8md,2021-12-03 04:40:05.063000+00:00,6.1,10.0,-28.4823,-112.0255,0
us6000g8nd,2021-12-03 08:33:38.512000+00:00,6.0,7.03,-60.4652,-27.1401,0
us6000g944,2021-12-04 23:47:55.581000+00:00,6.0,149.0,4.0932,128.1359,0
us6000gaq5,2021-12-09 02:05:07.684000+00:00,6.0,7.0,29.4132,129.3846,0
us6000gbls,2021-12-12 08:58:07.352000+00:00,6.6,10.0,-60.7956,154.1393,0
us6000gc2a,2021-12-14 03:20:23.809000+00:00,7.3,14.27,-7.6033,122.2274,1
us6000gcxa,2021-12-16 21:14:46.611000+00:00,6.0,15.0,-60.1754,-23.8375,0
us6000gdgn,2021-12-18 20:05:45.111000+00:00,6.0,10.0,-47.1259,33.5085,0
us6000gdma,2021-12-19 16:28:22.616000+00:00,6.2,10.0,-16.3139,178.5777,0
nc73666231,2021-12-20 20:10:31.310000+00:00,6.2,27.04,40.3901667,-124.298,0
us6000gepm,2021-12-22 23:22:58.013000+00:00,6.0,10.0,18.8369,-107.0706,0
us6000gfgd,2021-12-26 15:42:57.107000+00:00,6.1,639.16,-18.1104,-179.352,0
us7000g7lx,2021-12-29 18:25:51.962000+00:00,7.3,165.49,-7.5482,127.5773,0
us7000g8kq,2022-01-03 02:09:44.647000+00:00,6.0,104.0,-13.1864,166.8148,0
us7000g8n3,2022-01-03 09:46:35.767000+00:00,6.2,19.0,24.0079,122.2592,0
us7000g90c,2022-01-04 20:55:46.858000+00:00,6.0,544.0,-4.8065,125.0808,0
us7000g9nb,2022-01-06 16:25:05.973000+00:00,6.1,17.0,11.9367,-87.1371,0
us7000g9zq,2022-01-07 17:45:30.809000+00:00,6.6,13.0,37.8283,101.29,0
us7000gag3,2022-01-10 00:06:30.834000+00:00,6.2,7.0,-33.7823,179.574,0
us7000gaqu,2022-01-11 01:07:48.064000+00:00,6.6,21.0,35.2267,31.9435,0
us7000gavu,2022-01-11 11:35:43.674000+00:00,6.8,20.0,52.3415,-167.7554,0
us7000gawk,2022-01-11 12:39:32.454000+00:00,6.6,19.0,52.5791,-168.3275,0
us7000gbu4,2022-01-14 09:05:41.461000+00:00,6.6,33.0,-6.86,105.2887,0
us7000gcfv,2022-01-16 12:52:08.025000+00:00,6.1,379.0,-6.4492,154.8224,0
us7000gdwz,2022-01-21 16:08:37.210000+00:00,6.3,39.0,32.7282,132.0386,0
us7000ge38,2022-01-22 02:26:13.323000+00:00,6.0,21.0,3.6724,126.6596,0
us7000ge5q,2022-01-22 05:17:04.896000+00:00,6.2,29.0,53.2402,-166.682,0
us7000gery,2022-01-25 01:24:33.513000+00:00,6.0,11.0,-55.3696,-28.7839,0
us7000gfhb,2022-01-27 06:40:05.543000+00:00,6.2,6.2,-19.0992,-176.3135,0
us7000gfti,2022-01-28 11:14:09.293000+00:00,6.0,8.0,5.4966,-82.5844,0
us7000gg3w,2022-01-29 02:46:39.588000+00:00,6.5,8.0,-29.5642,-176.7217,1
us7000gh1g,2022-02-01 19:25:10.031000+00:00,6.0,119.0,-7.483,128.3132,0
us7000ghm5,2022-02-03 15:58:57.367000+00:00,6.5,110.0,-4.4661,-76.9283,0
us7000gi25,2022-02-04 20:25:09.549000+00:00,6.3,10.0,-48.033,99.4949,0
us7000gj2g,2022-02-08 11:59:25.311000+00:00,6.2,10.0,-0.417,-19.8913,0
us7000gklv,2022-02-13 20:29:46.350000+00:00,6.0,15.0,11.7884,144.2842,0
us7000gl8w,2022-02-16 07:12:22.847000+00:00,6.2,60.0,14.1476,-91.3982,0
us7000glex,2022-02-16 20:21:06.737000+00:00,6.8,535.0,-23.7682,179.9981,0
us7000gmtt,2022-02-21 23:24:13.721000+00:00,6.3,14.0,-69.7739,165.3918,0
us7000gmw3,2022-02-22 06:12:50.740000+00:00,6.0,251.0,-22.6664,-66.2663,0
us6000gzyg,2022-02-25 01:39:26.554000+00:00,6.1,4.0,0.219,100.1006,0
us6000h1d2,2022-03-02 12:52:07.344000+00:00,6.6,24.0,-30.0751,-177.7264,0
us6000h2l5,2022-03-06 20:14:31.244000+00:00,6.0,20.0,-58.7315,-24.9167,0
us6000h2nu,2022-03-07 05:34:18.525000+00:00,6.1,581.83,-20.3752,-178.4045,0
us6000h48d,2022-03-13 21:05:49.469000+00:00,6.4,11.0,14.096,119.3811,0
us6000h48e,2022-03-13 21:09:22.258000+00:00,6.7,28.0,-0.6294,98.6259,0
us6000h518,2022-03-16 14:34:27.453000+00:00,6.0,57.18,37.6468,141.6735,0
us6000h519,2022-03-16 14:36:30.997000+00:00,7.3,41.0,37.7132,141.5793,1
us6000h62z,2022-03-19 21:24:22.127000+00:00,6.3,21.0,-25.2976,-176.2998,0
us6000h67z,2022-03-20 18:10:43.285000+00:00,6.0,44.0,-28.659,-177.3532,0
us6000h6ne,2022-03-22 16:35:08.019000+00:00,6.7,10.0,10.7447,-43.382,0
us6000h6nr,2022-03-22 17:41:38.584000+00:00,6.7,24.0,23.3839,121.6118,0
us7000gwpw,2022-03-23 21:57:00.144000+00:00,6.0,115.0,-15.0687,167.4522,0
us7000gyj0,2022-03-30 20:56:58.105000+00:00,6.9,10.0,-22.666,170.3659,1
us7000gymk,2022-03-31 05:44:01.146000+00:00,7.0,10.0,-22.586,170.3744,1
us7000gysz,2022-03-31 19:50:40.985000+00:00,6.4,20.0,-22.6577,170.8084,0
usd000h551,2022-04-04 16:06:57.662000+00:00,6.0,31.0,-17.4723,167.8625,0
us7000h0yj,2022-04-09 20:52:38.456000+00:00,6.3,17.0,-16.3146,166.8601,0
us7000h1lv,2022-04-13 03:00:56.312000+00:00,6.1,149.0,-4.4297,152.0242,0
us7000h2u9,2022-04-17 07:46:35.635000+00:00,6.1,196.0,-15.7044,167.8457,0
us7000h373,2022-04-19 01:23:07.057000+00:00,6.1,19.0,7.2852,126.9533,0
us6000hf49,2022-04-20 21:57:43.018000+00:00,6.0,19.0,6.9686,126.9241,0
us6000hf75,2022-04-21 07:42:46.508000+00:00,6.6,27.0,11.5537,-86.9604,0
us7000h5mc,2022-04-28 13:21:13.122000+00:00,6.1,10.0,-3.9148,146.6901,0
us7000h781,2022-05-05 08:21:15.666000+00:00,6.0,18.0,6.5295,127.1315,0
us7000h82f,2022-05-09 06:23:02.067000+00:00,6.2,21.0,24.0406,122.4888,0
us7000h87i,2022-05-09 22:33:06.873000+00:00,6.3,10.0,-3.3591,146.3506,0
us7000h8g3,2022-05-10 23:06:32.368000+00:00,6.8,220.0,-23.496,-66.6519,0
us6000hm9j,2022-05-19 10:13:31.625000+00:00,6.9,10.0,-54.132,159.0545,0
us6000hmz8,2022-05-21 21:50:48.047000+00:00,6.1,129.0,14.0187,120.6494,0
us6000hn1e,2022-05-22 07:06:28.470000+00:00,6.3,603.79,-26.2125,178.4501,0
us6000hn4d,2022-05-22 15:17:31.327000+00:00,6.0,12.0,33.2279,141.4121,0
us7000hcmn,2022-05-26 12:02:21.110000+00:00,7.2,236.0,-14.9076,-70.2924,0
us7000hcqw,2022-05-26 15:37:58.560000+00:00,6.6,15.0,-22.8282,172.1298,0
us7000hct4,2022-05-26 18:10:04.775000+00:00,6.2,10.0,-49.7722,-114.9698,0
us7000hcwg,2022-05-27 02:36:05.556000+00:00,6.2,49.0,-8.2572,127.2079,0
us7000hexp,2022-06-04 13:07:25.926000+00:00,6.3,237.0,-17.9601,-174.9679,0
us7000hexr,2022-06-04 13:17:48.196000+00:00,6.4,10.0,-57.7238,148.6769,0
us7000hf1u,2022-06-04 23:38:12.123000+00:00,6.3,105.0,52.0536,178.2682,0
us7000hfrj,2022-06-08 00:55:46.777000+00:00,6.5,622.73,-9.0472,-71.1783,0
us7000hj3u,2022-06-21 20:54:34.410000+00:00,6.0,4.0,33.0203,69.4639,0
us6000hywe,2022-06-30 18:40:36.938000+00:00,6.0,30.0,19.0236,121.3363,0
us6000hz8x,2022-07-01 21:32:07.977000+00:00,6.0,16.0,26.9061,55.2389,0
us6000hz9v,2022-07-01 23:25:13.465000+00:00,6.0,9.0,26.8878,55.3213,0
us6000i1ms,2022-07-11 21:10:47.785000+00:00,6.0,10.0,-18.1404,168.9678,0
us6000i1wg,2022-07-12 19:16:58.460000+00:00,6.8,10.0,-22.5907,-114.2583,0
us6000i2v0,2022-07-15 19:37:22.791000+00:00,6.4,24.499,-44.6215,-79.6496,0
us6000i5rd,2022-07-27 00:43:26.871000+00:00,7.0,33.729,17.5207,120.8181,1
us6000i5zi,2022-07-27 18:58:58.306000+00:00,6.2,112.0,-22.1876,-68.5789,0
us6000i636,2022-07-28 04:15:03.913000+00:00,6.1,54.0,-21.9311,-70.3386,0
us6000iasi,2022-08-14 13:44:19.694000+00:00,6.6,30.0,-32.7361,-179.0088,0
us6000iav7,2022-08-14 21:04:44.737000+00:00,6.4,78.0,-22.0781,170.966,0
us6000id0t,2022-08-23 14:31:39.374000+00:00,6.2,45.258,-5.0926,103.079,0
us7000i38s,2022-08-29 03:29:13.691000+00:00,6.2,17.0,-0.988,98.6046,0
us7000i3mp,2022-08-30 09:09:43.266000+00:00,6.3,10.0,-54.6506,-136.1522,0
us7000i4st,2022-09-02 22:39:51.520000+00:00,6.1,125.0,-5.6524,148.7121,0
us7000i53f,2022-09-04 09:42:18.219000+00:00,6.9,10.0,-0.9339,-21.7155,0
us7000i585,2022-09-04 23:57:31.734000+00:00,6.2,10.0,-56.0375,-124.478,0
us7000i59t,2022-09-05 04:52:19.645000+00:00,6.6,12.0,29.6786,102.236,0
us6000iika,2022-09-09 23:31:47.409000+00:00,6.2,18.0,-2.2492,138.1979,0
us6000iikp,2022-09-10 00:05:12.947000+00:00,6.2,21.0,-2.2313,138.1784,0
us6000iisb,2022-09-10 23:10:43.721000+00:00,6.0,20.0,-1.149,98.654,0
us6000iitd,2022-09-10 23:47:00.233000+00:00,7.6,116.0,-6.2944,146.5038,0
us7000i7ya,2022-09-14 11:04:06.558000+00:00,7.0,137.0,-21.1909,170.2666,0
us7000i8ui,2022-09-17 13:41:17.890000+00:00,6.5,10.0,23.1191,121.4138,0
us7000i90q,2022-09-18 06:44:13.846000+00:00,6.9,10.0,23.138,121.3439,0
us7000i9bw,2022-09-19 18:05:08.217000+00:00,7.6,26.943,18.4552,-102.9561,1
us7000i9l5,2022-09-20 18:23:42.896000+00:00,6.0,10.0,55.5042,166.3282,0
us7000ia36,2022-09-22 06:16:09.459000+00:00,6.8,20.0,18.2633,-102.9554,0
us7000iaka,2022-09-23 20:52:58.398000+00:00,6.2,42.181,3.8109,96.0514,0
us7000iam0,2022-09-23 22:53:27.870000+00:00,6.1,20.0,-41.3788,-75.5767,0
us6000ip57,2022-09-29 03:03:24.073000+00:00,6.5,11.0,-60.8308,-20.025,0
us6000ipva,2022-10-01 01:18:53.386000+00:00,6.0,10.0,53.7049,-35.5074,0
us6000isau,2022-10-09 16:38:04.811000+00:00,6.2,10.0,-1.3636,-23.9041,0
us6000itgv,2022-10-13 22:20:20.620000+00:00,6.4,72.0,-4.812,153.5906,0
us6000iu4b,2022-10-16 12:48:21.665000+00:00,6.3,15.0,4.3584,-87.5675,0
us6000iv6c,2022-10-20 11:57:12.575000+00:00,6.7,20.0,7.6901,-82.3342,0
us6000iw74,2022-10-25 00:13:01.678000+00:00,6.3,79.0,-58.7769,-26.1414,0
us6000iwds,2022-10-25 14:59:00.085000+00:00,6.4,6.0,17.6609,120.8147,0
us7000ilwt,2022-11-02 04:53:13.239000+00:00,6.0,10.0,31.5042,-133.351,0
us7000ilyk,2022-11-02 14:17:53.832000+00:00,6.1,25.0,-60.7841,-25.7774,0
us7000imgl,2022-11-04 10:02:46.346000+00:00,6.1,10.0,28.1573,-112.3106,0
us7000ingh,2022-11-09 09:38:42.828000+00:00,6.8,630.379,-26.0077,178.2776,0
us7000ingi,2022-11-09 09:51:04.068000+00:00,7.0,660.0,-26.0901,178.3427,0
us7000inht,2022-11-09 10:14:33.810000+00:00,6.6,624.464,-25.5781,178.2612,0
us7000ip0l,2022-11-11 10:48:46.710000+00:00,7.3,37.0,-19.2881,-172.1471,1
us7000ip8h,2022-11-12 07:09:13.514000+00:00,7.0,579.0,-20.1112,-178.3453,0
us7000ipe4,2022-11-13 02:24:57.830000+00:00,6.2,18.0,-37.4652,-73.6757,0
us7000ipkb,2022-11-14 05:04:11.890000+00:00,6.1,630.185,-26.0027,178.2034,0
us7000ipkm,2022-11-14 08:08:26.124000+00:00,6.1,346.0,33.8139,137.3055,0
us7000iqpn,2022-11-18 13:37:08.687000+00:00,6.9,25.0,-4.9043,100.7862,1
us7000irfb,2022-11-22 02:03:06.891000+00:00,7.0,14.0,-9.8198,159.6033,1
us7000irfm,2022-11-22 02:37:57.529000+00:00,6.0,10.0,-9.8203,159.4589,0
us7000irjd,2022-11-22 16:39:05.789000+00:00,6.2,10.0,30.7936,-116.3907,0
us7000irp8,2022-11-23 01:08:15.435000+00:00,6.1,10.0,40.8356,30.9831,0
us6000j6w8,2022-12-04 19:24:15.394000+00:00,6.8,38.0,-15.3497,-172.9867,0
us6000j8lp,2022-12-11 14:31:29.051000+00:00,6.0,18.0,17.1801,-100.53,0
us6000j985,2022-12-14 18:40:26.898000+00:00,6.3,73.0,51.6079,178.5971,0
nc73821036,2022-12-20 10:34:24.770000+00:00,6.4,17.91,40.525,-124.423,0
us7000j0n4,2022-12-28 16:34:19.271000+00:00,6.1,4.0,-21.2566,171.3773,0
us7000j2b9,2023-01-05 14:25:53.019000+00:00,6.0,203.0,36.4738,70.7455,0
us7000j2yw,2023-01-08 12:32:42.372000+00:00,7.0,29.0,-14.9467,166.8791,0
us7000j36j,2023-01-09 17:47:35.037000+00:00,7.6,104.95,-7.0586,130.009,1
us7000j4kr,2023-01-15 22:29:58.940000+00:00,6.1,37.0,1.9837,97.9979,0
us7000j4mj,2023-01-16 04:49:51.935000+00:00,6.3,405.0,28.9804,139.3452,0
us7000j511,2023-01-18 00:34:45.151000+00:00,6.0,154.0,-0.0116,123.1998,0
us7000j553,2023-01-18 06:06:11.454000+00:00,7.0,29.708,2.7306,127.0221,0
us7000j5sc,2023-01-20 11:23:40.603000+00:00,6.1,162.0,16.1397,-62.1529,0
us7000j5x2,2023-01-20 22:09:39.053000+00:00,6.8,596.837,-26.7506,-63.0824,0
us6000jiyj,2023-01-24 18:36:58.973000+00:00,6.4,580.0,-26.7196,-63.1128,0
us6000jjcy,2023-01-26 10:45:52.834000+00:00,6.0,131.0,-30.2115,-178.6615,0
us6000jkpr,2023-02-01 10:44:46.067000+00:00,6.0,19.0,7.7431,126.0566,0
us6000jllz,2023-02-06 01:17:34.342000+00:00,7.8,10.0,37.2256,37.0143,1
us6000jlm1,2023-02-06 01:28:15.784000+00:00,6.7,9.797,37.1893,36.8929,0
us6000jlqa,2023-02-06 10:24:48.811000+00:00,7.5,7.432,38.0106,37.1962,0
us6000jm1y,2023-02-06 10:26:46.742000+00:00,6.0,10.0,38.0315,38.0984,0
us6000jlrc,2023-02-06 12:02:11.275000+00:00,6.0,8.516,38.0582,36.5114,0
us6000jnk5,2023-02-13 09:18:12.524000+00:00,6.1,354.0,-29.3698,-178.9718,0
us6000jp76,2023-02-15 18:10:08.107000+00:00,6.1,8.0,12.3099,123.8605,0
us6000jpl7,2023-02-17 09:37:34.656000+00:00,6.1,39.742,-6.6176,132.106,0
us6000jqcn,2023-02-20 17:04:29.747000+00:00,6.3,16.0,36.1616,36.0251,0
us6000jqxc,2023-02-23 00:37:38.163000+00:00,6.9,9.0,38.0552,73.2287,0
us6000jr32,2023-02-23 20:02:47.541000+00:00,6.3,92.0,3.2796,128.1356,0
us6000jrjl,2023-02-25 13:27:43.704000+00:00,6.0,55.0,42.8258,145.0212,0
us6000jrlp,2023-02-25 21:24:47.577000+00:00,6.2,34.0,-6.0883,149.828,0
us7000jgfd,2023-03-01 05:36:14.834000+00:00,6.6,600.933,-4.8255,149.5041,0
usd000j5jt,2023-03-02 18:04:30.810000+00:00,6.5,17.0,-15.3766,166.3907,0
us7000jh99,2023-03-04 06:41:23.113000+00:00,6.9,211.0,-29.5023,-178.7965,0
us7000jjp7,2023-03-14 00:49:08.469000+00:00,6.3,213.0,-5.4205,146.8342,0
us7000jkbd,2023-03-16 00:56:00.149000+00:00,7.0,10.0,-30.1741,-176.2047,1
us7000jl3s,2023-03-18 17:12:52.481000+00:00,6.8,68.0,-2.7834,-79.8518,0
us7000jln7,2023-03-21 16:47:23.626000+00:00,6.5,192.0,36.523,70.943,0
us7000jlxu,2023-03-22 16:00:34.663000+00:00,6.4,228.0,-23.4224,-66.4954,0
us6000k05c,2023-03-27 22:19:15.181000+00:00,6.2,79.0,-8.2322,158.9118,0
us6000k09q,2023-03-28 09:18:28.506000+00:00,6.0,37.0,41.1434,142.8148,0
us6000k0xf,2023-03-30 17:33:08.544000+00:00,6.3,26.0,-35.6663,-73.4965,0
us6000k1id,2023-04-02 18:04:11.261000+00:00,7.0,70.0,-4.3229,143.1658,0
us6000k1mn,2023-04-03 03:06:57.235000+00:00,6.5,101.0,52.7227,158.4935,0
us6000k1qa,2023-04-03 14:59:41.845000+00:00,6.1,84.0,0.8388,98.835,0
us6000k1x2,2023-04-04 12:54:31.503000+00:00,6.2,10.0,13.7318,125.5376,0
us6000k20g,2023-04-04 22:18:12.640000+00:00,6.3,16.0,7.5671,-82.3345,0
us6000k42y,2023-04-13 15:54:53.808000+00:00,6.0,7.0,49.215,-129.6178,0
us6000k49j,2023-04-14 09:55:45.220000+00:00,7.0,597.0,-6.0413,112.0478,0
us6000k587,2023-04-18 04:31:42.284000+00:00,6.7,580.0,-22.3188,179.4509,0
us6000k5gu,2023-04-19 09:06:03.150000+00:00,6.3,40.0,-5.9496,149.635,0
us6000k6ai,2023-04-22 08:23:42.033000+00:00,6.2,4.0,-5.2611,125.585,0
us6000k6mg,2023-04-24 00:41:55.894000+00:00,7.1,46.755,-29.9574,-177.8386,1
us7000jvl3,2023-04-24 20:00:57.265000+00:00,7.1,34.0,-0.8082,98.5112,1
us7000jwhc,2023-04-28 03:13:44.419000+00:00,6.0,587.56,-25.1471,178.5065,0
us7000jwhe,2023-04-28 03:13:48.476000+00:00,6.6,563.0,-25.1498,178.4274,0
us6000k9mb,2023-05-05 05:42:04.365000+00:00,6.2,10.0,37.5476,137.2994,1
us6000kawn,2023-05-10 16:02:00.334000+00:00,7.6,210.0,-15.6278,-174.4925,0
us6000kcnb,2023-05-17 23:01:59.919000+00:00,6.4,252.0,15.1066,-90.8052,0
us6000kd0n,2023-05-19 02:57:03.172000+00:00,7.7,18.053,-23.2063,170.7423,1
us6000kdce,2023-05-20 01:50:59.158000+00:00,7.1,27.309,-23.0421,170.5603,1
us6000kdcu,2023-05-20 02:09:54.333000+00:00,6.5,10.0,-22.956,170.5524,0
us6000kdmq,2023-05-21 14:56:48.208000+00:00,6.8,28.0,-43.3991,39.3035,0
us6000kdnw,2023-05-21 15:45:13.303000+00:00,6.1,82.297,-10.2725,161.4437,0
us7000k36n,2023-05-23 06:41:58.609000+00:00,6.1,10.0,-22.9954,170.3067,0
us7000k3h5,2023-05-24 15:49:34.402000+00:00,6.2,158.0,-6.9484,129.5293,0
us7000k3n3,2023-05-25 03:05:32.956000+00:00,6.5,13.0,8.9223,-77.0904,0
us7000k46f,2023-05-26 10:03:24.100000+00:00,6.1,42.0,35.5294,140.5281,0
us7000k4cr,2023-05-26 22:18:25.271000+00:00,6.0,10.0,-39.0059,-91.372,0
us7000k4dc,2023-05-27 00:11:00.804000+00:00,6.0,222.0,-18.4836,-175.1849,0
us7000k54z,2023-05-31 02:21:23.997000+00:00,6.3,14.778,-49.6093,163.8553,0
us7000k7su,2023-06-11 09:54:44.886000+00:00,6.2,121.0,42.5268,141.9005,0
us7000k8jz,2023-06-15 02:19:23.272000+00:00,6.2,112.0,13.7629,120.7203,0
us7000k8qh,2023-06-15 18:06:28.572000+00:00,7.2,179.0,-22.9936,-177.1067,0
us7000k8vq,2023-06-16 08:11:34.184000+00:00,6.0,20.0,-23.5201,-175.9259,0
us7000k91w,2023-06-16 19:10:51.064000+00:00,6.2,16.0,-23.5577,-175.6208,0
us7000k96l,2023-06-17 11:26:20.456000+00:00,6.1,22.0,-23.4652,-175.472,0
us7000k9f0,2023-06-18 20:30:21.227000+00:00,6.4,4.0,23.1671,-108.6922,0
us7000k9fi,2023-06-18 21:59:17.213000+00:00,6.0,8.0,-48.6733,31.1318,0
us7000k9jv,2023-06-19 11:18:11.960000+00:00,6.2,23.844,-4.4729,144.8345,0
us7000kayb,2023-06-25 07:16:58.830000+00:00,6.2,9.0,-24.0818,-175.576,0
us6000kpls,2023-07-02 10:27:43.732000+00:00,6.9,229.0,-17.881,-174.9484,0
us7000keq3,2023-07-10 20:28:26.195000+00:00,6.6,14.0,20.0634,-61.1021,0
us7000kfnc,2023-07-14 09:29:00.404000+00:00,6.3,34.0,14.9004,-93.9011,0
us7000kg30,2023-07-16 06:48:21.158000+00:00,7.2,25.0,54.3926,-160.762,1
us7000kg9g,2023-07-17 03:05:11.472000+00:00,6.6,186.0,-38.1862,-70.4427,0
us7000kgpb,2023-07-19 00:22:07.656000+00:00,6.5,70.808,12.8,-88.0796,0
us7000khw8,2023-07-24 02:49:56.186000+00:00,6.0,523.0,-24.0956,178.7423,0
us6000kvmq,2023-07-26 12:44:35.646000+00:00,6.4,13.0,-14.74,167.9135,0
us6000ky1y,2023-08-05 07:20:06.009000+00:00,6.2,575.0,-28.1775,-63.1836,0
us6000kyph,2023-08-08 18:38:54.184000+00:00,6.1,42.0,-15.2082,-173.1883,0
us6000kztr,2023-08-14 10:39:58.130000+00:00,6.0,10.0,-43.5041,39.1083,0
us6000kzv3,2023-08-14 13:51:53.761000+00:00,6.1,8.0,13.347,147.5297,0
us7000knq0,2023-08-16 12:47:39.720000+00:00,6.5,188.0,-13.8882,167.2249,0
us7000kp2g,2023-08-17 16:41:01.780000+00:00,6.0,10.0,-0.3289,-19.5802,0
us7000kp2i,2023-08-17 17:04:48.770000+00:00,6.1,10.0,4.3463,-73.6199,0
us7000kqbl,2023-08-23 14:22:43.170000+00:00,6.2,554.0,-26.8836,-63.2947,0
us7000krjx,2023-08-28 19:55:30.875000+00:00,7.1,500.0,-6.7888,116.5211,0
us7000ksrl,2023-09-01 20:49:54.440000+00:00,6.1,137.0,50.6792,156.313,0
us7000ktti,2023-09-06 23:48:04.632000+00:00,6.3,36.0,-30.2737,-71.4817,0
us7000ku47,2023-09-08 09:09:57.277000+00:00,6.6,79.0,-32.7996,-179.3741,0
us7000kufc,2023-09-08 22:11:01.405000+00:00,6.8,19.0,31.058,-8.3847,0
us7000kulj,2023-09-09 14:43:24.563000+00:00,6.0,13.0,0.0018,119.7663,0
us7000kv0k,2023-09-11 12:51:33.104000+00:00,6.0,151.0,1.1246,127.4888,0
us7000kv90,2023-09-12 11:03:17.243000+00:00,6.2,31.11,19.2355,121.2293,0
us7000kvhu,2023-09-13 11:49:15.813000+00:00,6.1,10.0,-36.2299,-97.9312,0
us7000kwg2,2023-09-18 13:21:23.535000+00:00,6.3,176.0,26.5312,125.2312,0
us7000kx7j,2023-09-21 21:11:48.933000+00:00,6.1,185.0,-14.0192,167.2467,0
us6000lbdi,2023-09-28 14:40:25.892000+00:00,6.1,125.0,-15.5866,167.741,0
us6000lch5,2023-10-03 11:38:04.199000+00:00,6.0,10.0,29.9183,140.0108,0
us6000lcri,2023-10-04 11:21:47.730000+00:00,6.4,113.0,5.3171,126.0438,0
us6000lcz1,2023-10-05 01:59:58.562000+00:00,6.1,10.0,29.8466,139.9904,1
us6000ldbb,2023-10-06 01:31:17.149000+00:00,6.1,10.0,30.1409,139.9683,1
us6000ldpg,2023-10-07 06:41:03.327000+00:00,6.3,14.0,34.5982,61.9263,0
us6000ldpm,2023-10-07 07:12:49.702000+00:00,6.3,8.0,34.5442,61.8891,0
us6000ldqd,2023-10-07 08:34:26.985000+00:00,6.7,55.0,-5.5729,146.138,0
us6000ldqf,2023-10-07 08:40:11.361000+00:00,6.9,52.0,-5.4749,146.1439,0
us6000legn,2023-10-10 10:01:31.660000+00:00,6.0,253.0,-22.9147,-66.2547,0
us6000len8,2023-10-11 00:41:55.908000+00:00,6.3,8.0,34.5364,62.0509,0
us6000lews,2023-10-11 20:04:58.206000+00:00,6.3,10.0,-52.0446,139.6131,0
us6000lfn5,2023-10-15 03:36:00.454000+00:00,6.3,9.0,34.6529,62.1244,0
us6000lfvn,2023-10-16 11:35:30.449000+00:00,6.4,174.0,52.5592,-176.924,0
us6000lhgd,2023-10-23 10:10:14.193000+00:00,6.0,19.0,-29.9334,-177.45,0
us7000l7b6,2023-10-29 04:32:07.316000+00:00,6.0,68.0,-19.3871,168.8034,0
us7000l7qy,2023-10-31 11:10:56.943000+00:00,6.5,560.0,-17.5412,-179.0263,0
us7000l7si,2023-10-31 12:33:43.732000+00:00,6.6,34.0,-28.7431,-71.5573,0
us7000l85t,2023-11-01 21:04:48.023000+00:00,6.1,51.0,-10.0561,123.7541,0
us7000l9h2,2023-11-08 04:52:51.393000+00:00,6.7,10.0,-6.4442,129.7518,0
us7000l9h4,2023-11-08 04:53:49.631000+00:00,7.1,6.0,-6.416,129.5466,0
us7000l9ku,2023-11-08 13:02:06.115000+00:00,6.7,10.0,-6.131,129.8738,0
us7000la7r,2023-11-10 20:45:11.772000+00:00,6.1,9.969,-6.0976,130.0606,0
us7000lali,2023-11-13 07:43:34.115000+00:00,6.1,10.0,-3.8855,151.067,0
usd00103xy,2023-11-14 07:00:56.463000+00:00,6.1,9.0,-4.033,87.1044,0
us6000lp12,2023-11-17 08:14:10.513000+00:00,6.7,52.0,5.5627,125.0013,0
us6000lpyx,2023-11-22 02:48:51.641000+00:00,6.0,102.0,1.7827,127.1887,0
us6000lq00,2023-11-22 04:47:31.590000+00:00,6.7,13.0,-14.9603,167.9718,1
us6000lqf9,2023-11-24 09:05:03.893000+00:00,6.9,22.163,20.1319,145.5195,0
us7000le6w,2023-11-27 21:46:42.183000+00:00,6.5,10.0,-3.5605,144.0313,0
us7000lff4,2023-12-02 14:37:04.454000+00:00,7.6,40.0,8.5266,126.4161,1
us7000lfi0,2023-12-02 16:03:41.167000+00:00,6.4,35.0,8.4377,126.757,0
us7000lfjr,2023-12-02 17:40:15.233000+00:00,6.1,36.091,8.423,126.722,0
us7000lfkh,2023-12-02 18:09:25.972000+00:00,6.3,46.378,8.4402,126.9387,0
us7000lgan,2023-12-02 20:52:15.877000+00:00,6.0,9.0,8.4475,126.7782,0
us7000lftp,2023-12-03 10:35:52.871000+00:00,6.6,19.0,8.488,126.7454,0
us7000lfwj,2023-12-03 14:35:56.830000+00:00,6.0,13.0,8.732,126.823,0
us7000lfxx,2023-12-03 19:49:35.739000+00:00,6.9,20.0,8.9705,126.6121,0
us7000lgwp,2023-12-07 12:56:30.184000+00:00,7.1,48.0,-20.6152,169.3089,1
us7000li15,2023-12-11 06:33:32.480000+00:00,6.2,248.0,-18.8139,-175.6541,0
us7000lkb1,2023-12-20 12:11:21.484000+00:00,6.2,93.0,-15.8585,-72.5207,0
usd0010b4f,2023-12-21 14:55:56.291000+00:00,6.1,20.0,51.2097,-175.3313,0
us7000lkxb,2023-12-22 17:36:32.014000+00:00,6.1,10.0,-52.0879,27.9516,0
us6000m05c,2023-12-28 09:15:16.131000+00:00,6.5,31.0,44.596,149.0388,0
us6000m0n6,2023-12-30 17:16:23.833000+00:00,6.3,33.0,-2.9934,139.372,0
us6000m0xl,2024-01-01 07:10:09.476000+00:00,7.5,10.0,37.4874,137.271,0
us6000m0xm,2024-01-01 07:18:41.584000+00:00,6.2,10.0,37.1895,136.8272,0
us6000m2jp,2024-01-08 20:48:42.361000+00:00,6.7,62.574,4.9225,126.1575,0
us6000m31m,2024-01-11 09:20:26.337000+00:00,6.4,204.0,36.4979,70.6013,0
us6000m4js,2024-01-18 22:12:21.755000+00:00,6.4,209.0,-18.9103,-175.4225,0
us6000m50e,2024-01-20 15:48:40.121000+00:00,6.1,184.0,18.5192,145.6341,0
us6000m52p,2024-01-20 21:31:05.092000+00:00,6.6,607.0,-7.2879,-71.464,0
us6000m53t,2024-01-20 22:09:39.708000+00:00,6.2,10.0,-39.93,46.1966,0
us7000lsze,2024-01-22 18:09:04.340000+00:00,7.0,13.0,41.2555,78.6538,0
us7000lt73,2024-01-23 14:33:45.022000+00:00,6.3,31.0,-17.9827,168.0499,0
us7000luai,2024-01-27 05:52:48.419000+00:00,6.1,90.0,14.0636,-90.6159,0
us7000lui3,2024-01-28 09:38:56.538000+00:00,6.5,621.081,-8.236,-71.4005,0
us7000lxyv,2024-02-09 10:57:48.482000+00:00,6.1,13.0,-29.9268,-177.2323,0
us7000lym6,2024-02-12 11:19:34.858000+00:00,6.1,236.0,22.0086,142.7919,0
us7000lz5f,2024-02-14 11:40:22.125000+00:00,6.0,14.0,11.0047,138.5725,0
us7000m0zq,2024-02-23 01:51:13.973000+00:00,6.3,10.0,-35.0892,-110.7745,0
us6000mghc,2024-03-03 16:16:53.995000+00:00,6.8,23.187,-58.8881,159.1441,0
us6000mgyj,2024-03-05 19:52:52.612000+00:00,6.1,10.0,-59.1953,158.7607,0
us7000m439,2024-03-08 09:11:45.110000+00:00,6.0,115.0,5.8168,126.9407,0
us6000milg,2024-03-13 15:13:22.779000+00:00,6.0,44.0,-5.831,150.6843,0
us6000miy6,2024-03-14 21:10:24.786000+00:00,6.2,10.0,29.7971,-42.6608,0
us6000mkfz,2024-03-22 08:52:58.999000+00:00,6.4,9.471,-5.8754,112.3646,0
us6000mksx,2024-03-23 20:22:04.348000+00:00,6.9,41.464,-4.1292,143.134,0
us7000m86i,2024-03-27 01:28:17.689000+00:00,6.4,10.0,-21.0715,173.7373,0
us7000m9bq,2024-04-02 09:54:08.569000+00:00,6.2,10.0,15.8146,146.8779,0
us7000m9g4,2024-04-02 23:58:12.173000+00:00,7.4,40.0,23.8356,121.5976,1
us7000m9gc,2024-04-03 00:11:25.266000+00:00,6.4,13.931,24.1021,121.6812,0
us7000m9sq,2024-04-04 03:16:30.313000+00:00,6.1,29.0,37.7104,141.856,0
us7000ma2w,2024-04-05 11:03:16.357000+00:00,6.8,222.0,19.1103,145.3659,0
us7000maxr,2024-04-09 09:47:59.810000+00:00,6.4,22.0,2.6982,127.0624,0
us7000mc2t,2024-04-14 20:56:28.201000+00:00,6.5,49.0,-5.8565,151.0953,0
us7000mcpi,2024-04-17 14:14:46.694000+00:00,6.3,32.0,33.2503,132.3647,0
us6000mt0r,2024-04-22 18:26:52.852000+00:00,6.1,9.0,23.7141,121.6599,0
us6000mt0s,2024-04-22 18:32:48.439000+00:00,6.1,10.0,23.8586,121.5662,0
us6000mu8k,2024-04-27 08:35:34.207000+00:00,6.5,496.0,27.8209,139.6186,0
us6000muc0,2024-04-27 16:29:50.643000+00:00,6.1,59.701,-8.005,107.2798,0
us6000mwjd,2024-05-05 18:33:11.021000+00:00,6.1,16.0,-3.3167,130.9618,0
us6000mx5c,2024-05-08 08:17:15.894000+00:00,6.1,19.175,-15.1324,168.0214,0
us6000my20,2024-05-12 11:39:12.718000+00:00,6.4,61.91,14.4264,-92.4617,0
us6000mzme,2024-05-19 09:35:24.660000+00:00,6.0,28.0,52.0681,-170.9122,0
us6000n102,2024-05-25 22:23:15.997000+00:00,6.3,22.0,-17.1173,167.8706,0
us6000n158,2024-05-26 20:47:12.057000+00:00,6.6,137.0,-19.3431,-174.841,0
us7000mp99,2024-05-31 15:46:09.810000+00:00,6.2,10.0,-43.3059,41.7226,0
us7000mp9e,2024-05-31 15:54:40.923000+00:00,6.2,16.0,-28.9579,-176.8653,0
us7000mrbr,2024-06-09 09:55:49.381000+00:00,6.2,10.0,-53.8559,-133.9509,0
us7000msqt,2024-06-16 00:27:56.629000+00:00,6.0,7.727,-60.9499,154.3353,0
us7000mstj,2024-06-16 14:47:33.155000+00:00,6.0,27.0,-15.8557,-74.4353,0
us7000mu1p,2024-06-23 03:57:58.918000+00:00,6.0,77.0,10.6921,-62.6868,0
us7000mu8s,2024-06-24 08:03:37.383000+00:00,6.3,149.0,-14.6255,167.2426,0
us6000n8tq,2024-06-28 05:36:36.902000+00:00,7.2,24.0,-15.8277,-74.454,1
us6000n948,2024-06-29 07:05:32.855000+00:00,6.1,18.0,-16.0485,-74.556,0
us7000mxmu,2024-07-07 20:01:12.295000+00:00,6.2,546.0,26.8957,138.8289,0
us7000my76,2024-07-10 04:55:41.780000+00:00,6.6,4.0,-53.3092,25.3481,0
us7000myfa,2024-07-11 02:13:18.585000+00:00,7.1,639.503,6.0838,123.1503,0
us7000mykj,2024-07-11 15:08:47.169000+00:00,6.4,10.0,48.7877,-128.7103,0
us7000n05d,2024-07-19 01:50:48.571000+00:00,7.4,127.291,-23.0791,-67.8404,0
us7000n068,2024-07-19 03:13:47.417000+00:00,6.0,40.972,52.0859,-170.9116,0
us7000n0ka,2024-07-21 02:53:48.910000+00:00,6.2,272.0,14.6445,-89.9316,0
us7000n0s8,2024-07-22 05:04:27.743000+00:00,6.1,4.0,-15.5073,168.1241,0
us6000ngng,2024-07-29 13:07:11.966000+00:00,6.0,9.0,-20.3812,-173.9806,0
us6000nhqc,2024-08-02 22:23:02.111000+00:00,6.8,32.0,8.1851,126.6161,0
us6000nht0,2024-08-03 04:20:26.565000+00:00,6.3,15.0,8.2038,126.8354,0
us6000nith,2024-08-08 07:42:55.206000+00:00,7.1,24.0,31.7599,131.5021,1
us6000nj9s,2024-08-10 03:28:32.681000+00:00,6.5,402.166,47.223,144.7915,0
us7000n7b8,2024-08-15 23:35:53.943000+00:00,6.1,14.0,23.7491,121.7669,0
us7000n7n8,2024-08-17 19:10:26.820000+00:00,7.0,29.0,52.9308,160.1331,1
us7000n9dt,2024-08-25 23:29:07.544000+00:00,6.9,96.0,-19.8125,-175.0711,0
us7000n9dz,2024-08-25 23:30:51.981000+00:00,6.0,99.28,-19.7667,-174.9814,0
us6000nncs,2024-08-28 21:57:54.957000+00:00,6.1,26.358,13.0471,-89.583,0
us6000nnlx,2024-08-30 04:24:22.983000+00:00,6.0,26.0,53.0016,160.3787,0
us6000np3z,2024-09-01 20:13:34.201000+00:00,6.4,39.0,-6.8295,155.5297,0
us6000nps8,2024-09-05 01:03:15.672000+00:00,6.2,7.0,-3.5428,144.1953,0
us7000nd4f,2024-09-11 16:46:05.054000+00:00,6.3,8.0,-3.2871,146.4088,0
us7000ne51,2024-09-15 22:22:48.018000+00:00,6.5,3.766,51.6088,-130.6121,0
us7000ne84,2024-09-16 11:36:34.522000+00:00,6.3,31.0,17.1539,147.2254,0
us6000ntjh,2024-09-21 21:24:28.737000+00:00,6.0,141.0,-31.8909,-66.887,0
us6000ntxc,2024-09-23 19:51:02.568000+00:00,6.0,143.0,-0.0469,122.8918,0
us7000ngmr,2024-09-26 19:19:28.664000+00:00,6.3,10.0,-17.199,66.5336,0
us7000nhex,2024-10-01 09:28:05.313000+00:00,6.1,576.0,-5.9828,124.8988,0
us7000nhjw,2024-10-01 20:05:34.967000+00:00,6.6,10.0,-19.2886,-173.0007,0
us6000nyau,2024-10-12 17:43:44.516000+00:00,6.2,16.0,10.4967,-86.1497,0
us6000nyzk,2024-10-16 07:46:32.516000+00:00,6.0,10.0,38.3115,38.8059,0
us7000nmlt,2024-10-23 14:38:04.614000+00:00,6.2,40.0,49.394,155.6369,0
us7000nnz9,2024-10-30 12:18:51.671000+00:00,6.0,509.0,-4.4064,150.0827,0
us7000np33,2024-10-30 20:15:20.095000+00:00,6.0,10.0,43.5842,-127.6418,0
us7000nql2,2024-11-08 11:38:00.376000+00:00,6.3,10.0,-46.7807,-75.6402,0
us7000nr0v,2024-11-10 16:49:50.426000+00:00,6.8,14.0,19.7974,-77.0506,0
us7000nrwz,2024-11-15 05:28:30.650000+00:00,6.6,56.0,-4.7548,153.2923,0
us7000nsa3,2024-11-17 12:16:29.874000+00:00,6.1,8.0,29.0424,131.3968,0
us7000nu90,2024-11-26 13:47:03.411000+00:00,6.1,8.0,36.9549,136.3653,0
nc75095651,2024-12-05 18:44:21.110000+00:00,7.0,10.0,40.374,-125.02166666667,1
us7000nx17,2024-12-08 10:25:00.081000+00:00,6.0,207.0,48.867,152.3071,0
us7000nx3z,2024-12-08 19:57:08.602000+00:00,6.3,18.0,51.0018,-177.3278,0
us7000nx5r,2024-12-09 00:15:30.691000+00:00,6.3,19.0,50.9985,-177.1779,0
us7000nx5z,2024-12-09 00:38:52.848000+00:00,6.1,10.0,50.8586,-177.443,0
us7000nyqr,2024-12-13 23:38:18.234000+00:00,6.4,109.0,-35.33,-70.7256,0
us7000nzf3,2024-12-17 01:47:25.741000+00:00,7.3,54.372,-17.6914,168.0842,1
us7000p0lv,2024-12-21 15:30:53.399000+00:00,6.1,47.0,-17.7041,168.0033,0
us6000pfw7,2024-12-27 12:47:37.696000+00:00,6.8,146.0,47.2996,151.236,0
us6000pgv4,2025-01-01 13:48:24.752000+00:00,6.1,70.0,-56.4095,-26.7059,0
us6000phap,2025-01-02 20:43:35.253000+00:00,6.1,99.0,-21.7109,-69.1069,0
us6000pi09,2025-01-05 17:18:45.784000+00:00,6.2,46.0,13.0007,-89.1775,0
us6000pi9w,2025-01-07 01:05:16.734000+00:00,7.1,10.0,28.6036,87.3781,0
us6000pjig,2025-01-12 08:32:49.944000+00:00,6.2,39.0,18.5019,-103.3631,0
us6000pjny,2025-01-13 12:19:32.252000+00:00,6.8,39.0,31.8326,131.5525,1
us6000pl8h,2025-01-20 16:17:26.812000+00:00,6.0,16.0,23.1816,120.5448,0
us7000pcdl,2025-02-08 23:23:14.697000+00:00,7.6,14.326,17.6506,-82.395,1
us7000pfmk,2025-02-23 18:16:18.073000+00:00,6.0,36.0,-11.3195,166.2902,0
us6000pvgx,2025-02-25 22:55:45.917000+00:00,6.1,21.726,0.3994,124.8407,0
us6000px89,2025-03-06 16:21:39.333000+00:00,6.0,96.0,-23.3399,-69.0636,0
us6000pxvx,2025-03-10 02:33:14.609000+00:00,6.5,10.0,71.176,-8.1733,0
us6000py97,2025-03-12 05:42:11.676000+00:00,6.0,23.0,6.9701,92.5548,0
us7000pllt,2025-03-21 14:50:51.364000+00:00,6.2,10.0,6.9863,-82.4666,0
us7000pllu,2025-03-21 14:53:41.774000+00:00,6.2,17.0,51.1558,-176.0703,0
us7000pmem,2025-03-25 01:43:11.796000+00:00,6.7,21.0,-46.7305,165.8632,1
us7000pn7g,2025-03-28 00:34:21.875000+00:00,6.1,10.0,0.7055,-29.665,0
us7000pn9s,2025-03-28 06:20:52.715000+00:00,7.7,10.0,22.011,95.9363,0
us7000pn9z,2025-03-28 06:32:04.777000+00:00,6.7,10.0,21.6975,95.969,0
us7000pnf2,2025-03-28 17:17:27.868000+00:00,6.6,12.323,0.7561,-29.7635,0
us7000pntq,2025-03-30 12:18:50.362000+00:00,7.0,29.0,-20.3036,-174.0718,1
us7000pnvp,2025-03-30 15:04:54.834000+00:00,6.2,17.0,-20.3816,-174.0115,0
us7000ppd9,2025-04-02 00:29:22.306000+00:00,6.3,10.0,-57.0079,-142.2862,0
us7000ppfy,2025-04-02 14:03:57.825000+00:00,6.1,29.0,30.9792,131.522,0
us6000q3nw,2025-04-03 14:09:29.739000+00:00,6.9,10.0,52.4538,-32.1071,0
us6000q41n,2025-04-04 20:04:38.129000+00:00,6.9,9.0,-6.3025,151.6257,0
us6000q5ka,2025-04-12 03:47:08.682000+00:00,6.1,52.0,-4.7074,153.1423,0
us6000q5tp,2025-04-13 20:03:22.841000+00:00,6.5,271.0,-25.9815,-178.3309,0
us6000q6cs,2025-04-16 01:42:59.524000+00:00,6.6,10.0,-47.8089,99.613,0
us7000pu62,2025-04-22 10:17:11.888000+00:00,6.2,104.0,4.5538,127.831,0
us7000pufs,2025-04-23 09:49:11.631000+00:00,6.2,12.736,40.8342,28.1897,1
us7000pv06,2025-04-25 11:44:52.634000+00:00,6.3,18.0,1.0835,-79.5319,1
us7000pvt7,2025-04-29 13:16:32.562000+00:00,6.2,10.595,-48.1824,165.3571,0
us7000pvtr,2025-04-29 14:53:37.897000+00:00,6.8,18.957,-54.2616,155.6446,0
us7000pwkn,2025-05-02 12:58:26.014000+00:00,7.4,10.0,-56.8094,-68.1019,1
us7000pwpu,2025-05-02 17:59:07.662000+00:00,6.4,8.0,-57.304,-67.0168,0
us7000px6v,2025-05-05 03:55:39.960000+00:00,6.0,10.0,-35.1429,-107.4203,0
us7000pz2p,2025-05-13 22:51:15.880000+00:00,6.0,76.202,35.237,26.9951,0
us7000pz41,2025-05-14 04:15:40.513000+00:00,6.4,260.0,-18.7126,-175.3343,0
us7000q0bm,2025-05-20 15:05:59.387000+00:00,6.5,16.819,-3.7575,144.8116,0
us7000q0pq,2025-05-22 03:19:35.518000+00:00,6.2,64.0,35.8915,25.9159,1
us7000q14k,2025-05-23 16:33:25.438000+00:00,6.1,10.0,-56.5536,147.6655,0
us7000q1e7,2025-05-25 10:49:59.192000+00:00,6.0,48.0,-22.8374,-175.8016,0
us6000qgts,2025-05-30 05:36:38.351000+00:00,6.2,10.0,-53.2836,9.1051,0
us6000qh1r,2025-05-31 08:37:17.097000+00:00,6.0,21.0,42.2705,144.4895,0
us6000qh35,2025-05-31 14:28:49.890000+00:00,6.1,10.0,-27.7396,-177.9502,0
us6000qh59,2025-05-31 21:21:11.250000+00:00,6.0,10.0,-28.1865,-178.5389,0
us6000qh5j,2025-05-31 22:26:22.460000+00:00,6.2,10.0,-27.8491,-178.1234,0
us6000qigd,2025-06-06 17:15:06.807000+00:00,6.4,75.0,-26.639,-70.4039,0
us6000qisj,2025-06-07 23:20:45.671000+00:00,6.2,10.0,-47.8272,115.9955,0
us6000qixr,2025-06-08 13:08:05.797000+00:00,6.3,9.0,4.4852,-73.1248,0
us6000qk4v,2025-06-13 18:35:14.935000+00:00,6.0,35.0,46.1842,153.426,0
us6000qlnz,2025-06-21 21:23:18.562000+00:00,6.0,18.0,42.8951,146.4037,0
us7000q8bd,2025-06-24 01:58:06.248000+00:00,6.2,10.0,7.9765,129.9606,0
us7000q8tw,2025-06-25 22:16:13.700000+00:00,6.2,10.0,-35.7221,-17.0441,0
us7000q97d,2025-06-27 23:07:10.371000+00:00,6.0,99.77,5.2888,126.0425,0
us7000q9b5,2025-06-28 08:32:20.957000+00:00,6.6,10.0,-60.9793,-38.9672,0
us7000qb4s,2025-07-07 12:53:44.013000+00:00,6.2,22.0,-47.1735,165.4962,0
us7000qcik,2025-07-14 05:49:58.119000+00:00,6.7,70.687,-6.2201,131.2331,0
us7000qclp,2025-07-14 17:16:49.051000+00:00,6.2,10.0,6.1706,-82.7372,0
us7000qd1y,2025-07-16 20:37:41.667000+00:00,7.3,38.0,54.5652,-160.4689,1
us7000qdye,2025-07-20 06:28:17.860000+00:00,6.6,23.0,52.9286,160.6233,0
us7000qdyl,2025-07-20 06:49:04.327000+00:00,7.4,34.0,52.8301,160.6816,0
us7000qdyw,2025-07-20 07:07:42.573000+00:00,6.6,10.0,52.6981,160.8332,0
us7000qdz2,2025-07-20 07:23:02.065000+00:00,6.5,34.991,52.8915,160.7461,0
us7000qe51,2025-07-20 22:28:00.041000+00:00,6.2,40.0,54.6051,-159.8382,0
us6000qu2r,2025-07-22 01:59:28.404000+00:00,6.0,12.308,52.4133,160.6453,0
us6000qugg,2025-07-23 20:50:43.792000+00:00,6.3,142.0,0.4411,122.0874,0
us6000quxn,2025-07-24 22:37:27.147000+00:00,6.0,14.0,53.0151,161.0626,0
us6000quy1,2025-07-24 23:37:56.601000+00:00,6.6,314.151,-14.9093,-175.7016,0
us6000qv1b,2025-07-25 11:22:02.292000+00:00,6.2,10.0,-55.4066,146.5854,0
us6000qvbw,2025-07-26 16:15:04.546000+00:00,6.2,17.0,-57.7718,157.7252,0
us6000qvpp,2025-07-28 18:41:50.299000+00:00,6.4,21.0,6.6907,93.0637,0
us6000qvsf,2025-07-28 22:10:35.109000+00:00,7.0,31.0,-57.605,157.0388,0
us6000qw1a,2025-07-29 17:53:40.918000+00:00,6.6,553.0,-23.4497,178.858,0
us6000qw60,2025-07-29 23:24:52.483000+00:00,8.8,35.0,52.4948,160.2395,1
us6000r0y5,2025-07-29 23:30:03.032000+00:00,6.3,16.375,52.5195,159.7031,0
us6000r0xw,2025-07-29 23:30:44.566000+00:00,6.1,25.423,52.6498,159.5787,0
us6000r0qc,2025-07-29 23:36:01.341000+00:00,6.0,35.0,51.7541,158.2503,0
us6000qwhj,2025-07-29 23:37:34.403000+00:00,6.0,35.0,51.5092,159.126,0
us6000qw6q,2025-07-30 00:09:58.961000+00:00,6.9,36.622,52.1946,159.8008,0
us6000qw6s,2025-07-30 00:16:06.520000+00:00,6.2,35.0,52.1048,159.692,0
us6000qwfe,2025-07-30 09:56:13.780000+00:00,6.1,10.445,51.6041,160.0013,0
us6000qwk1,2025-07-30 16:07:46.668000+00:00,6.0,35.0,49.6696,157.2746,0
us6000qwuh,2025-07-31 05:27:14.789000+00:00,6.2,15.0,49.5,158.6499,0
us6000qxfn,2025-08-01 18:20:45.177000+00:00,6.1,10.0,50.2099,159.0659,0
us6000qxn6,2025-08-02 14:14:03.328000+00:00,6.0,17.0,51.5911,159.4631,0
us6000qxsv,2025-08-03 04:57:10.505000+00:00,6.3,10.0,-55.2284,-128.6508,0
us6000qxt4,2025-08-03 05:37:55.148000+00:00,6.8,30.0,50.5853,157.8643,0
us6000qxzw,2025-08-04 04:20:54.562000+00:00,6.2,16.0,48.8586,156.3666,0
us6000qzh9,2025-08-09 14:04:07.171000+00:00,6.0,11.0,50.0723,159.7364,0
us6000qznb,2025-08-10 16:53:47.260000+00:00,6.1,10.0,39.3709,28.0168,0
us6000r01m,2025-08-12 08:24:23.409000+00:00,6.3,14.0,-2.0302,138.966,0
us6000r0sa,2025-08-14 16:22:34.235000+00:00,6.3,44.99,-11.6933,166.2048,0
us6000r2xq,2025-08-22 02:16:18.246000+00:00,7.5,10.0,-60.3187,-61.9221,1
us6000r3at,2025-08-23 09:14:22.210000+00:00,6.0,17.0,13.0601,-90.4343,0
us6000r3l7,2025-08-25 06:48:34.819000+00:00,6.1,9.0,49.3726,160.0428,0
us7000qr8h,2025-08-27 03:49:50.441000+00:00,6.0,40.0,50.7675,157.4273,0
us7000qsvj,2025-08-31 19:17:34.124000+00:00,6.0,8.0,34.7106,70.8087,0
us7000quvp,2025-09-08 21:47:48.117000+00:00,6.4,10.0,-21.0025,173.7046,0
us7000qvw5,2025-09-13 02:37:56.761000+00:00,7.4,58.0,53.1969,160.1901,1
us7000qwch,2025-09-15 16:34:35.213000+00:00,6.0,15.0,52.6973,160.6791,0
us7000qwir,2025-09-16 16:59:46.550000+00:00,6.0,31.0,-5.5179,153.7354,0
us7000qx1z,2025-09-18 18:19:49.220000+00:00,6.0,28.0,-3.5961,135.4658,0
us7000qx2g,2025-09-18 18:58:14.939000+00:00,7.8,27.0,53.1426,160.7206,1
us6000rge8,2025-09-19 14:55:40.913000+00:00,6.0,58.287,51.2463,157.8629,0
us6000rcnw,2025-09-24 22:21:55.716000+00:00,6.2,9.0,9.8668,-70.8781,0
us6000rcqw,2025-09-25 03:51:39.565000+00:00,6.3,14.0,9.9355,-70.7081,0
us6000rdrz,2025-09-30 13:59:43.328000+00:00,6.9,10.0,11.1557,124.111,0
us6000rdta,2025-09-30 16:49:43.533000+00:00,6.0,19.498,-7.2032,114.1844,0
us6000rei1,2025-10-03 16:07:44.844000+00:00,6.1,19.0,51.6275,159.9083,0
us6000rfb2,2025-10-07 11:05:17.136000+00:00,6.6,98.0,-6.7359,146.8404,0
us6000rft9,2025-10-09 13:28:44.543000+00:00,6.1,56.51,51.6683,158.2328,0
us6000rfwz,2025-10-10 01:43:59.585000+00:00,7.4,59.425,7.2866,126.6902,1
us6000rfye,2025-10-10 02:08:10.652000+00:00,6.3,10.0,-3.0764,147.9714,0
us6000rg2r,2025-10-10 11:12:05.407000+00:00,6.7,47.0,7.2127,126.6578,0
us6000rgf4,2025-10-10 20:29:20.075000+00:00,7.6,5.639,-60.1875,-61.8164,0
us6000rgkr,2025-10-11 14:32:59.312000+00:00,6.0,67.657,8.9231,126.323,0
us6000rhf2,2025-10-16 01:42:32.311000+00:00,6.3,8.0,-59.9658,-61.8649,0
us6000rhg5,2025-10-16 05:48:52.788000+00:00,6.4,18.0,-2.168,138.9531,0
us6000rhns,2025-10-16 23:03:12.673000+00:00,6.0,32.0,9.7909,126.1163,0
us6000rjhm,2025-10-25 23:28:02.544000+00:00,6.0,34.0,-12.3757,166.4018,0
us6000rjkv,2025-10-26 17:04:25.617000+00:00,6.2,75.0,-8.8524,123.9887,0
us6000rjq8,2025-10-27 12:38:40.364000+00:00,6.5,9.0,16.5419,-59.5574,0
us6000rjsu,2025-10-27 19:48:28.767000+00:00,6.0,8.0,39.1937,28.2425,0
us6000rjx3,2025-10-28 14:40:18.481000+00:00,6.4,142.0,-6.7001,129.9887,0
us6000rl31,2025-11-02 20:29:02.008000+00:00,6.2,28.0,36.5461,67.3886,0
us6000rl5i,2025-11-03 08:44:43.281000+00:00,6.1,29.0,52.2143,160.2108,0
us6000rlcd,2025-11-04 07:37:22.906000+00:00,6.0,65.0,12.3924,143.1427,0
us6000rlik,2025-11-04 23:28:59.236000+00:00,6.0,28.0,52.1115,160.1897,0
us6000rmea,2025-11-09 08:03:39.367000+00:00,6.8,18.0,39.485,143.3782,1
us6000rmep,2025-11-09 08:54:36.914000+00:00,6.4,10.0,39.4971,143.3097,0
us6000rmk2,2025-11-10 07:23:17.302000+00:00,6.0,11.0,39.5665,143.4526,0
us7000re2g,2025-11-27 04:56:24.368000+00:00,6.4,17.0,2.7191,95.9543,0
ak2025xjbvhj,2025-11-27 17:11:29.059000+00:00,6.0,69.433395385742,61.569519042969,-150.75079345703,0
us6000rsy1,2025-12-06 20:41:49.288000+00:00,7.0,10.317,60.3127,-139.5412,0
us6000rtdt,2025-12-08 14:15:09.896000+00:00,7.6,40.72,40.9984,142.1836,1
us6000rtgd,2025-12-08 18:56:28.302000+00:00,6.0,22.788,40.9878,143.1226,0
us6000rtie,2025-12-08 21:52:41.325000+00:00,6.6,19.0,40.9761,143.1504,0
us6000ruc4,2025-12-12 02:44:12.841000+00:00,6.7,19.0,40.8899,142.8131,1
us6000rwgh,2025-12-22 10:31:27.918000+00:00,6.5,107.0,-5.7036,145.5368,0
us7000rkjm,2025-12-24 09:47:06.669000+00:00,6.0,8.0,22.8982,121.2494,0
us7000rl2n,2025-12-27 15:05:55.388000+00:00,6.6,63.0,24.6841,122.0354,0
us7000rl57,2025-12-28 02:51:49.922000+00:00,6.2,58.0,-8.9834,-79.039,0
us7000rlq3,2025-12-31 14:26:57.992000+00:00,6.0,27.0,40.1161,142.9454,0
us7000rltg,2026-01-01 01:53:01.809000+00:00,6.0,10.0,-45.6117,96.3592,0
us7000rm3k,2026-01-02 13:58:15.741000+00:00,6.5,18.0,16.798,-99.3939,1
us7000rn2z,2026-01-07 03:02:53.890000+00:00,6.4,22.0,7.2449,126.8953,0
us7000rnwd,2026-01-10 14:58:23.726000+00:00,6.4,31.0,3.7767,126.9922,0
us7000rpcg,2026-01-13 07:34:07.739000+00:00,6.2,29.0,44.554,149.3153,0
us7000rq0d,2026-01-16 03:25:53.034000+00:00,6.0,10.0,43.6857,-128.0574,0
us7000rqjy,2026-01-19 13:02:19.436000+00:00,6.0,11.0,-22.4395,170.3939,0
us7000rr5g,2026-01-21 16:37:43.141000+00:00,6.1,8.0,23.2002,142.6037,0
us7000rrbj,2026-01-22 12:42:34.200000+00:00,6.2,47.0,51.7914,158.5253,0
us6000s55s,2026-01-29 07:30:39.458000+00:00,6.0,63.613,-57.7717,-25.5988,0
us6000s6cx,2026-02-04 10:39:28.490000+00:00,6.1,167.0,-29.526,-178.597,0
us6000s7p7,2026-02-10 20:44:52.845000+00:00,6.2,513.0,-21.0263,-178.3783,0
us6000s8gw,2026-02-12 13:34:31.172000+00:00,6.1,46.0,-30.7682,-71.4228,0
us6000s94q,2026-02-14 02:27:42.554000+00:00,6.4,43.0,-14.9918,166.6216,0
us6000s9l2,2026-02-16 21:42:52.469000+00:00,6.0,43.0,51.254,157.7013,0
us6000sarf,2026-02-22 07:43:25.409000+00:00,6.0,636.265,-21.7912,179.6322,0
us6000sasz,2026-02-22 16:57:46.738000+00:00,7.1,629.0,6.8541,116.2942,0
us6000sayv,2026-02-23 05:11:48.410000+00:00,6.0,14.0,52.3259,-169.8682,0
us7000s16b,2026-03-01 05:44:41.923000+00:00,6.3,579.0,-21.8035,-179.4529,0
us7000s1cq,2026-03-02 03:55:23.534000+00:00,6.0,20.0,22.9731,144.2098,0
us7000s1ln,2026-03-03 04:56:45.857000+00:00,6.2,18.0,2.0076,96.695,0
us7000s211,2026-03-04 17:54:36.723000+00:00,6.4,10.0,52.3258,176.3707,0
us7000s2i2,2026-03-06 14:27:48.050000+00:00,6.2,10.0,-11.47,163.0974,0
us7000s2yl,2026-03-08 09:28:26.478000+00:00,6.0,134.0,-15.9843,-173.8541,0
us7000s39n,2026-03-09 23:03:54.034000+00:00,6.0,375.0,40.57,13.9841,0
us6000sg0y,2026-03-13 13:39:21.201000+00:00,6.2,24.0,-28.6929,-71.4786,0
us6000shlp,2026-03-20 00:22:04.661000+00:00,6.5,21.0,-61.1875,-56.4033,0
us6000shnl,2026-03-20 02:30:34.150000+00:00,6.1,21.0,-19.2794,168.3806,0
us6000si5l,2026-03-21 12:16:46.629000+00:00,6.6,10.0,23.8601,-45.7987,0
us6000sidb,2026-03-22 06:15:36.222000+00:00,6.2,14.0,-15.247,-172.9319,0
us6000sii0,2026-03-22 15:27:55.084000+00:00,6.2,10.0,-15.2757,-172.5991,0
us6000sii1,2026-03-22 15:30:36.570000+00:00,6.3,12.0,-15.3376,-172.652,0
us7000s789,2026-03-24 04:37:51.627000+00:00,7.5,234.0,-18.5387,-175.4763,0
us7000s7u4,2026-03-26 14:18:51.927000+00:00,6.5,16.0,39.4377,143.3826,0
us7000s8q0,2026-03-30 08:44:13.780000+00:00,7.3,120.628,-15.2865,167.5825,0
us7000s9cg,2026-04-01 11:20:27.264000+00:00,6.0,126.0,-7.0529,-76.2192,0
us6000slss,2026-04-01 22:48:13.063000+00:00,7.4,35.0,1.0931,126.2354,1
us6000slwy,2026-04-02 03:23:52.561000+00:00,6.3,28.0,1.1667,126.4787,0
us6000smj4,2026-04-04 10:34:28.266000+00:00,6.0,67.0,4.8733,126.1392,0
us6000sqjb,2026-04-16 13:30:03.496000+00:00,6.0,12.0,-32.1443,-178.3174,0
us6000sred,2026-04-19 17:34:47.284000+00:00,6.1,36.0,-15.2155,-173.4844,0
us6000sri7,2026-04-20 07:52:58.908000+00:00,7.4,25.0,39.971,143.0592,1
us7000sh0a,2026-04-20 07:56:49.716000+00:00,6.0,35.0,39.7683,143.1045,0
us7000si2z,2026-05-04 06:09:47.129000+00:00,6.0,43.0,11.7144,125.3316,0
aka2026jcufoy,2026-05-09 04:42:21.975000+00:00,6.1,16.3,50.981,179.214,0
us6000sxqf,2026-05-14 17:53:13.718000+00:00,6.2,137.0,-6.1497,130.3809,0
us6000sxwq,2026-05-15 11:22:01.646000+00:00,6.7,42.0,38.9352,142.1579,0
us6000sy84,2026-05-16 14:50:05.533000+00:00,6.0,47.0,17.4228,-61.2882,0
us6000sz1d,2026-05-20 17:43:01.865000+00:00,6.6,10.0,-55.9978,-122.2979,0
us6000t04s,2026-05-25 21:52:20.140000+00:00,6.9,109.0,-22.3667,-68.6013,0
us7000snvr,2026-05-27 14:51:04.926000+00:00,6.0,10.0,-50.5072,139.4873,0
us7000snvt,2026-05-27 15:01:11.833000+00:00,6.0,10.0,-50.4061,139.2617,0
us7000spqc,2026-05-31 21:34:17.953000+00:00,6.0,25.0,-32.8292,-71.8897,0
us7000spxm,2026-06-01 22:12:36.092000+00:00,6.2,243.0,39.2548,15.7869,0
us7000sr7l,2026-06-07 10:41:56.538000+00:00,6.0,18.0,49.9805,157.2497,0
us7000srb1,2026-06-07 23:37:41.970000+00:00,7.8,56.991,5.5994,125.056,1
us7000srbe,2026-06-07 23:48:07.276000+00:00,6.1,44.674,5.4579,125.2171,0
us7000src3,2026-06-07 23:49:13.534000+00:00,6.0,35.0,5.6563,125.2554,0
us7000srcg,2026-06-08 00:55:12.546000+00:00,6.5,75.065,5.4747,125.2173,0
us7000srjx,2026-06-08 18:00:27.517000+00:00,6.1,26.0,22.791,-85.0919,0
us7000srxn,2026-06-10 00:44:20.778000+00:00,6.0,10.0,-49.6503,164.0868,0
us7000st1c,2026-06-15 09:18:36.924000+00:00,6.2,92.76,6.2033,126.8492,0
us7000st95,2026-06-16 03:27:44.276000+00:00,6.7,11.0,-1.1735,120.125,0
us7000stbz,2026-06-16 09:06:55.517000+00:00,6.3,10.0,37.888,95.4919,0
us7000stti,2026-06-17 18:56:57.971000+00:00,6.6,10.0,-0.5843,-20.048,0
us7000sui3,2026-06-19 06:52:32.241000+00:00,6.6,14.0,52.7969,160.6867,0
us6000t7zc,2026-06-24 22:04:31.806000+00:00,7.2,10.0,10.3713,-68.5564,1
us6000t7zp,2026-06-24 22:05:04.053000+00:00,7.5,10.0,10.5955,-67.2205,0
us6000t7zq,2026-06-24 22:30:12.962000+00:00,6.9,34.0,40.2563,142.1794,0
us6000t8ec,2026-06-26 11:34:41.463000+00:00,6.5,42.0,5.2867,125.0719,0
us6000t8pa,2026-06-27 13:34:52.204000+00:00,6.1,199.0,36.4428,70.7843,0
us6000t99j,2026-06-30 19:45:39.422000+00:00,6.0,10.0,24.8088,-108.8902,0
us6000t9ej,2026-07-01 12:08:29.154000+00:00,6.0,35.0,40.2085,142.4411,0
us6000t9r5,2026-07-03 02:31:27.674000+00:00,6.2,107.0,1.7826,127.4596,0
us6000t9sj,2026-07-03 04:04:48.166000+00:00,6.1,10.0,26.0711,125.7417,0
us7000szpb,2026-07-11 10:26:42.630000+00:00,6.4,26.0,-55.5349,-28.9109,0
us7000szzy,2026-07-13 08:53:27.219000+00:00,6.4,10.0,-3.2114,148.5991,0
us7000t01n,2026-07-13 14:45:49.568000+00:00,6.3,16.0,-22.8169,171.5829,0
us7000t0d0,2026-07-14 15:49:39.376000+00:00,6.2,47.842,5.3179,125.1758,0
us7000t1bu,2026-07-17 14:48:39.881000+00:00,7.3,22.0,14.571,-92.9624,1
us7000t1cc,2026-07-17 15:20:06.584000+00:00,6.4,10.0,14.203,-93.1389,0
us7000t37a,2026-07-24 21:37:51.634000+00:00,6.0,15.0,-13.9998,166.9736,0
us6000tgb9,2026-07-28 07:27:14.658000+00:00,6.8,8.0,32.6177,130.6601,0
us6000ti6x,2026-08-05 04:14:06.079000+00:00,6.3,10.0,5.1799,125.2798,0
us6000ti8i,2026-08-05 07:43:23.574000+00:00,6.3,190.0,-33.7178,179.4326,0
us6000tjl2,2026-08-10 12:34:28.009000+00:00,7.4,108.174,4.8836,-76.2182,0
us6000tk74,2026-08-12 11:47:12.188000+00:00,6.0,10.0,-60.2463,-29.03,0
us6000tkt2,2026-08-14 21:58:21.561000+00:00,7.8,10.0,-8.3358,121.3446,1
us6000tkuc,2026-08-14 22:28:37.743000+00:00,6.1,10.0,-8.2904,121.5625,0
us6000tkyk,2026-08-15 10:54:51.798000+00:00,6.9,175.0,2.9863,98.9853,0
us6000tl4w,2026-08-16 03:20:19.914000+00:00,6.1,146.0,-14.4979,167.2517,0
us6000tm81,2026-08-20 18:00:18.508000+00:00,6.7,99.0,-14.6324,-73.6403,0
us6000tmrw,2026-08-22 08:22:37.731000+00:00,6.2,10.0,-60.364,-47.6571,0
us6000tmz6,2026-08-23 13:44:53.389000+00:00,6.0,41.0,41.8495,142.802,0
us6000tn41,2026-08-24 14:10:17.347000+00:00,6.0,10.0,-6.6551,127.4245,0
us7000tdrv,2026-09-02 23:46:56.213000+00:00,6.2,111.0,-56.0727,-27.8507,0
us7000tdvt,2026-09-03 11:17:21.717000+00:00,6.3,21.0,52.1883,-169.3496,0
us7000tgrk,2026-09-11 21:23:55.907000+00:00,6.5,372.0,-4.9832,106.8742,0
us7000ti1p,2026-09-17 14:19:52.472000+00:00,6.5,98.0,52.9564,-171.5033,0
us7000tiqc,2026-09-20 09:17:35.624000+00:00,6.4,104.329,-5.9021,146.0922,0
us6000txpi,2026-09-25 21:23:03.309000+00:00,6.6,10.0,-21.2982,168.61,0
